codigo_dane,municipio,poblacion_perros_2025,poblacion_gatos_2025,poblacion_total_animales_2025,meta_80_total_animales,vacunados_caninos_archivo,vacunados_felinos_archivo,vacunados_total_archivo,avance_canino_pct,avance_felino_pct,avance_total_pct,brecha_meta_80,agresiones_2026,agresiones_total_archivo,agresiones_por_1000_animales,agresiones_canino,agresiones_felino,eventos_con_3_visitas,eventos_cumple_3_visitas_10_dias,cumplimiento_seguimiento_pct,cobertura_oficial_2025_pct,area_operativa
76020,ALCALÁ,2704,2066,4770,3816,0,0,0,0.0,0.0,0.0,3816,70,70,14.68,53,17,2,2,2.86,82.6,ARO NORTE CARTAGO
76036,ANDALUCÍA,2971,1839,4810,3848,0,0,0,0.0,0.0,0.0,3848,67,77,13.93,54,11,22,13,19.4,82.3,ARO CENTRO TULUA
76041,ANSERMANUEVO,2392,1574,3966,3173,0,0,0,0.0,0.0,0.0,3173,55,56,13.87,44,10,26,9,16.36,78.8,ARO NORTE CARTAGO
76054,ARGELIA,1198,575,1773,1419,0,0,0,0.0,0.0,0.0,1419,30,33,16.92,26,4,15,10,33.33,84.8,ARO NORTE CARTAGO
76100,BOLÍVAR,2114,1335,3449,2760,0,0,0,0.0,0.0,0.0,2760,31,33,8.99,28,3,0,0,0.0,87.0,ARO CENTRO TULUA
76111,GUADALAJARA DE BUGA,12829,6695,19524,15620,0,0,0,0.0,0.0,0.0,15620,0,0,0.0,0,0,0,0,0.0,14.8,SIN DATO
76113,BUGALAGRANDE,3086,1665,4751,3801,0,0,0,0.0,0.0,0.0,3801,59,62,12.42,55,4,0,0,0.0,77.4,ARO CENTRO TULUA
76122,CAICEDONIA,3914,2381,6295,5036,0,0,0,0.0,0.0,0.0,5036,132,139,20.97,114,18,1,0,0.0,73.0,ARO CENTRO TULUA
76126,CALIMA,1946,1097,3043,2435,0,0,0,0.0,0.0,0.0,2435,88,101,28.92,82,6,0,0,0.0,90.5,ARO CENTRO TULUA
76130,CANDELARIA,9973,5311,15284,12228,0,0,0,0.0,0.0,0.0,12228,0,0,0.0,0,0,0,0,0.0,80.6,SIN DATO
76147,CARTAGO,14352,8304,22656,18125,0,0,0,0.0,0.0,0.0,18125,0,0,0.0,0,0,0,0,0.0,68.8,SIN DATO
76233,DAGUA,6228,3959,10187,8150,592,421,1033,9.51,10.63,10.14,7117,166,202,16.3,151,13,0,0,0.0,77.9,ARO SUR CALI
76243,EL ÁGUILA,1308,1042,2350,1880,0,0,0,0.0,0.0,0.0,1880,19,21,8.09,18,1,10,7,36.84,81.8,ARO NORTE CARTAGO
76246,EL CAIRO,1221,772,1993,1595,0,0,0,0.0,0.0,0.0,1595,23,23,11.54,20,3,14,8,34.78,80.6,ARO NORTE CARTAGO
76248,EL CERRITO,8184,3998,12182,9746,0,0,0,0.0,0.0,0.0,9746,140,159,11.49,121,19,8,4,2.86,77.1,ARO SUR CALI
76250,EL DOVIO,1315,967,2282,1826,0,0,0,0.0,0.0,0.0,1826,20,24,8.76,15,5,2,2,10.0,84.1,ARO NORTE CARTAGO
76275,FLORIDA,8017,3763,11780,9424,0,0,0,0.0,0.0,0.0,9424,174,190,14.77,150,23,17,9,5.17,85.6,ARO SUR CALI
76306,GINEBRA,2655,1290,3945,3156,0,0,0,0.0,0.0,0.0,3156,81,92,20.53,67,13,4,1,1.23,68.7,ARO SUR CALI
76318,GUACARÍ,4830,3042,7872,6298,0,0,0,0.0,0.0,0.0,6298,107,119,13.59,89,17,6,3,2.8,94.9,ARO SUR CALI
76364,JAMUNDÍ,11635,4655,16290,13032,0,0,0,0.0,0.0,0.0,13032,0,0,0.0,0,0,0,0,0.0,70.0,SIN DATO
76377,LA CUMBRE,3135,1414,4549,3640,0,0,0,0.0,0.0,0.0,3640,69,79,15.17,59,10,0,0,0.0,75.8,ARO SUR CALI
76400,LA UNIÓN,4196,3228,7424,5940,0,0,0,0.0,0.0,0.0,5940,95,104,12.8,67,23,21,17,17.89,77.1,ARO NORTE CARTAGO
76403,LA VICTORIA,1633,1166,2799,2240,0,0,0,0.0,0.0,0.0,2240,43,44,15.36,41,0,6,3,6.98,98.9,ARO NORTE CARTAGO
76497,OBANDO,2123,1479,3602,2882,0,0,0,0.0,0.0,0.0,2882,32,36,8.88,28,2,7,6,18.75,81.2,ARO NORTE CARTAGO
76520,PALMIRA,28073,10556,38629,30904,0,0,0,0.0,0.0,0.0,30904,0,0,0.0,0,0,0,0,0.0,33.5,SIN DATO
76563,PRADERA,7575,3848,11423,9139,0,0,0,0.0,0.0,0.0,9139,120,151,10.51,100,20,1,1,0.83,70.4,ARO SUR CALI
76606,RESTREPO,3143,1471,4614,3692,0,0,0,0.0,0.0,0.0,3692,104,108,22.54,94,10,1,1,0.96,81.6,ARO CENTRO TULUA
76616,RIOFRÍO,2191,1386,3577,2862,0,0,0,0.0,0.0,0.0,2862,62,69,17.33,48,12,24,8,12.9,86.9,ARO CENTRO TULUA
76622,ROLDANILLO,3854,2455,6309,5048,0,0,0,0.0,0.0,0.0,5048,128,159,20.29,95,32,0,0,0.0,89.8,ARO NORTE CARTAGO
76670,SAN PEDRO,2672,1258,3930,3144,0,0,0,0.0,0.0,0.0,3144,37,38,9.41,32,4,0,0,0.0,82.1,ARO CENTRO TULUA
76736,SEVILLA,5633,2831,8464,6772,0,0,0,0.0,0.0,0.0,6772,130,139,15.36,107,21,0,0,0.0,80.5,ARO CENTRO TULUA
76823,TORO,1869,1592,3461,2769,0,0,0,0.0,0.0,0.0,2769,48,51,13.87,40,6,3,1,2.08,79.7,ARO NORTE CARTAGO
76828,TRUJILLO,2264,1293,3557,2846,0,0,0,0.0,0.0,0.0,2846,51,58,14.34,43,7,0,0,0.0,97.8,ARO CENTRO TULUA
76834,TULUÁ,27456,16819,44275,35420,0,0,0,0.0,0.0,0.0,35420,0,0,0.0,0,0,0,0,0.0,36.0,SIN DATO
76845,ULLOA,1047,665,1712,1370,0,0,0,0.0,0.0,0.0,1370,17,17,9.93,17,0,0,0,0.0,95.4,ARO NORTE CARTAGO
76863,VERSALLES,1131,813,1944,1556,0,0,0,0.0,0.0,0.0,1556,23,32,11.83,19,4,0,0,0.0,90.3,ARO NORTE CARTAGO
76869,VIJES,1468,837,2305,1844,0,0,0,0.0,0.0,0.0,1844,21,25,9.11,11,9,2,1,4.76,92.6,ARO SUR CALI
76890,YOTOCO,3561,1513,5074,4060,0,0,0,0.0,0.0,0.0,4060,71,72,13.99,59,11,0,0,0.0,72.5,ARO CENTRO TULUA
76892,YUMBO,12881,7619,20500,16400,0,0,0,0.0,0.0,0.0,16400,0,0,0.0,0,0,0,0,0.0,79.2,SIN DATO
76895,ZARZAL,4797,3053,7850,6280,0,0,0,0.0,0.0,0.0,6280,152,155,19.36,113,36,4,1,0.66,77.0,ARO CENTRO TULUA
