anio,mes,codigo_dane,municipio,especie,sexo,condicion,esterilizado,grupo_edad,vacuna,lote,area_operativa,vacunaciones
2026,6,76233,DAGUA,CANINO,HEMBRA,PRIMERA VEZ,NO,1 A 2 AÑOS,RABICAN,RAC261,ARO SUR CALI,15
2026,6,76233,DAGUA,CANINO,HEMBRA,PRIMERA VEZ,NO,1 A 2 AÑOS,RABICAN,RAC263,ARO SUR CALI,4
2026,6,76233,DAGUA,CANINO,HEMBRA,PRIMERA VEZ,NO,11 AÑOS O MÁS,RABICAN,RAC261,ARO SUR CALI,3
2026,6,76233,DAGUA,CANINO,HEMBRA,PRIMERA VEZ,NO,3 A 6 AÑOS,RABICAN,RAC261,ARO SUR CALI,11
2026,6,76233,DAGUA,CANINO,HEMBRA,PRIMERA VEZ,NO,3 A 6 AÑOS,RABICAN,RAC262,ARO SUR CALI,1
2026,6,76233,DAGUA,CANINO,HEMBRA,PRIMERA VEZ,NO,3 A 6 AÑOS,RABICAN,RAC263,ARO SUR CALI,3
2026,6,76233,DAGUA,CANINO,HEMBRA,PRIMERA VEZ,NO,3 A 6 AÑOS,RABICAN,RAC265,ARO SUR CALI,1
2026,6,76233,DAGUA,CANINO,HEMBRA,PRIMERA VEZ,NO,7 A 10 AÑOS,RABICAN,RAC261,ARO SUR CALI,4
2026,6,76233,DAGUA,CANINO,HEMBRA,PRIMERA VEZ,NO,7 A 10 AÑOS,RABICAN,RAC263,ARO SUR CALI,2
2026,6,76233,DAGUA,CANINO,HEMBRA,PRIMERA VEZ,NO,MENOR DE 1 AÑO,RABICAN,RAC261,ARO SUR CALI,26
2026,6,76233,DAGUA,CANINO,HEMBRA,PRIMERA VEZ,NO,MENOR DE 1 AÑO,RABICAN,RAC263,ARO SUR CALI,3
2026,6,76233,DAGUA,CANINO,HEMBRA,PRIMERA VEZ,NO,MENOR DE 1 AÑO,RABICAN,RAC265,ARO SUR CALI,1
2026,6,76233,DAGUA,CANINO,HEMBRA,PRIMERA VEZ,SI,1 A 2 AÑOS,RABICAN,RAC261,ARO SUR CALI,4
2026,6,76233,DAGUA,CANINO,HEMBRA,PRIMERA VEZ,SI,1 A 2 AÑOS,RABICAN,RAC263,ARO SUR CALI,1
2026,6,76233,DAGUA,CANINO,HEMBRA,PRIMERA VEZ,SI,1 A 2 AÑOS,RABICAN,RAC265,ARO SUR CALI,2
2026,6,76233,DAGUA,CANINO,HEMBRA,PRIMERA VEZ,SI,3 A 6 AÑOS,RABICAN,RAC261,ARO SUR CALI,3
2026,6,76233,DAGUA,CANINO,HEMBRA,PRIMERA VEZ,SI,3 A 6 AÑOS,RABICAN,RAC263,ARO SUR CALI,2
2026,6,76233,DAGUA,CANINO,HEMBRA,PRIMERA VEZ,SI,3 A 6 AÑOS,RABICAN,RAC265,ARO SUR CALI,1
2026,6,76233,DAGUA,CANINO,HEMBRA,PRIMERA VEZ,SI,7 A 10 AÑOS,RABICAN,RAC263,ARO SUR CALI,2
2026,6,76233,DAGUA,CANINO,HEMBRA,PRIMERA VEZ,SI,7 A 10 AÑOS,RABICAN,RAC265,ARO SUR CALI,1
2026,6,76233,DAGUA,CANINO,HEMBRA,REVACUNADO,NO,1 A 2 AÑOS,RABICAN,RAC261,ARO SUR CALI,12
2026,6,76233,DAGUA,CANINO,HEMBRA,REVACUNADO,NO,1 A 2 AÑOS,RABICAN,RAC263,ARO SUR CALI,4
2026,6,76233,DAGUA,CANINO,HEMBRA,REVACUNADO,NO,1 A 2 AÑOS,RABICAN,RAC265,ARO SUR CALI,1
2026,6,76233,DAGUA,CANINO,HEMBRA,REVACUNADO,NO,11 AÑOS O MÁS,RABICAN,RAC261,ARO SUR CALI,2
2026,6,76233,DAGUA,CANINO,HEMBRA,REVACUNADO,NO,11 AÑOS O MÁS,RABICAN,RAC263,ARO SUR CALI,4
2026,6,76233,DAGUA,CANINO,HEMBRA,REVACUNADO,NO,3 A 6 AÑOS,RABICAN,RAC261,ARO SUR CALI,30
2026,6,76233,DAGUA,CANINO,HEMBRA,REVACUNADO,NO,3 A 6 AÑOS,RABICAN,RAC263,ARO SUR CALI,15
2026,6,76233,DAGUA,CANINO,HEMBRA,REVACUNADO,NO,3 A 6 AÑOS,RABICAN,RAC264,ARO SUR CALI,2
2026,6,76233,DAGUA,CANINO,HEMBRA,REVACUNADO,NO,3 A 6 AÑOS,RABICAN,RAC265,ARO SUR CALI,7
2026,6,76233,DAGUA,CANINO,HEMBRA,REVACUNADO,NO,7 A 10 AÑOS,RABICAN,RAC261,ARO SUR CALI,12
2026,6,76233,DAGUA,CANINO,HEMBRA,REVACUNADO,NO,7 A 10 AÑOS,RABICAN,RAC265,ARO SUR CALI,2
2026,6,76233,DAGUA,CANINO,HEMBRA,REVACUNADO,SI,1 A 2 AÑOS,RABICAN,RAC261,ARO SUR CALI,5
2026,6,76233,DAGUA,CANINO,HEMBRA,REVACUNADO,SI,1 A 2 AÑOS,RABICAN,RAC263,ARO SUR CALI,2
2026,6,76233,DAGUA,CANINO,HEMBRA,REVACUNADO,SI,1 A 2 AÑOS,RABICAN,RAC265,ARO SUR CALI,5
2026,6,76233,DAGUA,CANINO,HEMBRA,REVACUNADO,SI,11 AÑOS O MÁS,RABICAN,RAC261,ARO SUR CALI,6
2026,6,76233,DAGUA,CANINO,HEMBRA,REVACUNADO,SI,11 AÑOS O MÁS,RABICAN,RAC263,ARO SUR CALI,3
2026,6,76233,DAGUA,CANINO,HEMBRA,REVACUNADO,SI,3 A 6 AÑOS,RABICAN,RAC261,ARO SUR CALI,37
2026,6,76233,DAGUA,CANINO,HEMBRA,REVACUNADO,SI,3 A 6 AÑOS,RABICAN,RAC263,ARO SUR CALI,8
2026,6,76233,DAGUA,CANINO,HEMBRA,REVACUNADO,SI,3 A 6 AÑOS,RABICAN,RAC265,ARO SUR CALI,12
2026,6,76233,DAGUA,CANINO,HEMBRA,REVACUNADO,SI,7 A 10 AÑOS,RABICAN,RAC261,ARO SUR CALI,14
2026,6,76233,DAGUA,CANINO,HEMBRA,REVACUNADO,SI,7 A 10 AÑOS,RABICAN,RAC263,ARO SUR CALI,1
2026,6,76233,DAGUA,CANINO,HEMBRA,REVACUNADO,SI,7 A 10 AÑOS,RABICAN,RAC265,ARO SUR CALI,5
2026,6,76233,DAGUA,CANINO,HEMBRA,REVACUNADO,SI,MENOR DE 1 AÑO,RABICAN,RAC261,ARO SUR CALI,1
2026,6,76233,DAGUA,CANINO,MACHO,PRIMERA VEZ,NO,1 A 2 AÑOS,RABICAN,RAC261,ARO SUR CALI,18
2026,6,76233,DAGUA,CANINO,MACHO,PRIMERA VEZ,NO,1 A 2 AÑOS,RABICAN,RAC263,ARO SUR CALI,2
2026,6,76233,DAGUA,CANINO,MACHO,PRIMERA VEZ,NO,11 AÑOS O MÁS,RABICAN,RAC261,ARO SUR CALI,3
2026,6,76233,DAGUA,CANINO,MACHO,PRIMERA VEZ,NO,11 AÑOS O MÁS,RABICAN,RAC263,ARO SUR CALI,1
2026,6,76233,DAGUA,CANINO,MACHO,PRIMERA VEZ,NO,3 A 6 AÑOS,RABICAN,RAC261,ARO SUR CALI,11
2026,6,76233,DAGUA,CANINO,MACHO,PRIMERA VEZ,NO,3 A 6 AÑOS,RABICAN,RAC263,ARO SUR CALI,5
2026,6,76233,DAGUA,CANINO,MACHO,PRIMERA VEZ,NO,3 A 6 AÑOS,RABICAN,RAC265,ARO SUR CALI,1
2026,6,76233,DAGUA,CANINO,MACHO,PRIMERA VEZ,NO,7 A 10 AÑOS,RABICAN,RAC261,ARO SUR CALI,9
2026,6,76233,DAGUA,CANINO,MACHO,PRIMERA VEZ,NO,7 A 10 AÑOS,RABICAN,RAC263,ARO SUR CALI,3
2026,6,76233,DAGUA,CANINO,MACHO,PRIMERA VEZ,NO,MENOR DE 1 AÑO,RABICAN,RAC261,ARO SUR CALI,15
2026,6,76233,DAGUA,CANINO,MACHO,PRIMERA VEZ,NO,MENOR DE 1 AÑO,RABICAN,RAC263,ARO SUR CALI,1
2026,6,76233,DAGUA,CANINO,MACHO,PRIMERA VEZ,NO,MENOR DE 1 AÑO,RABICAN,RAC265,ARO SUR CALI,1
2026,6,76233,DAGUA,CANINO,MACHO,PRIMERA VEZ,SI,1 A 2 AÑOS,RABICAN,RAC261,ARO SUR CALI,3
2026,6,76233,DAGUA,CANINO,MACHO,PRIMERA VEZ,SI,1 A 2 AÑOS,RABICAN,RAC265,ARO SUR CALI,2
2026,6,76233,DAGUA,CANINO,MACHO,PRIMERA VEZ,SI,3 A 6 AÑOS,RABICAN,RAC263,ARO SUR CALI,2
2026,6,76233,DAGUA,CANINO,MACHO,PRIMERA VEZ,SI,3 A 6 AÑOS,RABICAN,RAC265,ARO SUR CALI,1
2026,6,76233,DAGUA,CANINO,MACHO,PRIMERA VEZ,SI,7 A 10 AÑOS,RABICAN,RAC265,ARO SUR CALI,2
2026,6,76233,DAGUA,CANINO,MACHO,PRIMERA VEZ,SI,MENOR DE 1 AÑO,RABICAN,RAC263,ARO SUR CALI,1
2026,6,76233,DAGUA,CANINO,MACHO,REVACUNADO,NO,1 A 2 AÑOS,RABICAN,RAC261,ARO SUR CALI,25
2026,6,76233,DAGUA,CANINO,MACHO,REVACUNADO,NO,1 A 2 AÑOS,RABICAN,RAC263,ARO SUR CALI,2
2026,6,76233,DAGUA,CANINO,MACHO,REVACUNADO,NO,1 A 2 AÑOS,RABICAN,RAC265,ARO SUR CALI,1
2026,6,76233,DAGUA,CANINO,MACHO,REVACUNADO,NO,11 AÑOS O MÁS,RABICAN,RAC261,ARO SUR CALI,2
2026,6,76233,DAGUA,CANINO,MACHO,REVACUNADO,NO,11 AÑOS O MÁS,RABICAN,RAC263,ARO SUR CALI,3
2026,6,76233,DAGUA,CANINO,MACHO,REVACUNADO,NO,3 A 6 AÑOS,RABICAN,RAC261,ARO SUR CALI,62
2026,6,76233,DAGUA,CANINO,MACHO,REVACUNADO,NO,3 A 6 AÑOS,RABICAN,RAC263,ARO SUR CALI,7
2026,6,76233,DAGUA,CANINO,MACHO,REVACUNADO,NO,3 A 6 AÑOS,RABICAN,RAC264,ARO SUR CALI,3
2026,6,76233,DAGUA,CANINO,MACHO,REVACUNADO,NO,3 A 6 AÑOS,RABICAN,RAC273,ARO SUR CALI,1
2026,6,76233,DAGUA,CANINO,MACHO,REVACUNADO,NO,7 A 10 AÑOS,RABICAN,RAC261,ARO SUR CALI,25
2026,6,76233,DAGUA,CANINO,MACHO,REVACUNADO,NO,7 A 10 AÑOS,RABICAN,RAC263,ARO SUR CALI,6
2026,6,76233,DAGUA,CANINO,MACHO,REVACUNADO,NO,7 A 10 AÑOS,RABICAN,RAC265,ARO SUR CALI,3
2026,6,76233,DAGUA,CANINO,MACHO,REVACUNADO,NO,MENOR DE 1 AÑO,RABICAN,RAC261,ARO SUR CALI,1
2026,6,76233,DAGUA,CANINO,MACHO,REVACUNADO,SI,1 A 2 AÑOS,RABICAN,RAC261,ARO SUR CALI,8
2026,6,76233,DAGUA,CANINO,MACHO,REVACUNADO,SI,1 A 2 AÑOS,RABICAN,RAC263,ARO SUR CALI,1
2026,6,76233,DAGUA,CANINO,MACHO,REVACUNADO,SI,1 A 2 AÑOS,RABICAN,RAC264,ARO SUR CALI,1
2026,6,76233,DAGUA,CANINO,MACHO,REVACUNADO,SI,1 A 2 AÑOS,RABICAN,RAC265,ARO SUR CALI,2
2026,6,76233,DAGUA,CANINO,MACHO,REVACUNADO,SI,11 AÑOS O MÁS,RABICAN,RAC261,ARO SUR CALI,3
2026,6,76233,DAGUA,CANINO,MACHO,REVACUNADO,SI,11 AÑOS O MÁS,RABICAN,RAC265,ARO SUR CALI,1
2026,6,76233,DAGUA,CANINO,MACHO,REVACUNADO,SI,3 A 6 AÑOS,RABICAN,RAC261,ARO SUR CALI,28
2026,6,76233,DAGUA,CANINO,MACHO,REVACUNADO,SI,3 A 6 AÑOS,RABICAN,RAC263,ARO SUR CALI,3
2026,6,76233,DAGUA,CANINO,MACHO,REVACUNADO,SI,3 A 6 AÑOS,RABICAN,RAC264,ARO SUR CALI,1
2026,6,76233,DAGUA,CANINO,MACHO,REVACUNADO,SI,3 A 6 AÑOS,RABICAN,RAC265,ARO SUR CALI,18
2026,6,76233,DAGUA,CANINO,MACHO,REVACUNADO,SI,7 A 10 AÑOS,RABICAN,RAC261,ARO SUR CALI,14
2026,6,76233,DAGUA,CANINO,MACHO,REVACUNADO,SI,7 A 10 AÑOS,RABICAN,RAC263,ARO SUR CALI,6
2026,6,76233,DAGUA,CANINO,MACHO,REVACUNADO,SI,7 A 10 AÑOS,RABICAN,RAC265,ARO SUR CALI,4
2026,6,76233,DAGUA,FELINO,HEMBRA,PRIMERA VEZ,NO,1 A 2 AÑOS,RABICAN,RAC261,ARO SUR CALI,16
2026,6,76233,DAGUA,FELINO,HEMBRA,PRIMERA VEZ,NO,1 A 2 AÑOS,RABICAN,RAC263,ARO SUR CALI,3
2026,6,76233,DAGUA,FELINO,HEMBRA,PRIMERA VEZ,NO,11 AÑOS O MÁS,RABICAN,RAC261,ARO SUR CALI,18
2026,6,76233,DAGUA,FELINO,HEMBRA,PRIMERA VEZ,NO,11 AÑOS O MÁS,RABICAN,RAC263,ARO SUR CALI,1
2026,6,76233,DAGUA,FELINO,HEMBRA,PRIMERA VEZ,NO,3 A 6 AÑOS,RABICAN,RAC261,ARO SUR CALI,35
2026,6,76233,DAGUA,FELINO,HEMBRA,PRIMERA VEZ,NO,3 A 6 AÑOS,RABICAN,RAC262,ARO SUR CALI,1
2026,6,76233,DAGUA,FELINO,HEMBRA,PRIMERA VEZ,NO,3 A 6 AÑOS,RABICAN,RAC263,ARO SUR CALI,2
2026,6,76233,DAGUA,FELINO,HEMBRA,PRIMERA VEZ,NO,3 A 6 AÑOS,RABICAN,RAC561,ARO SUR CALI,1
2026,6,76233,DAGUA,FELINO,HEMBRA,PRIMERA VEZ,NO,7 A 10 AÑOS,RABICAN,RAC261,ARO SUR CALI,22
2026,6,76233,DAGUA,FELINO,HEMBRA,PRIMERA VEZ,NO,MENOR DE 1 AÑO,RABICAN,RAC261,ARO SUR CALI,21
2026,6,76233,DAGUA,FELINO,HEMBRA,PRIMERA VEZ,NO,MENOR DE 1 AÑO,RABICAN,RAC263,ARO SUR CALI,7
2026,6,76233,DAGUA,FELINO,HEMBRA,PRIMERA VEZ,SI,1 A 2 AÑOS,RABICAN,RAC261,ARO SUR CALI,9
2026,6,76233,DAGUA,FELINO,HEMBRA,PRIMERA VEZ,SI,1 A 2 AÑOS,RABICAN,RAC263,ARO SUR CALI,1
2026,6,76233,DAGUA,FELINO,HEMBRA,PRIMERA VEZ,SI,3 A 6 AÑOS,RABICAN,RAC261,ARO SUR CALI,3
2026,6,76233,DAGUA,FELINO,HEMBRA,PRIMERA VEZ,SI,3 A 6 AÑOS,RABICAN,RAC265,ARO SUR CALI,1
2026,6,76233,DAGUA,FELINO,HEMBRA,PRIMERA VEZ,SI,7 A 10 AÑOS,RABICAN,RAC261,ARO SUR CALI,1
2026,6,76233,DAGUA,FELINO,HEMBRA,PRIMERA VEZ,SI,MENOR DE 1 AÑO,RABICAN,RAC261,ARO SUR CALI,2
2026,6,76233,DAGUA,FELINO,HEMBRA,REVACUNADO,NO,1 A 2 AÑOS,RABICAN,RAC261,ARO SUR CALI,9
2026,6,76233,DAGUA,FELINO,HEMBRA,REVACUNADO,NO,1 A 2 AÑOS,RABICAN,RAC263,ARO SUR CALI,1
2026,6,76233,DAGUA,FELINO,HEMBRA,REVACUNADO,NO,1 A 2 AÑOS,RABICAN,RAC265,ARO SUR CALI,1
2026,6,76233,DAGUA,FELINO,HEMBRA,REVACUNADO,NO,11 AÑOS O MÁS,RABICAN,RAC261,ARO SUR CALI,1
2026,6,76233,DAGUA,FELINO,HEMBRA,REVACUNADO,NO,11 AÑOS O MÁS,RABICAN,RAC263,ARO SUR CALI,1
2026,6,76233,DAGUA,FELINO,HEMBRA,REVACUNADO,NO,3 A 6 AÑOS,RABICAN,RAC261,ARO SUR CALI,7
2026,6,76233,DAGUA,FELINO,HEMBRA,REVACUNADO,NO,3 A 6 AÑOS,RABICAN,RAC263,ARO SUR CALI,1
2026,6,76233,DAGUA,FELINO,HEMBRA,REVACUNADO,NO,3 A 6 AÑOS,RABICAN,RAC264,ARO SUR CALI,1
2026,6,76233,DAGUA,FELINO,HEMBRA,REVACUNADO,NO,3 A 6 AÑOS,RABICAN,RAC265,ARO SUR CALI,1
2026,6,76233,DAGUA,FELINO,HEMBRA,REVACUNADO,NO,7 A 10 AÑOS,RABICAN,RAC261,ARO SUR CALI,2
2026,6,76233,DAGUA,FELINO,HEMBRA,REVACUNADO,NO,7 A 10 AÑOS,RABICAN,RAC263,ARO SUR CALI,1
2026,6,76233,DAGUA,FELINO,HEMBRA,REVACUNADO,NO,7 A 10 AÑOS,RABICAN,RAC265,ARO SUR CALI,2
2026,6,76233,DAGUA,FELINO,HEMBRA,REVACUNADO,NO,MENOR DE 1 AÑO,RABICAN,RAC261,ARO SUR CALI,1
2026,6,76233,DAGUA,FELINO,HEMBRA,REVACUNADO,SI,1 A 2 AÑOS,RABICAN,RAC261,ARO SUR CALI,7
2026,6,76233,DAGUA,FELINO,HEMBRA,REVACUNADO,SI,1 A 2 AÑOS,RABICAN,RAC265,ARO SUR CALI,2
2026,6,76233,DAGUA,FELINO,HEMBRA,REVACUNADO,SI,11 AÑOS O MÁS,RABICAN,RAC261,ARO SUR CALI,1
2026,6,76233,DAGUA,FELINO,HEMBRA,REVACUNADO,SI,3 A 6 AÑOS,RABICAN,RAC261,ARO SUR CALI,23
2026,6,76233,DAGUA,FELINO,HEMBRA,REVACUNADO,SI,3 A 6 AÑOS,RABICAN,RAC263,ARO SUR CALI,2
2026,6,76233,DAGUA,FELINO,HEMBRA,REVACUNADO,SI,3 A 6 AÑOS,RABICAN,RAC264,ARO SUR CALI,1
2026,6,76233,DAGUA,FELINO,HEMBRA,REVACUNADO,SI,3 A 6 AÑOS,RABICAN,RAC265,ARO SUR CALI,2
2026,6,76233,DAGUA,FELINO,HEMBRA,REVACUNADO,SI,7 A 10 AÑOS,RABICAN,RAC261,ARO SUR CALI,5
2026,6,76233,DAGUA,FELINO,HEMBRA,REVACUNADO,SI,7 A 10 AÑOS,RABICAN,RAC263,ARO SUR CALI,4
2026,6,76233,DAGUA,FELINO,HEMBRA,REVACUNADO,SI,7 A 10 AÑOS,RABICAN,RAC265,ARO SUR CALI,4
2026,6,76233,DAGUA,FELINO,HEMBRA,REVACUNADO,SI,MENOR DE 1 AÑO,RABICAN,RAC261,ARO SUR CALI,1
2026,6,76233,DAGUA,FELINO,MACHO,PRIMERA VEZ,NO,1 A 2 AÑOS,RABICAN,RAC261,ARO SUR CALI,23
2026,6,76233,DAGUA,FELINO,MACHO,PRIMERA VEZ,NO,1 A 2 AÑOS,RABICAN,RAC263,ARO SUR CALI,2
2026,6,76233,DAGUA,FELINO,MACHO,PRIMERA VEZ,NO,11 AÑOS O MÁS,RABICAN,RAC261,ARO SUR CALI,3
2026,6,76233,DAGUA,FELINO,MACHO,PRIMERA VEZ,NO,3 A 6 AÑOS,RABICAN,RAC261,ARO SUR CALI,28
2026,6,76233,DAGUA,FELINO,MACHO,PRIMERA VEZ,NO,3 A 6 AÑOS,RABICAN,RAC263,ARO SUR CALI,3
2026,6,76233,DAGUA,FELINO,MACHO,PRIMERA VEZ,NO,7 A 10 AÑOS,RABICAN,RAC261,ARO SUR CALI,18
2026,6,76233,DAGUA,FELINO,MACHO,PRIMERA VEZ,NO,MENOR DE 1 AÑO,RABICAN,RAC261,ARO SUR CALI,33
2026,6,76233,DAGUA,FELINO,MACHO,PRIMERA VEZ,NO,MENOR DE 1 AÑO,RABICAN,RAC263,ARO SUR CALI,7
2026,6,76233,DAGUA,FELINO,MACHO,PRIMERA VEZ,SI,1 A 2 AÑOS,RABICAN,RAC261,ARO SUR CALI,3
2026,6,76233,DAGUA,FELINO,MACHO,PRIMERA VEZ,SI,3 A 6 AÑOS,RABICAN,RAC261,ARO SUR CALI,1
2026,6,76233,DAGUA,FELINO,MACHO,PRIMERA VEZ,SI,3 A 6 AÑOS,RABICAN,RAC265,ARO SUR CALI,3
2026,6,76233,DAGUA,FELINO,MACHO,PRIMERA VEZ,SI,7 A 10 AÑOS,RABICAN,RAC265,ARO SUR CALI,1
2026,6,76233,DAGUA,FELINO,MACHO,PRIMERA VEZ,SI,MENOR DE 1 AÑO,RABICAN,RAC261,ARO SUR CALI,1
2026,6,76233,DAGUA,FELINO,MACHO,REVACUNADO,NO,1 A 2 AÑOS,RABICAN,RAC261,ARO SUR CALI,11
2026,6,76233,DAGUA,FELINO,MACHO,REVACUNADO,NO,11 AÑOS O MÁS,RABICAN,RAC261,ARO SUR CALI,2
2026,6,76233,DAGUA,FELINO,MACHO,REVACUNADO,NO,3 A 6 AÑOS,RABICAN,RAC261,ARO SUR CALI,10
2026,6,76233,DAGUA,FELINO,MACHO,REVACUNADO,NO,3 A 6 AÑOS,RABICAN,RAC263,ARO SUR CALI,1
2026,6,76233,DAGUA,FELINO,MACHO,REVACUNADO,NO,3 A 6 AÑOS,RABICAN,RAC265,ARO SUR CALI,5
2026,6,76233,DAGUA,FELINO,MACHO,REVACUNADO,NO,7 A 10 AÑOS,RABICAN,RAC261,ARO SUR CALI,3
2026,6,76233,DAGUA,FELINO,MACHO,REVACUNADO,NO,7 A 10 AÑOS,RABICAN,RAC263,ARO SUR CALI,1
2026,6,76233,DAGUA,FELINO,MACHO,REVACUNADO,NO,MENOR DE 1 AÑO,RABICAN,RAC261,ARO SUR CALI,1
2026,6,76233,DAGUA,FELINO,MACHO,REVACUNADO,SI,1 A 2 AÑOS,RABICAN,RAC261,ARO SUR CALI,7
2026,6,76233,DAGUA,FELINO,MACHO,REVACUNADO,SI,1 A 2 AÑOS,RABICAN,RAC263,ARO SUR CALI,3
2026,6,76233,DAGUA,FELINO,MACHO,REVACUNADO,SI,1 A 2 AÑOS,RABICAN,RAC265,ARO SUR CALI,1
2026,6,76233,DAGUA,FELINO,MACHO,REVACUNADO,SI,11 AÑOS O MÁS,RABICAN,RAC261,ARO SUR CALI,1
2026,6,76233,DAGUA,FELINO,MACHO,REVACUNADO,SI,3 A 6 AÑOS,RABICAN,RAC261,ARO SUR CALI,18
2026,6,76233,DAGUA,FELINO,MACHO,REVACUNADO,SI,3 A 6 AÑOS,RABICAN,RAC263,ARO SUR CALI,1
2026,6,76233,DAGUA,FELINO,MACHO,REVACUNADO,SI,3 A 6 AÑOS,RABICAN,RAC265,ARO SUR CALI,2
2026,6,76233,DAGUA,FELINO,MACHO,REVACUNADO,SI,7 A 10 AÑOS,RABICAN,RAC261,ARO SUR CALI,2
2026,6,76233,DAGUA,FELINO,MACHO,REVACUNADO,SI,7 A 10 AÑOS,RABICAN,RAC263,ARO SUR CALI,1
2026,6,76233,DAGUA,SIN DATO,SIN DATO,SIN DATO,SIN DATO,SIN DATO,SIN DATO,SIN DATO,ARO SUR CALI,20
