anio,mes,codigo_dane,municipio,area_operativa,latitud,longitud,fecha,especie,condicion,vacuna,lote,vacunaciones
2026,6,76233,DAGUA,ARO SUR CALI,3.52296,-76.62015,2026-06-26,CANINO,REVACUNADO,RABICAN,RAC261,1
2026,6,76233,DAGUA,ARO SUR CALI,3.54509,-76.61654,2026-06-19,CANINO,PRIMERA VEZ,RABICAN,RAC261,2
2026,6,76233,DAGUA,ARO SUR CALI,3.54509,-76.61654,2026-06-19,CANINO,REVACUNADO,RABICAN,RAC261,1
2026,6,76233,DAGUA,ARO SUR CALI,3.55248,-76.6492,2026-06-26,CANINO,PRIMERA VEZ,RABICAN,RAC261,3
2026,6,76233,DAGUA,ARO SUR CALI,3.55248,-76.6492,2026-06-26,CANINO,REVACUNADO,RABICAN,RAC261,2
2026,6,76233,DAGUA,ARO SUR CALI,3.55248,-76.6492,2026-06-26,FELINO,PRIMERA VEZ,RABICAN,RAC261,3
2026,6,76233,DAGUA,ARO SUR CALI,3.55584,-76.63496,2026-06-04,FELINO,REVACUNADO,RABICAN,RAC261,1
2026,6,76233,DAGUA,ARO SUR CALI,3.55615,-76.63481,2026-06-04,CANINO,REVACUNADO,RABICAN,RAC261,1
2026,6,76233,DAGUA,ARO SUR CALI,3.55649,-76.63512,2026-06-04,CANINO,REVACUNADO,RABICAN,RAC261,1
2026,6,76233,DAGUA,ARO SUR CALI,3.55847,-76.63783,2026-06-26,CANINO,REVACUNADO,RABICAN,RAC261,1
2026,6,76233,DAGUA,ARO SUR CALI,3.55854,-76.6299,2026-06-10,CANINO,REVACUNADO,RABICAN,RAC265,1
2026,6,76233,DAGUA,ARO SUR CALI,3.55898,-76.63745,2026-06-26,CANINO,REVACUNADO,RABICAN,RAC261,3
2026,6,76233,DAGUA,ARO SUR CALI,3.55916,-76.62889,2026-06-10,CANINO,PRIMERA VEZ,RABICAN,RAC265,1
2026,6,76233,DAGUA,ARO SUR CALI,3.55936,-76.63132,2026-06-10,CANINO,PRIMERA VEZ,RABICAN,RAC265,1
2026,6,76233,DAGUA,ARO SUR CALI,3.55939,-76.62916,2026-06-10,CANINO,REVACUNADO,RABICAN,RAC265,1
2026,6,76233,DAGUA,ARO SUR CALI,3.55942,-76.62665,2026-06-10,CANINO,REVACUNADO,RABICAN,RAC265,2
2026,6,76233,DAGUA,ARO SUR CALI,3.55942,-76.62665,2026-06-10,FELINO,REVACUNADO,RABICAN,RAC265,1
2026,6,76233,DAGUA,ARO SUR CALI,3.55942,-76.62921,2026-06-10,CANINO,REVACUNADO,RABICAN,RAC265,1
2026,6,76233,DAGUA,ARO SUR CALI,3.55957,-76.63151,2026-06-10,CANINO,REVACUNADO,RABICAN,RAC265,2
2026,6,76233,DAGUA,ARO SUR CALI,3.55957,-76.63152,2026-06-10,FELINO,REVACUNADO,RABICAN,RAC265,1
2026,6,76233,DAGUA,ARO SUR CALI,3.55958,-76.63151,2026-06-10,CANINO,REVACUNADO,RABICAN,RAC265,1
2026,6,76233,DAGUA,ARO SUR CALI,3.5596,-76.62578,2026-06-10,FELINO,PRIMERA VEZ,RABICAN,RAC265,2
2026,6,76233,DAGUA,ARO SUR CALI,3.5596,-76.62578,2026-06-10,FELINO,REVACUNADO,RABICAN,RAC265,1
2026,6,76233,DAGUA,ARO SUR CALI,3.5596,-76.62579,2026-06-10,CANINO,PRIMERA VEZ,RABICAN,RAC265,1
2026,6,76233,DAGUA,ARO SUR CALI,3.5596,-76.62579,2026-06-10,CANINO,REVACUNADO,RABICAN,RAC265,1
2026,6,76233,DAGUA,ARO SUR CALI,3.5596,-76.62579,2026-06-10,FELINO,REVACUNADO,RABICAN,RAC265,2
2026,6,76233,DAGUA,ARO SUR CALI,3.55966,-76.62764,2026-06-10,CANINO,REVACUNADO,RABICAN,RAC265,1
2026,6,76233,DAGUA,ARO SUR CALI,3.55967,-76.62761,2026-06-10,CANINO,REVACUNADO,RABICAN,RAC265,1
2026,6,76233,DAGUA,ARO SUR CALI,3.55973,-76.62772,2026-06-10,CANINO,REVACUNADO,RABICAN,RAC265,4
2026,6,76233,DAGUA,ARO SUR CALI,3.55977,-76.63137,2026-06-10,CANINO,PRIMERA VEZ,RABICAN,RAC265,1
2026,6,76233,DAGUA,ARO SUR CALI,3.5598,-76.63096,2026-06-10,CANINO,REVACUNADO,RABICAN,RAC265,2
2026,6,76233,DAGUA,ARO SUR CALI,3.55985,-76.62739,2026-06-10,CANINO,REVACUNADO,RABICAN,RAC265,1
2026,6,76233,DAGUA,ARO SUR CALI,3.55989,-76.62835,2026-06-10,CANINO,REVACUNADO,RABICAN,RAC265,1
2026,6,76233,DAGUA,ARO SUR CALI,3.56,-76.62763,2026-06-10,CANINO,REVACUNADO,RABICAN,RAC265,1
2026,6,76233,DAGUA,ARO SUR CALI,3.56001,-76.63062,2026-06-10,FELINO,PRIMERA VEZ,RABICAN,RAC265,1
2026,6,76233,DAGUA,ARO SUR CALI,3.56001,-76.63062,2026-06-10,FELINO,REVACUNADO,RABICAN,RAC265,9
2026,6,76233,DAGUA,ARO SUR CALI,3.56005,-76.62758,2026-06-10,CANINO,REVACUNADO,RABICAN,RAC265,1
2026,6,76233,DAGUA,ARO SUR CALI,3.56005,-76.62773,2026-06-10,CANINO,PRIMERA VEZ,RABICAN,RAC265,1
2026,6,76233,DAGUA,ARO SUR CALI,3.56005,-76.62773,2026-06-10,CANINO,REVACUNADO,RABICAN,RAC265,1
2026,6,76233,DAGUA,ARO SUR CALI,3.56019,-76.62826,2026-06-10,CANINO,REVACUNADO,RABICAN,RAC265,1
2026,6,76233,DAGUA,ARO SUR CALI,3.56033,-76.6281,2026-06-10,CANINO,REVACUNADO,RABICAN,RAC265,1
2026,6,76233,DAGUA,ARO SUR CALI,3.56034,-76.62856,2026-06-10,CANINO,REVACUNADO,RABICAN,RAC265,1
2026,6,76233,DAGUA,ARO SUR CALI,3.56042,-76.6284,2026-06-10,CANINO,REVACUNADO,RABICAN,RAC265,3
2026,6,76233,DAGUA,ARO SUR CALI,3.56044,-76.6284,2026-06-10,CANINO,REVACUNADO,RABICAN,RAC265,1
2026,6,76233,DAGUA,ARO SUR CALI,3.56046,-76.62844,2026-06-10,CANINO,PRIMERA VEZ,RABICAN,RAC265,1
2026,6,76233,DAGUA,ARO SUR CALI,3.56046,-76.62844,2026-06-10,CANINO,REVACUNADO,RABICAN,RAC265,5
2026,6,76233,DAGUA,ARO SUR CALI,3.56051,-76.62846,2026-06-10,FELINO,REVACUNADO,RABICAN,RAC265,2
2026,6,76233,DAGUA,ARO SUR CALI,3.56052,-76.62826,2026-06-10,CANINO,REVACUNADO,RABICAN,RAC265,6
2026,6,76233,DAGUA,ARO SUR CALI,3.56054,-76.62955,2026-06-10,CANINO,REVACUNADO,RABICAN,RAC265,1
2026,6,76233,DAGUA,ARO SUR CALI,3.56056,-76.62987,2026-06-10,CANINO,REVACUNADO,RABICAN,RAC265,1
2026,6,76233,DAGUA,ARO SUR CALI,3.56056,-76.63041,2026-06-10,CANINO,REVACUNADO,RABICAN,RAC265,1
2026,6,76233,DAGUA,ARO SUR CALI,3.56057,-76.63041,2026-06-10,CANINO,REVACUNADO,RABICAN,RAC265,1
2026,6,76233,DAGUA,ARO SUR CALI,3.5606,-76.62975,2026-06-10,CANINO,REVACUNADO,RABICAN,RAC265,1
2026,6,76233,DAGUA,ARO SUR CALI,3.5606,-76.63042,2026-06-10,CANINO,REVACUNADO,RABICAN,RAC265,1
2026,6,76233,DAGUA,ARO SUR CALI,3.5607,-76.62824,2026-06-10,CANINO,REVACUNADO,RABICAN,RAC265,1
2026,6,76233,DAGUA,ARO SUR CALI,3.56077,-76.62855,2026-06-10,CANINO,PRIMERA VEZ,RABICAN,RAC265,1
2026,6,76233,DAGUA,ARO SUR CALI,3.56077,-76.62855,2026-06-10,CANINO,REVACUNADO,RABICAN,RAC265,1
2026,6,76233,DAGUA,ARO SUR CALI,3.56087,-76.62867,2026-06-10,CANINO,REVACUNADO,RABICAN,RAC265,1
2026,6,76233,DAGUA,ARO SUR CALI,3.56088,-76.62866,2026-06-10,CANINO,REVACUNADO,RABICAN,RAC265,2
2026,6,76233,DAGUA,ARO SUR CALI,3.56142,-76.62397,2026-06-10,CANINO,PRIMERA VEZ,RABICAN,RAC265,1
2026,6,76233,DAGUA,ARO SUR CALI,3.56142,-76.62397,2026-06-10,CANINO,REVACUNADO,RABICAN,RAC265,1
2026,6,76233,DAGUA,ARO SUR CALI,3.56147,-76.6245,2026-06-10,CANINO,REVACUNADO,RABICAN,RAC265,1
2026,6,76233,DAGUA,ARO SUR CALI,3.56148,-76.62442,2026-06-10,FELINO,REVACUNADO,RABICAN,RAC265,1
2026,6,76233,DAGUA,ARO SUR CALI,3.56148,-76.62449,2026-06-10,CANINO,REVACUNADO,RABICAN,RAC265,2
2026,6,76233,DAGUA,ARO SUR CALI,3.56148,-76.62449,2026-06-10,FELINO,REVACUNADO,RABICAN,RAC265,3
2026,6,76233,DAGUA,ARO SUR CALI,3.56148,-76.6245,2026-06-10,CANINO,PRIMERA VEZ,RABICAN,RAC265,2
2026,6,76233,DAGUA,ARO SUR CALI,3.56148,-76.6245,2026-06-10,CANINO,REVACUNADO,RABICAN,RAC265,3
2026,6,76233,DAGUA,ARO SUR CALI,3.56149,-76.62449,2026-06-10,CANINO,REVACUNADO,RABICAN,RAC265,1
2026,6,76233,DAGUA,ARO SUR CALI,3.56149,-76.62449,2026-06-10,FELINO,PRIMERA VEZ,RABICAN,RAC265,1
2026,6,76233,DAGUA,ARO SUR CALI,3.56204,-76.64018,2026-06-26,CANINO,REVACUNADO,RABICAN,RAC261,1
2026,6,76233,DAGUA,ARO SUR CALI,3.56204,-76.64027,2026-06-26,CANINO,PRIMERA VEZ,RABICAN,RAC261,3
2026,6,76233,DAGUA,ARO SUR CALI,3.56204,-76.64027,2026-06-26,CANINO,REVACUNADO,RABICAN,RAC261,5
2026,6,76233,DAGUA,ARO SUR CALI,3.56204,-76.64027,2026-06-26,FELINO,PRIMERA VEZ,RABICAN,RAC261,1
2026,6,76233,DAGUA,ARO SUR CALI,3.56258,-76.62622,2026-06-10,CANINO,PRIMERA VEZ,RABICAN,RAC265,1
2026,6,76233,DAGUA,ARO SUR CALI,3.56258,-76.62622,2026-06-10,CANINO,REVACUNADO,RABICAN,RAC265,2
2026,6,76233,DAGUA,ARO SUR CALI,3.56259,-76.62671,2026-06-10,CANINO,PRIMERA VEZ,RABICAN,RAC265,1
2026,6,76233,DAGUA,ARO SUR CALI,3.56259,-76.63243,2026-06-10,CANINO,PRIMERA VEZ,RABICAN,RAC265,1
2026,6,76233,DAGUA,ARO SUR CALI,3.56291,-76.63306,2026-06-10,FELINO,PRIMERA VEZ,RABICAN,RAC265,1
2026,6,76233,DAGUA,ARO SUR CALI,3.56575,-76.63784,2026-06-04,CANINO,PRIMERA VEZ,RABICAN,RAC261,1
2026,6,76233,DAGUA,ARO SUR CALI,3.56575,-76.63784,2026-06-04,CANINO,REVACUNADO,RABICAN,RAC261,2
2026,6,76233,DAGUA,ARO SUR CALI,3.56575,-76.63784,2026-06-04,FELINO,REVACUNADO,RABICAN,RAC261,1
2026,6,76233,DAGUA,ARO SUR CALI,3.56627,-76.63098,2026-06-04,CANINO,PRIMERA VEZ,RABICAN,RAC261,1
2026,6,76233,DAGUA,ARO SUR CALI,3.5663,-76.63297,2026-06-04,CANINO,REVACUNADO,RABICAN,RAC261,1
2026,6,76233,DAGUA,ARO SUR CALI,3.5663,-76.63307,2026-06-04,CANINO,REVACUNADO,RABICAN,RAC261,1
2026,6,76233,DAGUA,ARO SUR CALI,3.56688,-76.63062,2026-06-19,CANINO,REVACUNADO,RABICAN,RAC261,4
2026,6,76233,DAGUA,ARO SUR CALI,3.56688,-76.63062,2026-06-19,FELINO,PRIMERA VEZ,RABICAN,RAC261,1
2026,6,76233,DAGUA,ARO SUR CALI,3.56688,-76.63062,2026-06-19,FELINO,REVACUNADO,RABICAN,RAC261,1
2026,6,76233,DAGUA,ARO SUR CALI,3.56694,-76.63495,2026-06-19,FELINO,REVACUNADO,RABICAN,RAC261,1
2026,6,76233,DAGUA,ARO SUR CALI,3.56712,-76.62593,2026-06-19,CANINO,PRIMERA VEZ,RABICAN,RAC261,4
2026,6,76233,DAGUA,ARO SUR CALI,3.56712,-76.62593,2026-06-19,CANINO,REVACUNADO,RABICAN,RAC261,21
2026,6,76233,DAGUA,ARO SUR CALI,3.56712,-76.62593,2026-06-19,FELINO,PRIMERA VEZ,RABICAN,RAC261,2
2026,6,76233,DAGUA,ARO SUR CALI,3.56712,-76.62593,2026-06-19,FELINO,REVACUNADO,RABICAN,RAC261,7
2026,6,76233,DAGUA,ARO SUR CALI,3.56719,-76.63062,2026-06-26,CANINO,PRIMERA VEZ,RABICAN,RAC261,1
2026,6,76233,DAGUA,ARO SUR CALI,3.56719,-76.63062,2026-06-26,CANINO,REVACUNADO,RABICAN,RAC261,4
2026,6,76233,DAGUA,ARO SUR CALI,3.56757,-76.63568,2026-06-26,FELINO,PRIMERA VEZ,RABICAN,RAC261,1
2026,6,76233,DAGUA,ARO SUR CALI,3.56759,-76.63712,2026-06-26,CANINO,REVACUNADO,RABICAN,RAC261,1
2026,6,76233,DAGUA,ARO SUR CALI,3.56807,-76.62773,2026-06-26,CANINO,PRIMERA VEZ,RABICAN,RAC261,1
2026,6,76233,DAGUA,ARO SUR CALI,3.56807,-76.62773,2026-06-26,CANINO,REVACUNADO,RABICAN,RAC261,1
2026,6,76233,DAGUA,ARO SUR CALI,3.56807,-76.62773,2026-06-26,FELINO,PRIMERA VEZ,RABICAN,RAC261,2
2026,6,76233,DAGUA,ARO SUR CALI,3.5696,-76.64759,2026-06-26,CANINO,REVACUNADO,RABICAN,RAC261,1
2026,6,76233,DAGUA,ARO SUR CALI,3.56976,-76.64627,2026-06-05,CANINO,REVACUNADO,RABICAN,RAC261,1
2026,6,76233,DAGUA,ARO SUR CALI,3.56976,-76.6463,2026-06-05,CANINO,REVACUNADO,RABICAN,RAC261,1
2026,6,76233,DAGUA,ARO SUR CALI,3.56977,-76.64627,2026-06-05,CANINO,REVACUNADO,RABICAN,RAC261,4
2026,6,76233,DAGUA,ARO SUR CALI,3.56977,-76.64632,2026-06-05,SIN DATO,SIN DATO,SIN DATO,SIN DATO,1
2026,6,76233,DAGUA,ARO SUR CALI,3.56978,-76.64627,2026-06-05,FELINO,REVACUNADO,RABICAN,RAC261,1
2026,6,76233,DAGUA,ARO SUR CALI,3.56978,-76.64628,2026-06-05,FELINO,PRIMERA VEZ,RABICAN,RAC261,1
2026,6,76233,DAGUA,ARO SUR CALI,3.56978,-76.64631,2026-06-05,CANINO,REVACUNADO,RABICAN,RAC261,1
2026,6,76233,DAGUA,ARO SUR CALI,3.56979,-76.64627,2026-06-05,CANINO,REVACUNADO,RABICAN,RAC261,1
2026,6,76233,DAGUA,ARO SUR CALI,3.56979,-76.64627,2026-06-05,FELINO,PRIMERA VEZ,RABICAN,RAC261,1
2026,6,76233,DAGUA,ARO SUR CALI,3.5698,-76.64642,2026-06-05,CANINO,REVACUNADO,RABICAN,RAC261,1
2026,6,76233,DAGUA,ARO SUR CALI,3.56987,-76.64645,2026-06-05,CANINO,REVACUNADO,RABICAN,RAC261,1
2026,6,76233,DAGUA,ARO SUR CALI,3.57012,-76.64458,2026-06-05,CANINO,PRIMERA VEZ,RABICAN,RAC261,1
2026,6,76233,DAGUA,ARO SUR CALI,3.57012,-76.64458,2026-06-05,CANINO,REVACUNADO,RABICAN,RAC261,1
2026,6,76233,DAGUA,ARO SUR CALI,3.57018,-76.64455,2026-06-05,CANINO,REVACUNADO,RABICAN,RAC261,1
2026,6,76233,DAGUA,ARO SUR CALI,3.57032,-76.64484,2026-06-05,CANINO,REVACUNADO,RABICAN,RAC261,1
2026,6,76233,DAGUA,ARO SUR CALI,3.57033,-76.64482,2026-06-05,CANINO,PRIMERA VEZ,RABICAN,RAC261,1
2026,6,76233,DAGUA,ARO SUR CALI,3.57033,-76.64482,2026-06-05,FELINO,PRIMERA VEZ,RABICAN,RAC261,1
2026,6,76233,DAGUA,ARO SUR CALI,3.57048,-76.645,2026-06-05,CANINO,REVACUNADO,RABICAN,RAC261,1
2026,6,76233,DAGUA,ARO SUR CALI,3.57052,-76.64493,2026-06-05,CANINO,REVACUNADO,RABICAN,RAC261,1
2026,6,76233,DAGUA,ARO SUR CALI,3.57054,-76.64494,2026-06-05,CANINO,PRIMERA VEZ,RABICAN,RAC261,1
2026,6,76233,DAGUA,ARO SUR CALI,3.57054,-76.64494,2026-06-05,CANINO,REVACUNADO,RABICAN,RAC261,1
2026,6,76233,DAGUA,ARO SUR CALI,3.57057,-76.64496,2026-06-05,FELINO,PRIMERA VEZ,RABICAN,RAC261,1
2026,6,76233,DAGUA,ARO SUR CALI,3.57058,-76.64496,2026-06-05,CANINO,REVACUNADO,RABICAN,RAC261,1
2026,6,76233,DAGUA,ARO SUR CALI,3.57059,-76.64498,2026-06-05,CANINO,REVACUNADO,RABICAN,RAC261,1
2026,6,76233,DAGUA,ARO SUR CALI,3.57063,-76.64517,2026-06-05,CANINO,REVACUNADO,RABICAN,RAC261,1
2026,6,76233,DAGUA,ARO SUR CALI,3.57069,-76.64541,2026-06-05,CANINO,REVACUNADO,RABICAN,RAC261,1
2026,6,76233,DAGUA,ARO SUR CALI,3.57074,-76.64547,2026-06-05,FELINO,REVACUNADO,RABICAN,RAC261,1
2026,6,76233,DAGUA,ARO SUR CALI,3.57104,-76.64681,2026-06-05,CANINO,REVACUNADO,RABICAN,RAC261,1
2026,6,76233,DAGUA,ARO SUR CALI,3.57105,-76.64681,2026-06-05,CANINO,REVACUNADO,RABICAN,RAC261,1
2026,6,76233,DAGUA,ARO SUR CALI,3.57114,-76.64759,2026-06-26,FELINO,PRIMERA VEZ,RABICAN,RAC261,1
2026,6,76233,DAGUA,ARO SUR CALI,3.57115,-76.6457,2026-06-05,FELINO,REVACUNADO,RABICAN,RAC261,1
2026,6,76233,DAGUA,ARO SUR CALI,3.57116,-76.6457,2026-06-05,CANINO,REVACUNADO,RABICAN,RAC261,1
2026,6,76233,DAGUA,ARO SUR CALI,3.57117,-76.64567,2026-06-05,CANINO,REVACUNADO,RABICAN,RAC261,3
2026,6,76233,DAGUA,ARO SUR CALI,3.57118,-76.64569,2026-06-05,CANINO,REVACUNADO,RABICAN,RAC261,1
2026,6,76233,DAGUA,ARO SUR CALI,3.57149,-76.64531,2026-06-05,CANINO,REVACUNADO,RABICAN,RAC261,1
2026,6,76233,DAGUA,ARO SUR CALI,3.57151,-76.64533,2026-06-05,CANINO,REVACUNADO,RABICAN,RAC261,2
2026,6,76233,DAGUA,ARO SUR CALI,3.57198,-76.62087,2026-06-06,SIN DATO,SIN DATO,SIN DATO,SIN DATO,1
2026,6,76233,DAGUA,ARO SUR CALI,3.57231,-76.64433,2026-06-19,CANINO,REVACUNADO,RABICAN,RAC261,1
2026,6,76233,DAGUA,ARO SUR CALI,3.57236,-76.64651,2026-06-06,FELINO,PRIMERA VEZ,RABICAN,RAC263,1
2026,6,76233,DAGUA,ARO SUR CALI,3.57236,-76.64651,2026-06-26,FELINO,PRIMERA VEZ,RABICAN,RAC261,1
2026,6,76233,DAGUA,ARO SUR CALI,3.57236,-76.64651,2026-06-26,SIN DATO,SIN DATO,SIN DATO,SIN DATO,1
2026,6,76233,DAGUA,ARO SUR CALI,3.57251,-76.64441,2026-06-19,CANINO,REVACUNADO,RABICAN,RAC261,1
2026,6,76233,DAGUA,ARO SUR CALI,3.57272,-76.64769,2026-06-06,CANINO,PRIMERA VEZ,RABICAN,RAC261,1
2026,6,76233,DAGUA,ARO SUR CALI,3.57272,-76.64769,2026-06-06,FELINO,PRIMERA VEZ,RABICAN,RAC261,1
2026,6,76233,DAGUA,ARO SUR CALI,3.57272,-76.64769,2026-06-06,SIN DATO,SIN DATO,SIN DATO,SIN DATO,1
2026,6,76233,DAGUA,ARO SUR CALI,3.57279,-76.64452,2026-06-19,CANINO,REVACUNADO,RABICAN,RAC261,1
2026,6,76233,DAGUA,ARO SUR CALI,3.57284,-76.64772,2026-06-06,FELINO,REVACUNADO,RABICAN,RAC261,1
2026,6,76233,DAGUA,ARO SUR CALI,3.57285,-76.64759,2026-06-06,CANINO,REVACUNADO,RABICAN,RAC261,1
2026,6,76233,DAGUA,ARO SUR CALI,3.57285,-76.6476,2026-06-06,CANINO,PRIMERA VEZ,RABICAN,RAC261,2
2026,6,76233,DAGUA,ARO SUR CALI,3.57285,-76.6476,2026-06-06,CANINO,REVACUNADO,RABICAN,RAC261,3
2026,6,76233,DAGUA,ARO SUR CALI,3.57285,-76.6476,2026-06-06,FELINO,PRIMERA VEZ,RABICAN,RAC261,2
2026,6,76233,DAGUA,ARO SUR CALI,3.57285,-76.64762,2026-06-06,CANINO,PRIMERA VEZ,RABICAN,RAC261,1
2026,6,76233,DAGUA,ARO SUR CALI,3.57286,-76.64758,2026-06-06,CANINO,PRIMERA VEZ,RABICAN,RAC261,2
2026,6,76233,DAGUA,ARO SUR CALI,3.57286,-76.64758,2026-06-06,CANINO,REVACUNADO,RABICAN,RAC261,2
2026,6,76233,DAGUA,ARO SUR CALI,3.57286,-76.64758,2026-06-06,FELINO,PRIMERA VEZ,RABICAN,RAC261,2
2026,6,76233,DAGUA,ARO SUR CALI,3.57286,-76.64758,2026-06-06,FELINO,REVACUNADO,RABICAN,RAC261,1
2026,6,76233,DAGUA,ARO SUR CALI,3.57286,-76.64759,2026-06-05,CANINO,REVACUNADO,RABICAN,RAC261,1
2026,6,76233,DAGUA,ARO SUR CALI,3.57286,-76.64759,2026-06-06,CANINO,REVACUNADO,RABICAN,RAC261,2
2026,6,76233,DAGUA,ARO SUR CALI,3.57286,-76.6476,2026-06-06,CANINO,PRIMERA VEZ,RABICAN,RAC261,1
2026,6,76233,DAGUA,ARO SUR CALI,3.57286,-76.6476,2026-06-06,CANINO,REVACUNADO,RABICAN,RAC261,1
2026,6,76233,DAGUA,ARO SUR CALI,3.57286,-76.64765,2026-06-06,CANINO,PRIMERA VEZ,RABICAN,RAC261,1
2026,6,76233,DAGUA,ARO SUR CALI,3.57287,-76.6469,2026-06-05,FELINO,REVACUNADO,RABICAN,RAC261,1
2026,6,76233,DAGUA,ARO SUR CALI,3.57287,-76.64757,2026-06-06,CANINO,REVACUNADO,RABICAN,RAC261,2
2026,6,76233,DAGUA,ARO SUR CALI,3.57287,-76.64758,2026-06-05,CANINO,REVACUNADO,RABICAN,RAC261,1
2026,6,76233,DAGUA,ARO SUR CALI,3.57287,-76.64758,2026-06-06,CANINO,PRIMERA VEZ,RABICAN,RAC261,2
2026,6,76233,DAGUA,ARO SUR CALI,3.57287,-76.64758,2026-06-06,CANINO,REVACUNADO,RABICAN,RAC261,1
2026,6,76233,DAGUA,ARO SUR CALI,3.57287,-76.64758,2026-06-06,FELINO,PRIMERA VEZ,RABICAN,RAC261,3
2026,6,76233,DAGUA,ARO SUR CALI,3.57287,-76.64758,2026-06-06,FELINO,REVACUNADO,RABICAN,RAC261,2
2026,6,76233,DAGUA,ARO SUR CALI,3.57287,-76.64759,2026-06-05,CANINO,PRIMERA VEZ,RABICAN,RAC261,1
2026,6,76233,DAGUA,ARO SUR CALI,3.57287,-76.64759,2026-06-06,CANINO,REVACUNADO,RABICAN,RAC261,6
2026,6,76233,DAGUA,ARO SUR CALI,3.57287,-76.64759,2026-06-06,FELINO,PRIMERA VEZ,RABICAN,RAC261,1
2026,6,76233,DAGUA,ARO SUR CALI,3.57287,-76.64759,2026-06-06,FELINO,REVACUNADO,RABICAN,RAC261,2
2026,6,76233,DAGUA,ARO SUR CALI,3.57287,-76.64759,2026-06-06,SIN DATO,SIN DATO,SIN DATO,SIN DATO,1
2026,6,76233,DAGUA,ARO SUR CALI,3.57287,-76.6476,2026-06-06,CANINO,PRIMERA VEZ,RABICAN,RAC261,2
2026,6,76233,DAGUA,ARO SUR CALI,3.57287,-76.6476,2026-06-06,CANINO,REVACUNADO,RABICAN,RAC261,3
2026,6,76233,DAGUA,ARO SUR CALI,3.57287,-76.6476,2026-06-06,FELINO,PRIMERA VEZ,RABICAN,RAC261,1
2026,6,76233,DAGUA,ARO SUR CALI,3.57287,-76.64761,2026-06-06,CANINO,REVACUNADO,RABICAN,RAC261,1
2026,6,76233,DAGUA,ARO SUR CALI,3.57287,-76.64769,2026-06-06,CANINO,REVACUNADO,RABICAN,RAC261,1
2026,6,76233,DAGUA,ARO SUR CALI,3.57288,-76.64688,2026-06-05,FELINO,REVACUNADO,RABICAN,RAC261,1
2026,6,76233,DAGUA,ARO SUR CALI,3.57288,-76.6469,2026-06-05,CANINO,REVACUNADO,RABICAN,RAC261,1
2026,6,76233,DAGUA,ARO SUR CALI,3.57288,-76.6469,2026-06-05,FELINO,REVACUNADO,RABICAN,RAC261,1
2026,6,76233,DAGUA,ARO SUR CALI,3.57288,-76.64691,2026-06-05,CANINO,REVACUNADO,RABICAN,RAC261,1
2026,6,76233,DAGUA,ARO SUR CALI,3.57288,-76.64757,2026-06-06,FELINO,PRIMERA VEZ,RABICAN,RAC261,1
2026,6,76233,DAGUA,ARO SUR CALI,3.57288,-76.64758,2026-06-05,CANINO,REVACUNADO,RABICAN,RAC261,1
2026,6,76233,DAGUA,ARO SUR CALI,3.57288,-76.64758,2026-06-06,CANINO,PRIMERA VEZ,RABICAN,RAC261,3
2026,6,76233,DAGUA,ARO SUR CALI,3.57288,-76.64758,2026-06-06,CANINO,REVACUNADO,RABICAN,RAC261,4
2026,6,76233,DAGUA,ARO SUR CALI,3.57288,-76.64758,2026-06-06,FELINO,PRIMERA VEZ,RABICAN,RAC261,1
2026,6,76233,DAGUA,ARO SUR CALI,3.57288,-76.64758,2026-06-06,FELINO,REVACUNADO,RABICAN,RAC261,2
2026,6,76233,DAGUA,ARO SUR CALI,3.57288,-76.64759,2026-06-06,CANINO,PRIMERA VEZ,RABICAN,RAC261,3
2026,6,76233,DAGUA,ARO SUR CALI,3.57288,-76.64759,2026-06-06,CANINO,REVACUNADO,RABICAN,RAC261,1
2026,6,76233,DAGUA,ARO SUR CALI,3.57288,-76.6476,2026-06-06,CANINO,REVACUNADO,RABICAN,RAC261,2
2026,6,76233,DAGUA,ARO SUR CALI,3.57288,-76.6476,2026-06-06,CANINO,REVACUNADO,RABICAN,RAC264,1
2026,6,76233,DAGUA,ARO SUR CALI,3.57288,-76.64761,2026-06-06,CANINO,REVACUNADO,RABICAN,RAC261,1
2026,6,76233,DAGUA,ARO SUR CALI,3.57288,-76.64763,2026-06-06,CANINO,PRIMERA VEZ,RABICAN,RAC261,1
2026,6,76233,DAGUA,ARO SUR CALI,3.57289,-76.64758,2026-06-06,CANINO,PRIMERA VEZ,RABICAN,RAC261,1
2026,6,76233,DAGUA,ARO SUR CALI,3.57289,-76.64759,2026-06-06,CANINO,REVACUNADO,RABICAN,RAC261,4
2026,6,76233,DAGUA,ARO SUR CALI,3.57289,-76.64759,2026-06-06,FELINO,PRIMERA VEZ,RABICAN,RAC261,1
2026,6,76233,DAGUA,ARO SUR CALI,3.57289,-76.6476,2026-06-06,CANINO,PRIMERA VEZ,RABICAN,RAC261,1
2026,6,76233,DAGUA,ARO SUR CALI,3.57289,-76.6476,2026-06-06,CANINO,REVACUNADO,RABICAN,RAC261,5
2026,6,76233,DAGUA,ARO SUR CALI,3.57289,-76.64762,2026-06-06,SIN DATO,SIN DATO,SIN DATO,SIN DATO,1
2026,6,76233,DAGUA,ARO SUR CALI,3.5729,-76.64755,2026-06-06,CANINO,REVACUNADO,RABICAN,RAC261,2
2026,6,76233,DAGUA,ARO SUR CALI,3.5729,-76.64757,2026-06-06,FELINO,PRIMERA VEZ,RABICAN,RAC261,1
2026,6,76233,DAGUA,ARO SUR CALI,3.5729,-76.64759,2026-06-06,FELINO,PRIMERA VEZ,RABICAN,RAC261,1
2026,6,76233,DAGUA,ARO SUR CALI,3.5729,-76.64759,2026-06-06,FELINO,REVACUNADO,RABICAN,RAC261,1
2026,6,76233,DAGUA,ARO SUR CALI,3.5729,-76.64769,2026-06-06,CANINO,REVACUNADO,RABICAN,RAC261,1
2026,6,76233,DAGUA,ARO SUR CALI,3.57291,-76.64758,2026-06-06,CANINO,PRIMERA VEZ,RABICAN,RAC261,1
2026,6,76233,DAGUA,ARO SUR CALI,3.57291,-76.64763,2026-06-06,CANINO,REVACUNADO,RABICAN,RAC261,1
2026,6,76233,DAGUA,ARO SUR CALI,3.57291,-76.64771,2026-06-06,CANINO,PRIMERA VEZ,RABICAN,RAC261,1
2026,6,76233,DAGUA,ARO SUR CALI,3.57292,-76.64762,2026-06-06,FELINO,REVACUNADO,RABICAN,RAC261,1
2026,6,76233,DAGUA,ARO SUR CALI,3.57293,-76.64759,2026-06-06,CANINO,PRIMERA VEZ,RABICAN,RAC261,2
2026,6,76233,DAGUA,ARO SUR CALI,3.57293,-76.64759,2026-06-06,SIN DATO,SIN DATO,SIN DATO,SIN DATO,2
2026,6,76233,DAGUA,ARO SUR CALI,3.57293,-76.64763,2026-06-06,CANINO,PRIMERA VEZ,RABICAN,RAC261,1
2026,6,76233,DAGUA,ARO SUR CALI,3.57293,-76.64763,2026-06-06,CANINO,REVACUNADO,RABICAN,RAC261,1
2026,6,76233,DAGUA,ARO SUR CALI,3.57294,-76.6476,2026-06-06,CANINO,REVACUNADO,RABICAN,RAC261,1
2026,6,76233,DAGUA,ARO SUR CALI,3.57349,-76.66101,2026-06-26,CANINO,PRIMERA VEZ,RABICAN,RAC261,1
2026,6,76233,DAGUA,ARO SUR CALI,3.57349,-76.66101,2026-06-26,CANINO,REVACUNADO,RABICAN,RAC261,5
2026,6,76233,DAGUA,ARO SUR CALI,3.57349,-76.66101,2026-06-26,FELINO,PRIMERA VEZ,RABICAN,RAC261,1
2026,6,76233,DAGUA,ARO SUR CALI,3.57369,-76.6466,2026-06-26,FELINO,REVACUNADO,RABICAN,RAC261,1
2026,6,76233,DAGUA,ARO SUR CALI,3.57369,-76.65112,2026-06-26,CANINO,REVACUNADO,RABICAN,RAC261,2
2026,6,76233,DAGUA,ARO SUR CALI,3.57405,-76.64733,2026-06-26,CANINO,REVACUNADO,RABICAN,RAC263,1
2026,6,76233,DAGUA,ARO SUR CALI,3.57413,-76.64777,2026-06-26,CANINO,REVACUNADO,RABICAN,RAC263,1
2026,6,76233,DAGUA,ARO SUR CALI,3.57432,-76.64748,2026-06-26,FELINO,REVACUNADO,RABICAN,RAC263,1
2026,6,76233,DAGUA,ARO SUR CALI,3.57433,-76.64491,2026-06-30,CANINO,PRIMERA VEZ,RABICAN,RAC261,3
2026,6,76233,DAGUA,ARO SUR CALI,3.57433,-76.64491,2026-06-30,CANINO,PRIMERA VEZ,RABICAN,RAC262,1
2026,6,76233,DAGUA,ARO SUR CALI,3.57433,-76.64491,2026-06-30,CANINO,REVACUNADO,RABICAN,RAC261,1
2026,6,76233,DAGUA,ARO SUR CALI,3.57433,-76.64491,2026-06-30,FELINO,PRIMERA VEZ,RABICAN,RAC261,8
2026,6,76233,DAGUA,ARO SUR CALI,3.57433,-76.64491,2026-06-30,FELINO,PRIMERA VEZ,RABICAN,RAC262,1
2026,6,76233,DAGUA,ARO SUR CALI,3.57435,-76.64792,2026-06-26,CANINO,PRIMERA VEZ,RABICAN,RAC261,1
2026,6,76233,DAGUA,ARO SUR CALI,3.57435,-76.64792,2026-06-26,CANINO,REVACUNADO,RABICAN,RAC261,1
2026,6,76233,DAGUA,ARO SUR CALI,3.57436,-76.64791,2026-06-26,CANINO,REVACUNADO,RABICAN,RAC261,1
2026,6,76233,DAGUA,ARO SUR CALI,3.57436,-76.64929,2026-06-26,CANINO,PRIMERA VEZ,RABICAN,RAC263,1
2026,6,76233,DAGUA,ARO SUR CALI,3.57437,-76.64928,2026-06-26,CANINO,PRIMERA VEZ,RABICAN,RAC263,1
2026,6,76233,DAGUA,ARO SUR CALI,3.57438,-76.6484,2026-06-26,CANINO,REVACUNADO,RABICAN,RAC261,1
2026,6,76233,DAGUA,ARO SUR CALI,3.57441,-76.64746,2026-06-26,CANINO,PRIMERA VEZ,RABICAN,RAC263,1
2026,6,76233,DAGUA,ARO SUR CALI,3.57442,-76.64747,2026-06-26,CANINO,PRIMERA VEZ,RABICAN,RAC263,1
2026,6,76233,DAGUA,ARO SUR CALI,3.57442,-76.64927,2026-06-26,CANINO,PRIMERA VEZ,RABICAN,RAC263,1
2026,6,76233,DAGUA,ARO SUR CALI,3.57453,-76.6493,2026-06-26,CANINO,PRIMERA VEZ,RABICAN,RAC263,1
2026,6,76233,DAGUA,ARO SUR CALI,3.57453,-76.6493,2026-06-26,CANINO,REVACUNADO,RABICAN,RAC263,7
2026,6,76233,DAGUA,ARO SUR CALI,3.57457,-76.64709,2026-06-26,FELINO,PRIMERA VEZ,RABICAN,RAC263,1
2026,6,76233,DAGUA,ARO SUR CALI,3.57457,-76.64709,2026-06-26,FELINO,REVACUNADO,RABICAN,RAC263,2
2026,6,76233,DAGUA,ARO SUR CALI,3.57462,-76.64692,2026-06-26,CANINO,PRIMERA VEZ,RABICAN,RAC263,1
2026,6,76233,DAGUA,ARO SUR CALI,3.57467,-76.64767,2026-06-26,FELINO,PRIMERA VEZ,RABICAN,RAC263,1
2026,6,76233,DAGUA,ARO SUR CALI,3.5747,-76.64939,2026-06-26,CANINO,PRIMERA VEZ,RABICAN,RAC263,2
2026,6,76233,DAGUA,ARO SUR CALI,3.57477,-76.64767,2026-06-26,CANINO,REVACUNADO,RABICAN,RAC263,2
2026,6,76233,DAGUA,ARO SUR CALI,3.57479,-76.6477,2026-06-26,CANINO,REVACUNADO,RABICAN,RAC263,1
2026,6,76233,DAGUA,ARO SUR CALI,3.57499,-76.64852,2026-06-26,CANINO,REVACUNADO,RABICAN,RAC263,1
2026,6,76233,DAGUA,ARO SUR CALI,3.57511,-76.64791,2026-06-26,CANINO,REVACUNADO,RABICAN,RAC263,1
2026,6,76233,DAGUA,ARO SUR CALI,3.57536,-76.64808,2026-06-26,FELINO,REVACUNADO,RABICAN,RAC263,1
2026,6,76233,DAGUA,ARO SUR CALI,3.57537,-76.6481,2026-06-26,CANINO,REVACUNADO,RABICAN,RAC263,1
2026,6,76233,DAGUA,ARO SUR CALI,3.5754,-76.64807,2026-06-26,CANINO,REVACUNADO,RABICAN,RAC263,1
2026,6,76233,DAGUA,ARO SUR CALI,3.57541,-76.64808,2026-06-26,FELINO,REVACUNADO,RABICAN,RAC263,1
2026,6,76233,DAGUA,ARO SUR CALI,3.5755,-76.64791,2026-06-26,CANINO,REVACUNADO,RABICAN,RAC263,1
2026,6,76233,DAGUA,ARO SUR CALI,3.5755,-76.6482,2026-06-26,FELINO,PRIMERA VEZ,RABICAN,RAC263,1
2026,6,76233,DAGUA,ARO SUR CALI,3.57551,-76.64818,2026-06-26,FELINO,REVACUNADO,RABICAN,RAC263,1
2026,6,76233,DAGUA,ARO SUR CALI,3.57551,-76.64822,2026-06-26,FELINO,PRIMERA VEZ,RABICAN,RAC263,1
2026,6,76233,DAGUA,ARO SUR CALI,3.57557,-76.64812,2026-06-26,CANINO,REVACUNADO,RABICAN,RAC263,1
2026,6,76233,DAGUA,ARO SUR CALI,3.5756,-76.64818,2026-06-26,CANINO,PRIMERA VEZ,RABICAN,RAC263,1
2026,6,76233,DAGUA,ARO SUR CALI,3.57563,-76.64819,2026-06-26,CANINO,REVACUNADO,RABICAN,RAC263,1
2026,6,76233,DAGUA,ARO SUR CALI,3.57576,-76.64823,2026-06-26,CANINO,PRIMERA VEZ,RABICAN,RAC263,1
2026,6,76233,DAGUA,ARO SUR CALI,3.57577,-76.64736,2026-06-26,CANINO,REVACUNADO,RABICAN,RAC263,1
2026,6,76233,DAGUA,ARO SUR CALI,3.57579,-76.64824,2026-06-26,CANINO,REVACUNADO,RABICAN,RAC263,1
2026,6,76233,DAGUA,ARO SUR CALI,3.5758,-76.64827,2026-06-26,FELINO,REVACUNADO,RABICAN,RAC263,1
2026,6,76233,DAGUA,ARO SUR CALI,3.57581,-76.64828,2026-06-26,CANINO,REVACUNADO,RABICAN,RAC263,1
2026,6,76233,DAGUA,ARO SUR CALI,3.57582,-76.64778,2026-06-05,CANINO,REVACUNADO,RABICAN,RAC261,4
2026,6,76233,DAGUA,ARO SUR CALI,3.57582,-76.64778,2026-06-05,FELINO,PRIMERA VEZ,RABICAN,RAC261,1
2026,6,76233,DAGUA,ARO SUR CALI,3.57582,-76.64778,2026-06-05,FELINO,REVACUNADO,RABICAN,RAC261,5
2026,6,76233,DAGUA,ARO SUR CALI,3.57582,-76.65205,2026-06-26,CANINO,REVACUNADO,RABICAN,RAC263,1
2026,6,76233,DAGUA,ARO SUR CALI,3.57583,-76.64774,2026-06-05,FELINO,REVACUNADO,RABICAN,RAC261,1
2026,6,76233,DAGUA,ARO SUR CALI,3.57583,-76.64826,2026-06-26,CANINO,REVACUNADO,RABICAN,RAC263,1
2026,6,76233,DAGUA,ARO SUR CALI,3.57585,-76.64829,2026-06-26,CANINO,REVACUNADO,RABICAN,RAC263,1
2026,6,76233,DAGUA,ARO SUR CALI,3.57588,-76.64735,2026-06-26,CANINO,REVACUNADO,RABICAN,RAC263,1
2026,6,76233,DAGUA,ARO SUR CALI,3.57591,-76.64729,2026-06-26,FELINO,REVACUNADO,RABICAN,RAC263,1
2026,6,76233,DAGUA,ARO SUR CALI,3.57592,-76.64776,2026-06-05,CANINO,REVACUNADO,RABICAN,RAC261,1
2026,6,76233,DAGUA,ARO SUR CALI,3.57593,-76.65381,2026-06-26,CANINO,REVACUNADO,RABICAN,RAC263,1
2026,6,76233,DAGUA,ARO SUR CALI,3.57596,-76.64776,2026-06-05,CANINO,PRIMERA VEZ,RABICAN,RAC261,1
2026,6,76233,DAGUA,ARO SUR CALI,3.57598,-76.64812,2026-06-26,FELINO,PRIMERA VEZ,RABICAN,RAC263,1
2026,6,76233,DAGUA,ARO SUR CALI,3.57598,-76.65334,2026-06-26,FELINO,REVACUNADO,RABICAN,RAC263,1
2026,6,76233,DAGUA,ARO SUR CALI,3.57599,-76.65334,2026-06-26,CANINO,PRIMERA VEZ,RABICAN,RAC263,1
2026,6,76233,DAGUA,ARO SUR CALI,3.57599,-76.65334,2026-06-26,CANINO,REVACUNADO,RABICAN,RAC263,5
2026,6,76233,DAGUA,ARO SUR CALI,3.57602,-76.65406,2026-06-26,CANINO,PRIMERA VEZ,RABICAN,RAC263,1
2026,6,76233,DAGUA,ARO SUR CALI,3.57608,-76.64718,2026-06-30,CANINO,PRIMERA VEZ,RABICAN,RAC261,1
2026,6,76233,DAGUA,ARO SUR CALI,3.57608,-76.64789,2026-06-26,CANINO,REVACUNADO,RABICAN,RAC263,1
2026,6,76233,DAGUA,ARO SUR CALI,3.57609,-76.64785,2026-06-26,FELINO,REVACUNADO,RABICAN,RAC263,2
2026,6,76233,DAGUA,ARO SUR CALI,3.57611,-76.64846,2026-06-26,FELINO,PRIMERA VEZ,RABICAN,RAC263,1
2026,6,76233,DAGUA,ARO SUR CALI,3.57612,-76.64785,2026-06-26,CANINO,REVACUNADO,RABICAN,RAC263,1
2026,6,76233,DAGUA,ARO SUR CALI,3.57612,-76.64785,2026-06-26,FELINO,REVACUNADO,RABICAN,RAC263,2
2026,6,76233,DAGUA,ARO SUR CALI,3.57613,-76.6485,2026-06-26,FELINO,PRIMERA VEZ,RABICAN,RAC263,1
2026,6,76233,DAGUA,ARO SUR CALI,3.57616,-76.64787,2026-06-26,FELINO,REVACUNADO,RABICAN,RAC263,1
2026,6,76233,DAGUA,ARO SUR CALI,3.57616,-76.64861,2026-06-26,CANINO,REVACUNADO,RABICAN,RAC263,1
2026,6,76233,DAGUA,ARO SUR CALI,3.57617,-76.64808,2026-06-26,CANINO,REVACUNADO,RABICAN,RAC263,2
2026,6,76233,DAGUA,ARO SUR CALI,3.57617,-76.64808,2026-06-26,FELINO,REVACUNADO,RABICAN,RAC263,1
2026,6,76233,DAGUA,ARO SUR CALI,3.57617,-76.64866,2026-06-26,CANINO,PRIMERA VEZ,RABICAN,RAC263,1
2026,6,76233,DAGUA,ARO SUR CALI,3.5762,-76.64868,2026-06-26,CANINO,REVACUNADO,RABICAN,RAC263,1
2026,6,76233,DAGUA,ARO SUR CALI,3.57621,-76.64861,2026-06-26,FELINO,PRIMERA VEZ,RABICAN,RAC263,1
2026,6,76233,DAGUA,ARO SUR CALI,3.57621,-76.64865,2026-06-26,FELINO,PRIMERA VEZ,RABICAN,RAC263,1
2026,6,76233,DAGUA,ARO SUR CALI,3.57626,-76.65212,2026-06-19,CANINO,REVACUNADO,RABICAN,RAC261,1
2026,6,76233,DAGUA,ARO SUR CALI,3.57627,-76.64714,2026-06-30,CANINO,PRIMERA VEZ,RABICAN,RAC261,1
2026,6,76233,DAGUA,ARO SUR CALI,3.57627,-76.64714,2026-06-30,FELINO,PRIMERA VEZ,RABICAN,RAC261,1
2026,6,76233,DAGUA,ARO SUR CALI,3.57632,-76.64881,2026-06-26,CANINO,REVACUNADO,RABICAN,RAC263,1
2026,6,76233,DAGUA,ARO SUR CALI,3.57633,-76.64879,2026-06-26,CANINO,REVACUNADO,RABICAN,RAC263,1
2026,6,76233,DAGUA,ARO SUR CALI,3.57634,-76.64882,2026-06-26,FELINO,PRIMERA VEZ,RABICAN,RAC263,1
2026,6,76233,DAGUA,ARO SUR CALI,3.57662,-76.65161,2026-06-26,CANINO,REVACUNADO,RABICAN,RAC263,1
2026,6,76233,DAGUA,ARO SUR CALI,3.57665,-76.65201,2026-06-19,CANINO,REVACUNADO,RABICAN,RAC261,3
2026,6,76233,DAGUA,ARO SUR CALI,3.57669,-76.65162,2026-06-26,CANINO,REVACUNADO,RABICAN,RAC263,4
2026,6,76233,DAGUA,ARO SUR CALI,3.57673,-76.64712,2026-06-26,CANINO,REVACUNADO,RABICAN,RAC263,1
2026,6,76233,DAGUA,ARO SUR CALI,3.57673,-76.65162,2026-06-26,CANINO,REVACUNADO,RABICAN,RAC263,1
2026,6,76233,DAGUA,ARO SUR CALI,3.57673,-76.65162,2026-06-26,FELINO,REVACUNADO,RABICAN,RAC263,1
2026,6,76233,DAGUA,ARO SUR CALI,3.57676,-76.64712,2026-06-26,CANINO,REVACUNADO,RABICAN,RAC263,6
2026,6,76233,DAGUA,ARO SUR CALI,3.57676,-76.64712,2026-06-26,FELINO,REVACUNADO,RABICAN,RAC263,1
2026,6,76233,DAGUA,ARO SUR CALI,3.57682,-76.64882,2026-06-26,CANINO,REVACUNADO,RABICAN,RAC263,1
2026,6,76233,DAGUA,ARO SUR CALI,3.57694,-76.64883,2026-06-26,CANINO,REVACUNADO,RABICAN,RAC263,1
2026,6,76233,DAGUA,ARO SUR CALI,3.57695,-76.64882,2026-06-26,CANINO,REVACUNADO,RABICAN,RAC263,1
2026,6,76233,DAGUA,ARO SUR CALI,3.57706,-76.64904,2026-06-26,CANINO,REVACUNADO,RABICAN,RAC263,1
2026,6,76233,DAGUA,ARO SUR CALI,3.57707,-76.64902,2026-06-26,CANINO,REVACUNADO,RABICAN,RAC263,1
2026,6,76233,DAGUA,ARO SUR CALI,3.57708,-76.64904,2026-06-26,CANINO,REVACUNADO,RABICAN,RAC263,4
2026,6,76233,DAGUA,ARO SUR CALI,3.57708,-76.64905,2026-06-26,CANINO,REVACUNADO,RABICAN,RAC263,1
2026,6,76233,DAGUA,ARO SUR CALI,3.57708,-76.64907,2026-06-26,CANINO,PRIMERA VEZ,RABICAN,RAC263,1
2026,6,76233,DAGUA,ARO SUR CALI,3.57709,-76.64905,2026-06-26,CANINO,REVACUNADO,RABICAN,RAC263,1
2026,6,76233,DAGUA,ARO SUR CALI,3.57711,-76.64244,2026-06-26,CANINO,PRIMERA VEZ,RABICAN,RAC261,1
2026,6,76233,DAGUA,ARO SUR CALI,3.57711,-76.64244,2026-06-26,FELINO,REVACUNADO,RABICAN,RAC261,1
2026,6,76233,DAGUA,ARO SUR CALI,3.57711,-76.65247,2026-06-19,FELINO,PRIMERA VEZ,RABICAN,RAC261,1
2026,6,76233,DAGUA,ARO SUR CALI,3.57712,-76.64246,2026-06-26,FELINO,REVACUNADO,RABICAN,RAC261,1
2026,6,76233,DAGUA,ARO SUR CALI,3.57712,-76.65223,2026-06-19,CANINO,REVACUNADO,RABICAN,RAC261,1
2026,6,76233,DAGUA,ARO SUR CALI,3.57714,-76.65259,2026-06-19,FELINO,REVACUNADO,RABICAN,RAC261,1
2026,6,76233,DAGUA,ARO SUR CALI,3.57715,-76.64905,2026-06-26,CANINO,PRIMERA VEZ,RABICAN,RAC263,2
2026,6,76233,DAGUA,ARO SUR CALI,3.57715,-76.64905,2026-06-26,CANINO,REVACUNADO,RABICAN,RAC263,1
2026,6,76233,DAGUA,ARO SUR CALI,3.57715,-76.65221,2026-06-19,CANINO,PRIMERA VEZ,RABICAN,RAC261,1
2026,6,76233,DAGUA,ARO SUR CALI,3.57718,-76.64906,2026-06-26,CANINO,REVACUNADO,RABICAN,RAC273,1
2026,6,76233,DAGUA,ARO SUR CALI,3.57718,-76.65236,2026-06-19,CANINO,REVACUNADO,RABICAN,RAC261,1
2026,6,76233,DAGUA,ARO SUR CALI,3.57719,-76.65232,2026-06-19,CANINO,REVACUNADO,RABICAN,RAC261,1
2026,6,76233,DAGUA,ARO SUR CALI,3.57735,-76.65236,2026-06-19,CANINO,REVACUNADO,RABICAN,RAC261,1
2026,6,76233,DAGUA,ARO SUR CALI,3.57743,-76.65245,2026-06-19,FELINO,PRIMERA VEZ,RABICAN,RAC261,1
2026,6,76233,DAGUA,ARO SUR CALI,3.57744,-76.65246,2026-06-19,CANINO,PRIMERA VEZ,RABICAN,RAC261,1
2026,6,76233,DAGUA,ARO SUR CALI,3.57783,-76.64356,2026-06-26,CANINO,REVACUNADO,RABICAN,RAC261,2
2026,6,76233,DAGUA,ARO SUR CALI,3.57857,-76.65131,2026-06-19,FELINO,PRIMERA VEZ,RABICAN,RAC261,1
2026,6,76233,DAGUA,ARO SUR CALI,3.57901,-76.64233,2026-06-26,CANINO,REVACUNADO,RABICAN,RAC261,1
2026,6,76233,DAGUA,ARO SUR CALI,3.58029,-76.64037,2026-06-26,CANINO,REVACUNADO,RABICAN,RAC261,1
2026,6,76233,DAGUA,ARO SUR CALI,3.58123,-76.64181,2026-06-19,CANINO,REVACUNADO,RABICAN,RAC261,3
2026,6,76233,DAGUA,ARO SUR CALI,3.58123,-76.64181,2026-06-19,FELINO,PRIMERA VEZ,RABICAN,RAC261,3
2026,6,76233,DAGUA,ARO SUR CALI,3.58123,-76.64181,2026-06-19,FELINO,REVACUNADO,RABICAN,RAC261,1
2026,6,76233,DAGUA,ARO SUR CALI,3.58123,-76.64181,2026-06-26,FELINO,REVACUNADO,RABICAN,RAC261,1
2026,6,76233,DAGUA,ARO SUR CALI,3.59235,-76.64253,2026-06-06,CANINO,PRIMERA VEZ,RABICAN,RAC261,1
2026,6,76233,DAGUA,ARO SUR CALI,3.59827,-76.64651,2026-06-06,CANINO,PRIMERA VEZ,RABICAN,RAC261,3
2026,6,76233,DAGUA,ARO SUR CALI,3.59827,-76.64651,2026-06-06,FELINO,PRIMERA VEZ,RABICAN,RAC261,4
2026,6,76233,DAGUA,ARO SUR CALI,3.60474,-76.64542,2026-06-26,FELINO,PRIMERA VEZ,RABICAN,RAC261,1
2026,6,76233,DAGUA,ARO SUR CALI,3.60525,-76.64194,2026-06-26,FELINO,REVACUNADO,RABICAN,RAC261,1
2026,6,76233,DAGUA,ARO SUR CALI,3.6053,-76.64208,2026-06-26,CANINO,REVACUNADO,RABICAN,RAC261,1
2026,6,76233,DAGUA,ARO SUR CALI,3.60532,-76.64328,2026-06-26,CANINO,REVACUNADO,RABICAN,RAC261,1
2026,6,76233,DAGUA,ARO SUR CALI,3.60533,-76.64218,2026-06-26,CANINO,REVACUNADO,RABICAN,RAC261,1
2026,6,76233,DAGUA,ARO SUR CALI,3.60533,-76.64326,2026-06-26,FELINO,PRIMERA VEZ,RABICAN,RAC261,1
2026,6,76233,DAGUA,ARO SUR CALI,3.60701,-76.65336,2026-06-26,CANINO,REVACUNADO,RABICAN,RAC264,1
2026,6,76233,DAGUA,ARO SUR CALI,3.60701,-76.65336,2026-06-26,FELINO,REVACUNADO,RABICAN,RAC261,1
2026,6,76233,DAGUA,ARO SUR CALI,3.60778,-76.6429,2026-06-06,SIN DATO,SIN DATO,SIN DATO,SIN DATO,1
2026,6,76233,DAGUA,ARO SUR CALI,3.61011,-76.65371,2026-06-26,CANINO,REVACUNADO,RABICAN,RAC261,3
2026,6,76233,DAGUA,ARO SUR CALI,3.61011,-76.65372,2026-06-26,CANINO,REVACUNADO,RABICAN,RAC261,2
2026,6,76233,DAGUA,ARO SUR CALI,3.61011,-76.65372,2026-06-26,FELINO,PRIMERA VEZ,RABICAN,RAC261,1
2026,6,76233,DAGUA,ARO SUR CALI,3.61021,-76.65381,2026-06-26,FELINO,PRIMERA VEZ,RABICAN,RAC261,1
2026,6,76233,DAGUA,ARO SUR CALI,3.61022,-76.65382,2026-06-26,FELINO,REVACUNADO,RABICAN,RAC261,2
2026,6,76233,DAGUA,ARO SUR CALI,3.61036,-76.65399,2026-06-26,CANINO,REVACUNADO,RABICAN,RAC261,1
2026,6,76233,DAGUA,ARO SUR CALI,3.61036,-76.65402,2026-06-26,CANINO,REVACUNADO,RABICAN,RAC261,1
2026,6,76233,DAGUA,ARO SUR CALI,3.61037,-76.65406,2026-06-26,CANINO,REVACUNADO,RABICAN,RAC261,1
2026,6,76233,DAGUA,ARO SUR CALI,3.61037,-76.65406,2026-06-26,FELINO,PRIMERA VEZ,RABICAN,RAC261,1
2026,6,76233,DAGUA,ARO SUR CALI,3.61037,-76.65406,2026-06-26,FELINO,REVACUNADO,RABICAN,RAC261,1
2026,6,76233,DAGUA,ARO SUR CALI,3.61038,-76.65406,2026-06-26,CANINO,REVACUNADO,RABICAN,RAC261,1
2026,6,76233,DAGUA,ARO SUR CALI,3.61095,-76.65443,2026-06-26,CANINO,REVACUNADO,RABICAN,RAC261,1
2026,6,76233,DAGUA,ARO SUR CALI,3.61097,-76.65444,2026-06-26,FELINO,PRIMERA VEZ,RABICAN,RAC261,1
2026,6,76233,DAGUA,ARO SUR CALI,3.61103,-76.65448,2026-06-26,FELINO,PRIMERA VEZ,RABICAN,RAC261,1
2026,6,76233,DAGUA,ARO SUR CALI,3.61106,-76.6547,2026-06-26,CANINO,PRIMERA VEZ,RABICAN,RAC261,1
2026,6,76233,DAGUA,ARO SUR CALI,3.61153,-76.6565,2026-06-26,FELINO,PRIMERA VEZ,RABICAN,RAC261,1
2026,6,76233,DAGUA,ARO SUR CALI,3.61153,-76.6565,2026-06-26,FELINO,REVACUNADO,RABICAN,RAC261,3
2026,6,76233,DAGUA,ARO SUR CALI,3.61202,-76.65806,2026-06-26,CANINO,REVACUNADO,RABICAN,RAC261,1
2026,6,76233,DAGUA,ARO SUR CALI,3.6121,-76.65687,2026-06-26,CANINO,REVACUNADO,RABICAN,RAC261,1
2026,6,76233,DAGUA,ARO SUR CALI,3.61215,-76.65768,2026-06-26,CANINO,REVACUNADO,RABICAN,RAC261,2
2026,6,76233,DAGUA,ARO SUR CALI,3.61215,-76.65768,2026-06-26,FELINO,REVACUNADO,RABICAN,RAC261,1
2026,6,76233,DAGUA,ARO SUR CALI,3.61454,-76.6613,2026-06-26,CANINO,REVACUNADO,RABICAN,RAC261,2
2026,6,76233,DAGUA,ARO SUR CALI,3.61454,-76.6613,2026-06-26,CANINO,REVACUNADO,RABICAN,RAC264,1
2026,6,76233,DAGUA,ARO SUR CALI,3.61454,-76.6613,2026-06-26,FELINO,REVACUNADO,RABICAN,RAC261,1
2026,6,76233,DAGUA,ARO SUR CALI,3.61495,-76.70966,2026-06-26,CANINO,REVACUNADO,RABICAN,RAC261,1
2026,6,76233,DAGUA,ARO SUR CALI,3.61579,-76.66239,2026-06-26,CANINO,REVACUNADO,RABICAN,RAC261,9
2026,6,76233,DAGUA,ARO SUR CALI,3.61579,-76.66239,2026-06-26,FELINO,PRIMERA VEZ,RABICAN,RAC261,2
2026,6,76233,DAGUA,ARO SUR CALI,3.61579,-76.66239,2026-06-26,FELINO,REVACUNADO,RABICAN,RAC261,2
2026,6,76233,DAGUA,ARO SUR CALI,3.6161,-76.66203,2026-06-26,CANINO,PRIMERA VEZ,RABICAN,RAC261,1
2026,6,76233,DAGUA,ARO SUR CALI,3.6161,-76.66203,2026-06-26,CANINO,REVACUNADO,RABICAN,RAC261,1
2026,6,76233,DAGUA,ARO SUR CALI,3.6161,-76.66203,2026-06-26,FELINO,PRIMERA VEZ,RABICAN,RAC261,1
2026,6,76233,DAGUA,ARO SUR CALI,3.61611,-76.66275,2026-06-26,FELINO,PRIMERA VEZ,RABICAN,RAC261,1
2026,6,76233,DAGUA,ARO SUR CALI,3.61611,-76.66275,2026-06-26,FELINO,REVACUNADO,RABICAN,RAC261,2
2026,6,76233,DAGUA,ARO SUR CALI,3.61617,-76.66672,2026-06-26,CANINO,REVACUNADO,RABICAN,RAC261,2
2026,6,76233,DAGUA,ARO SUR CALI,3.61793,-76.66094,2026-06-26,CANINO,PRIMERA VEZ,RABICAN,RAC261,1
2026,6,76233,DAGUA,ARO SUR CALI,3.61793,-76.66094,2026-06-26,CANINO,REVACUNADO,RABICAN,RAC261,4
2026,6,76233,DAGUA,ARO SUR CALI,3.61793,-76.66094,2026-06-26,FELINO,REVACUNADO,RABICAN,RAC261,1
2026,6,76233,DAGUA,ARO SUR CALI,3.61834,-76.6678,2026-06-26,CANINO,REVACUNADO,RABICAN,RAC261,1
2026,6,76233,DAGUA,ARO SUR CALI,3.61885,-76.66615,2026-06-26,CANINO,REVACUNADO,RABICAN,RAC261,2
2026,6,76233,DAGUA,ARO SUR CALI,3.61885,-76.66615,2026-06-26,FELINO,REVACUNADO,RABICAN,RAC261,1
2026,6,76233,DAGUA,ARO SUR CALI,3.61997,-76.66834,2026-06-26,CANINO,REVACUNADO,RABICAN,RAC261,1
2026,6,76233,DAGUA,ARO SUR CALI,3.61999,-76.66836,2026-06-26,CANINO,REVACUNADO,RABICAN,RAC261,1
2026,6,76233,DAGUA,ARO SUR CALI,3.62074,-76.66275,2026-06-26,FELINO,PRIMERA VEZ,RABICAN,RAC261,1
2026,6,76233,DAGUA,ARO SUR CALI,3.62074,-76.66275,2026-06-26,FELINO,REVACUNADO,RABICAN,RAC261,2
2026,6,76233,DAGUA,ARO SUR CALI,3.62192,-76.66074,2026-06-26,CANINO,REVACUNADO,RABICAN,RAC261,1
2026,6,76233,DAGUA,ARO SUR CALI,3.6223,-76.65676,2026-06-26,FELINO,REVACUNADO,RABICAN,RAC261,1
2026,6,76233,DAGUA,ARO SUR CALI,3.62252,-76.66616,2026-06-26,CANINO,REVACUNADO,RABICAN,RAC261,2
2026,6,76233,DAGUA,ARO SUR CALI,3.62273,-76.66174,2026-06-26,CANINO,REVACUNADO,RABICAN,RAC261,4
2026,6,76233,DAGUA,ARO SUR CALI,3.62322,-76.65442,2026-06-26,CANINO,REVACUNADO,RABICAN,RAC261,1
2026,6,76233,DAGUA,ARO SUR CALI,3.62561,-76.65676,2026-06-26,CANINO,PRIMERA VEZ,RABICAN,RAC261,2
2026,6,76233,DAGUA,ARO SUR CALI,3.62561,-76.65676,2026-06-26,CANINO,REVACUNADO,RABICAN,RAC261,1
2026,6,76233,DAGUA,ARO SUR CALI,3.63197,-76.67069,2026-06-26,CANINO,PRIMERA VEZ,RABICAN,RAC261,3
2026,6,76233,DAGUA,ARO SUR CALI,3.63197,-76.67069,2026-06-26,CANINO,REVACUNADO,RABICAN,RAC261,8
2026,6,76233,DAGUA,ARO SUR CALI,3.63197,-76.67069,2026-06-26,FELINO,REVACUNADO,RABICAN,RAC261,2
2026,6,76233,DAGUA,ARO SUR CALI,3.64207,-76.68865,2026-06-17,FELINO,PRIMERA VEZ,RABICAN,RAC261,1
2026,6,76233,DAGUA,ARO SUR CALI,3.64212,-76.68873,2026-06-26,FELINO,REVACUNADO,RABICAN,RAC261,1
2026,6,76233,DAGUA,ARO SUR CALI,3.64213,-76.68871,2026-06-26,CANINO,REVACUNADO,RABICAN,RAC261,1
2026,6,76233,DAGUA,ARO SUR CALI,3.64214,-76.68859,2026-06-26,FELINO,PRIMERA VEZ,RABICAN,RAC261,1
2026,6,76233,DAGUA,ARO SUR CALI,3.64214,-76.68863,2026-06-17,FELINO,PRIMERA VEZ,RABICAN,RAC261,1
2026,6,76233,DAGUA,ARO SUR CALI,3.64214,-76.68863,2026-06-26,FELINO,REVACUNADO,RABICAN,RAC261,1
2026,6,76233,DAGUA,ARO SUR CALI,3.64214,-76.68874,2026-06-26,FELINO,REVACUNADO,RABICAN,RAC261,1
2026,6,76233,DAGUA,ARO SUR CALI,3.64215,-76.68865,2026-06-26,FELINO,PRIMERA VEZ,RABICAN,RAC261,1
2026,6,76233,DAGUA,ARO SUR CALI,3.64216,-76.6886,2026-06-26,FELINO,PRIMERA VEZ,RABICAN,RAC261,1
2026,6,76233,DAGUA,ARO SUR CALI,3.64216,-76.68865,2026-06-26,FELINO,PRIMERA VEZ,RABICAN,RAC261,2
2026,6,76233,DAGUA,ARO SUR CALI,3.64216,-76.68866,2026-06-26,FELINO,PRIMERA VEZ,RABICAN,RAC261,1
2026,6,76233,DAGUA,ARO SUR CALI,3.64216,-76.68868,2026-06-26,CANINO,REVACUNADO,RABICAN,RAC261,1
2026,6,76233,DAGUA,ARO SUR CALI,3.64216,-76.68868,2026-06-26,FELINO,PRIMERA VEZ,RABICAN,RAC261,1
2026,6,76233,DAGUA,ARO SUR CALI,3.64216,-76.68868,2026-06-26,FELINO,REVACUNADO,RABICAN,RAC261,1
2026,6,76233,DAGUA,ARO SUR CALI,3.64216,-76.68873,2026-06-26,FELINO,PRIMERA VEZ,RABICAN,RAC561,1
2026,6,76233,DAGUA,ARO SUR CALI,3.64216,-76.68876,2026-06-26,CANINO,REVACUNADO,RABICAN,RAC261,1
2026,6,76233,DAGUA,ARO SUR CALI,3.64217,-76.6886,2026-06-26,FELINO,PRIMERA VEZ,RABICAN,RAC261,1
2026,6,76233,DAGUA,ARO SUR CALI,3.64217,-76.68864,2026-06-17,FELINO,PRIMERA VEZ,RABICAN,RAC261,1
2026,6,76233,DAGUA,ARO SUR CALI,3.64217,-76.68866,2026-06-26,CANINO,REVACUNADO,RABICAN,RAC261,1
2026,6,76233,DAGUA,ARO SUR CALI,3.64217,-76.68869,2026-06-26,FELINO,REVACUNADO,RABICAN,RAC261,1
2026,6,76233,DAGUA,ARO SUR CALI,3.64217,-76.6887,2026-06-26,CANINO,REVACUNADO,RABICAN,RAC261,1
2026,6,76233,DAGUA,ARO SUR CALI,3.64217,-76.6887,2026-06-26,CANINO,REVACUNADO,RABICAN,RAC264,1
2026,6,76233,DAGUA,ARO SUR CALI,3.64217,-76.68871,2026-06-26,FELINO,PRIMERA VEZ,RABICAN,RAC261,1
2026,6,76233,DAGUA,ARO SUR CALI,3.64217,-76.68872,2026-06-26,FELINO,REVACUNADO,RABICAN,RAC261,1
2026,6,76233,DAGUA,ARO SUR CALI,3.64217,-76.68875,2026-06-26,FELINO,REVACUNADO,RABICAN,RAC264,1
2026,6,76233,DAGUA,ARO SUR CALI,3.64217,-76.68878,2026-06-26,FELINO,REVACUNADO,RABICAN,RAC264,1
2026,6,76233,DAGUA,ARO SUR CALI,3.64218,-76.68862,2026-06-26,CANINO,REVACUNADO,RABICAN,RAC264,1
2026,6,76233,DAGUA,ARO SUR CALI,3.64218,-76.68865,2026-06-26,FELINO,REVACUNADO,RABICAN,RAC261,1
2026,6,76233,DAGUA,ARO SUR CALI,3.64218,-76.68866,2026-06-26,FELINO,REVACUNADO,RABICAN,RAC261,1
2026,6,76233,DAGUA,ARO SUR CALI,3.64218,-76.68868,2026-06-26,FELINO,REVACUNADO,RABICAN,RAC261,1
2026,6,76233,DAGUA,ARO SUR CALI,3.64218,-76.68871,2026-06-26,FELINO,PRIMERA VEZ,RABICAN,RAC261,1
2026,6,76233,DAGUA,ARO SUR CALI,3.64218,-76.68883,2026-06-26,FELINO,REVACUNADO,RABICAN,RAC261,1
2026,6,76233,DAGUA,ARO SUR CALI,3.64219,-76.6886,2026-06-26,FELINO,REVACUNADO,RABICAN,RAC261,1
2026,6,76233,DAGUA,ARO SUR CALI,3.64219,-76.68864,2026-06-26,FELINO,PRIMERA VEZ,RABICAN,RAC261,1
2026,6,76233,DAGUA,ARO SUR CALI,3.64219,-76.68866,2026-06-26,CANINO,REVACUNADO,RABICAN,RAC261,1
2026,6,76233,DAGUA,ARO SUR CALI,3.64219,-76.68867,2026-06-26,FELINO,REVACUNADO,RABICAN,RAC261,2
2026,6,76233,DAGUA,ARO SUR CALI,3.64219,-76.68869,2026-06-26,CANINO,REVACUNADO,RABICAN,RAC264,1
2026,6,76233,DAGUA,ARO SUR CALI,3.64219,-76.68869,2026-06-26,FELINO,PRIMERA VEZ,RABICAN,RAC261,1
2026,6,76233,DAGUA,ARO SUR CALI,3.64219,-76.6887,2026-06-26,FELINO,PRIMERA VEZ,RABICAN,RAC261,1
2026,6,76233,DAGUA,ARO SUR CALI,3.6422,-76.68863,2026-06-17,CANINO,PRIMERA VEZ,RABICAN,RAC261,1
2026,6,76233,DAGUA,ARO SUR CALI,3.6422,-76.68863,2026-06-17,FELINO,PRIMERA VEZ,RABICAN,RAC261,25
2026,6,76233,DAGUA,ARO SUR CALI,3.6422,-76.68863,2026-06-17,FELINO,REVACUNADO,RABICAN,RAC261,1
2026,6,76233,DAGUA,ARO SUR CALI,3.6422,-76.68864,2026-06-17,FELINO,PRIMERA VEZ,RABICAN,RAC261,43
2026,6,76233,DAGUA,ARO SUR CALI,3.6422,-76.68868,2026-06-26,FELINO,PRIMERA VEZ,RABICAN,RAC261,1
2026,6,76233,DAGUA,ARO SUR CALI,3.6422,-76.68871,2026-06-26,FELINO,REVACUNADO,RABICAN,RAC261,1
2026,6,76233,DAGUA,ARO SUR CALI,3.6422,-76.68872,2026-06-26,FELINO,PRIMERA VEZ,RABICAN,RAC261,2
2026,6,76233,DAGUA,ARO SUR CALI,3.64221,-76.68864,2026-06-17,FELINO,PRIMERA VEZ,RABICAN,RAC261,26
2026,6,76233,DAGUA,ARO SUR CALI,3.64221,-76.68868,2026-06-26,FELINO,REVACUNADO,RABICAN,RAC261,2
2026,6,76233,DAGUA,ARO SUR CALI,3.64221,-76.6887,2026-06-26,CANINO,REVACUNADO,RABICAN,RAC261,1
2026,6,76233,DAGUA,ARO SUR CALI,3.64221,-76.6887,2026-06-26,FELINO,PRIMERA VEZ,RABICAN,RAC261,1
2026,6,76233,DAGUA,ARO SUR CALI,3.64221,-76.68875,2026-06-26,FELINO,PRIMERA VEZ,RABICAN,RAC261,1
2026,6,76233,DAGUA,ARO SUR CALI,3.64223,-76.68872,2026-06-26,FELINO,PRIMERA VEZ,RABICAN,RAC261,1
2026,6,76233,DAGUA,ARO SUR CALI,3.64224,-76.68865,2026-06-26,FELINO,PRIMERA VEZ,RABICAN,RAC261,1
2026,6,76233,DAGUA,ARO SUR CALI,3.64226,-76.68874,2026-06-17,FELINO,PRIMERA VEZ,RABICAN,RAC261,1
2026,6,76233,DAGUA,ARO SUR CALI,3.64228,-76.68874,2026-06-26,FELINO,PRIMERA VEZ,RABICAN,RAC261,1
2026,6,76233,DAGUA,ARO SUR CALI,3.65118,-76.68619,2026-06-06,SIN DATO,SIN DATO,SIN DATO,SIN DATO,1
2026,6,76233,DAGUA,ARO SUR CALI,3.65136,-76.68197,2026-06-26,CANINO,REVACUNADO,RABICAN,RAC261,2
2026,6,76233,DAGUA,ARO SUR CALI,3.65136,-76.68197,2026-06-26,FELINO,PRIMERA VEZ,RABICAN,RAC261,5
2026,6,76233,DAGUA,ARO SUR CALI,3.65136,-76.68197,2026-06-26,FELINO,REVACUNADO,RABICAN,RAC261,1
2026,6,76233,DAGUA,ARO SUR CALI,3.65136,-76.68198,2026-06-26,CANINO,PRIMERA VEZ,RABICAN,RAC261,1
2026,6,76233,DAGUA,ARO SUR CALI,3.65137,-76.682,2026-06-26,FELINO,PRIMERA VEZ,RABICAN,RAC261,1
2026,6,76233,DAGUA,ARO SUR CALI,3.65151,-76.68189,2026-06-26,FELINO,PRIMERA VEZ,RABICAN,RAC261,3
2026,6,76233,DAGUA,ARO SUR CALI,3.65171,-76.68127,2026-06-26,FELINO,REVACUNADO,RABICAN,RAC261,1
2026,6,76233,DAGUA,ARO SUR CALI,3.65172,-76.68127,2026-06-26,CANINO,REVACUNADO,RABICAN,RAC261,1
2026,6,76233,DAGUA,ARO SUR CALI,3.65186,-76.68179,2026-06-26,CANINO,REVACUNADO,RABICAN,RAC261,1
2026,6,76233,DAGUA,ARO SUR CALI,3.65191,-76.68175,2026-06-26,FELINO,REVACUNADO,RABICAN,RAC261,1
2026,6,76233,DAGUA,ARO SUR CALI,3.65191,-76.68176,2026-06-26,FELINO,PRIMERA VEZ,RABICAN,RAC261,2
2026,6,76233,DAGUA,ARO SUR CALI,3.65191,-76.68176,2026-06-26,FELINO,REVACUNADO,RABICAN,RAC261,4
2026,6,76233,DAGUA,ARO SUR CALI,3.65192,-76.68175,2026-06-26,CANINO,REVACUNADO,RABICAN,RAC261,1
2026,6,76233,DAGUA,ARO SUR CALI,3.65192,-76.68175,2026-06-26,FELINO,PRIMERA VEZ,RABICAN,RAC261,2
2026,6,76233,DAGUA,ARO SUR CALI,3.65197,-76.68232,2026-06-26,CANINO,PRIMERA VEZ,RABICAN,RAC261,1
2026,6,76233,DAGUA,ARO SUR CALI,3.65197,-76.68232,2026-06-26,FELINO,PRIMERA VEZ,RABICAN,RAC261,1
2026,6,76233,DAGUA,ARO SUR CALI,3.65197,-76.68235,2026-06-26,CANINO,PRIMERA VEZ,RABICAN,RAC261,1
2026,6,76233,DAGUA,ARO SUR CALI,3.65202,-76.68286,2026-06-26,CANINO,REVACUNADO,RABICAN,RAC261,1
2026,6,76233,DAGUA,ARO SUR CALI,3.65202,-76.68583,2026-06-06,CANINO,PRIMERA VEZ,RABICAN,RAC263,1
2026,6,76233,DAGUA,ARO SUR CALI,3.65203,-76.68292,2026-06-26,CANINO,REVACUNADO,RABICAN,RAC261,1
2026,6,76233,DAGUA,ARO SUR CALI,3.65221,-76.68075,2026-06-26,CANINO,PRIMERA VEZ,RABICAN,RAC261,1
2026,6,76233,DAGUA,ARO SUR CALI,3.65221,-76.68075,2026-06-26,FELINO,REVACUNADO,RABICAN,RAC261,1
2026,6,76233,DAGUA,ARO SUR CALI,3.65222,-76.68271,2026-06-26,CANINO,REVACUNADO,RABICAN,RAC261,1
2026,6,76233,DAGUA,ARO SUR CALI,3.65223,-76.68246,2026-06-26,CANINO,REVACUNADO,RABICAN,RAC261,1
2026,6,76233,DAGUA,ARO SUR CALI,3.65378,-76.67999,2026-06-26,FELINO,REVACUNADO,RABICAN,RAC261,1
2026,6,76233,DAGUA,ARO SUR CALI,3.65385,-76.70822,2026-06-06,CANINO,PRIMERA VEZ,RABICAN,RAC263,1
2026,6,76233,DAGUA,ARO SUR CALI,3.65523,-76.68461,2026-06-06,SIN DATO,SIN DATO,SIN DATO,SIN DATO,1
2026,6,76233,DAGUA,ARO SUR CALI,3.65525,-76.68492,2026-06-26,CANINO,REVACUNADO,RABICAN,RAC261,1
2026,6,76233,DAGUA,ARO SUR CALI,3.65525,-76.68492,2026-06-26,FELINO,REVACUNADO,RABICAN,RAC261,3
2026,6,76233,DAGUA,ARO SUR CALI,3.65987,-76.68964,2026-06-26,CANINO,REVACUNADO,RABICAN,RAC261,1
2026,6,76233,DAGUA,ARO SUR CALI,3.65987,-76.68985,2026-06-26,FELINO,REVACUNADO,RABICAN,RAC261,1
2026,6,76233,DAGUA,ARO SUR CALI,3.65989,-76.68961,2026-06-26,CANINO,REVACUNADO,RABICAN,RAC261,1
2026,6,76233,DAGUA,ARO SUR CALI,3.6599,-76.68966,2026-06-26,CANINO,PRIMERA VEZ,RABICAN,RAC261,1
2026,6,76233,DAGUA,ARO SUR CALI,3.65992,-76.68972,2026-06-26,CANINO,REVACUNADO,RABICAN,RAC261,1
2026,6,76233,DAGUA,ARO SUR CALI,3.65993,-76.68971,2026-06-26,FELINO,REVACUNADO,RABICAN,RAC261,1
2026,6,76233,DAGUA,ARO SUR CALI,3.65997,-76.69012,2026-06-26,FELINO,REVACUNADO,RABICAN,RAC261,1
2026,6,76233,DAGUA,ARO SUR CALI,3.65998,-76.69015,2026-06-26,FELINO,REVACUNADO,RABICAN,RAC261,1
2026,6,76233,DAGUA,ARO SUR CALI,3.66,-76.69013,2026-06-26,CANINO,REVACUNADO,RABICAN,RAC261,1
2026,6,76233,DAGUA,ARO SUR CALI,3.66001,-76.69012,2026-06-26,CANINO,REVACUNADO,RABICAN,RAC261,1
2026,6,76233,DAGUA,ARO SUR CALI,3.66001,-76.69016,2026-06-26,CANINO,REVACUNADO,RABICAN,RAC261,1
2026,6,76233,DAGUA,ARO SUR CALI,3.66002,-76.69013,2026-06-26,CANINO,REVACUNADO,RABICAN,RAC261,1
2026,6,76233,DAGUA,ARO SUR CALI,3.66002,-76.69015,2026-06-26,CANINO,PRIMERA VEZ,RABICAN,RAC261,1
2026,6,76233,DAGUA,ARO SUR CALI,3.66003,-76.69013,2026-06-26,FELINO,REVACUNADO,RABICAN,RAC261,2
2026,6,76233,DAGUA,ARO SUR CALI,3.66004,-76.69012,2026-06-26,CANINO,REVACUNADO,RABICAN,RAC261,1
2026,6,76233,DAGUA,ARO SUR CALI,3.66004,-76.69013,2026-06-26,CANINO,REVACUNADO,RABICAN,RAC264,1
2026,6,76233,DAGUA,ARO SUR CALI,3.66005,-76.68963,2026-06-26,CANINO,PRIMERA VEZ,RABICAN,RAC261,1
2026,6,76233,DAGUA,ARO SUR CALI,3.66005,-76.69012,2026-06-26,FELINO,REVACUNADO,RABICAN,RAC261,1
2026,6,76233,DAGUA,ARO SUR CALI,3.66005,-76.69013,2026-06-26,FELINO,PRIMERA VEZ,RABICAN,RAC261,1
2026,6,76233,DAGUA,ARO SUR CALI,3.66005,-76.69014,2026-06-26,FELINO,REVACUNADO,RABICAN,RAC261,1
2026,6,76233,DAGUA,ARO SUR CALI,3.66007,-76.69013,2026-06-26,CANINO,REVACUNADO,RABICAN,RAC261,1
2026,6,76233,DAGUA,ARO SUR CALI,3.66008,-76.69013,2026-06-26,CANINO,REVACUNADO,RABICAN,RAC261,1
2026,6,76233,DAGUA,ARO SUR CALI,3.66008,-76.69015,2026-06-26,CANINO,REVACUNADO,RABICAN,RAC261,1
2026,6,76233,DAGUA,ARO SUR CALI,3.66009,-76.69012,2026-06-26,CANINO,REVACUNADO,RABICAN,RAC261,1
2026,6,76233,DAGUA,ARO SUR CALI,3.6601,-76.69013,2026-06-26,CANINO,REVACUNADO,RABICAN,RAC261,1
2026,6,76233,DAGUA,ARO SUR CALI,3.66017,-76.69017,2026-06-26,FELINO,REVACUNADO,RABICAN,RAC261,1
2026,6,76233,DAGUA,ARO SUR CALI,3.66019,-76.6896,2026-06-26,FELINO,PRIMERA VEZ,RABICAN,RAC261,1
2026,6,76233,DAGUA,ARO SUR CALI,3.66019,-76.68961,2026-06-26,FELINO,REVACUNADO,RABICAN,RAC261,1
2026,6,76233,DAGUA,ARO SUR CALI,3.66028,-76.68958,2026-06-26,FELINO,REVACUNADO,RABICAN,RAC261,1
2026,6,76233,DAGUA,ARO SUR CALI,3.6603,-76.68957,2026-06-26,FELINO,REVACUNADO,RABICAN,RAC261,1
2026,6,76233,DAGUA,ARO SUR CALI,3.66032,-76.68958,2026-06-26,CANINO,PRIMERA VEZ,RABICAN,RAC261,1
2026,6,76233,DAGUA,ARO SUR CALI,3.66033,-76.68956,2026-06-26,CANINO,REVACUNADO,RABICAN,RAC261,1
2026,6,76233,DAGUA,ARO SUR CALI,3.66033,-76.68958,2026-06-26,CANINO,REVACUNADO,RABICAN,RAC261,1
2026,6,76233,DAGUA,ARO SUR CALI,3.66034,-76.68958,2026-06-26,CANINO,REVACUNADO,RABICAN,RAC261,3
2026,6,76233,DAGUA,ARO SUR CALI,3.66034,-76.68958,2026-06-26,FELINO,REVACUNADO,RABICAN,RAC261,1
2026,6,76233,DAGUA,ARO SUR CALI,3.66035,-76.68957,2026-06-26,FELINO,PRIMERA VEZ,RABICAN,RAC261,1
2026,6,76233,DAGUA,ARO SUR CALI,3.66035,-76.68958,2026-06-26,FELINO,PRIMERA VEZ,RABICAN,RAC261,1
2026,6,76233,DAGUA,ARO SUR CALI,3.66109,-76.7188,2026-06-06,CANINO,PRIMERA VEZ,RABICAN,RAC261,5
2026,6,76233,DAGUA,ARO SUR CALI,3.66111,-76.71317,2026-06-06,CANINO,PRIMERA VEZ,RABICAN,RAC261,3
2026,6,76233,DAGUA,ARO SUR CALI,3.66111,-76.71317,2026-06-06,FELINO,PRIMERA VEZ,RABICAN,RAC261,6
2026,6,76233,DAGUA,ARO SUR CALI,3.66111,-76.71317,2026-06-06,SIN DATO,SIN DATO,SIN DATO,SIN DATO,1
2026,6,76233,DAGUA,ARO SUR CALI,3.66111,-76.71318,2026-06-06,FELINO,PRIMERA VEZ,RABICAN,RAC261,1
2026,6,76233,DAGUA,ARO SUR CALI,3.66111,-76.71318,2026-06-06,SIN DATO,SIN DATO,SIN DATO,SIN DATO,1
2026,6,76233,DAGUA,ARO SUR CALI,3.66142,-76.68997,2026-06-26,FELINO,REVACUNADO,RABICAN,RAC261,1
2026,6,76233,DAGUA,ARO SUR CALI,3.66143,-76.68996,2026-06-26,CANINO,REVACUNADO,RABICAN,RAC261,1
2026,6,76233,DAGUA,ARO SUR CALI,3.66144,-76.68995,2026-06-26,FELINO,REVACUNADO,RABICAN,RAC261,2
2026,6,76233,DAGUA,ARO SUR CALI,3.66144,-76.68996,2026-06-26,CANINO,REVACUNADO,RABICAN,RAC261,1
2026,6,76233,DAGUA,ARO SUR CALI,3.6619,-76.71117,2026-06-06,SIN DATO,SIN DATO,SIN DATO,SIN DATO,1
2026,6,76233,DAGUA,ARO SUR CALI,3.6619,-76.71118,2026-06-06,CANINO,PRIMERA VEZ,RABICAN,RAC261,1
2026,6,76233,DAGUA,ARO SUR CALI,3.66191,-76.71117,2026-06-06,CANINO,PRIMERA VEZ,RABICAN,RAC261,2
2026,6,76233,DAGUA,ARO SUR CALI,3.66248,-76.71082,2026-06-06,SIN DATO,SIN DATO,SIN DATO,SIN DATO,1
2026,6,76233,DAGUA,ARO SUR CALI,3.66267,-76.68986,2026-06-26,FELINO,PRIMERA VEZ,RABICAN,RAC261,1
2026,6,76233,DAGUA,ARO SUR CALI,3.66267,-76.68987,2026-06-26,CANINO,REVACUNADO,RABICAN,RAC261,1
2026,6,76233,DAGUA,ARO SUR CALI,3.66269,-76.68989,2026-06-26,CANINO,REVACUNADO,RABICAN,RAC261,1
2026,6,76233,DAGUA,ARO SUR CALI,3.66274,-76.68988,2026-06-26,FELINO,REVACUNADO,RABICAN,RAC261,1
2026,6,76233,DAGUA,ARO SUR CALI,3.66281,-76.68995,2026-06-26,CANINO,REVACUNADO,RABICAN,RAC261,1
2026,6,76233,DAGUA,ARO SUR CALI,3.66288,-76.69,2026-06-26,FELINO,REVACUNADO,RABICAN,RAC261,1
2026,6,76233,DAGUA,ARO SUR CALI,3.66289,-76.68999,2026-06-26,CANINO,REVACUNADO,RABICAN,RAC261,1
2026,6,76233,DAGUA,ARO SUR CALI,3.6629,-76.69002,2026-06-26,FELINO,REVACUNADO,RABICAN,RAC261,1
2026,6,76233,DAGUA,ARO SUR CALI,3.66292,-76.69,2026-06-26,CANINO,PRIMERA VEZ,RABICAN,RAC261,1
2026,6,76233,DAGUA,ARO SUR CALI,3.66294,-76.69005,2026-06-26,CANINO,REVACUNADO,RABICAN,RAC261,3
2026,6,76233,DAGUA,ARO SUR CALI,3.66294,-76.69006,2026-06-26,FELINO,PRIMERA VEZ,RABICAN,RAC261,1
2026,6,76233,DAGUA,ARO SUR CALI,3.66294,-76.69006,2026-06-26,FELINO,REVACUNADO,RABICAN,RAC261,1
2026,6,76233,DAGUA,ARO SUR CALI,3.66295,-76.69005,2026-06-26,CANINO,REVACUNADO,RABICAN,RAC261,1
2026,6,76233,DAGUA,ARO SUR CALI,3.66574,-76.71504,2026-06-06,CANINO,PRIMERA VEZ,RABICAN,RAC261,5
2026,6,76233,DAGUA,ARO SUR CALI,3.66574,-76.71504,2026-06-06,FELINO,PRIMERA VEZ,RABICAN,RAC261,3
2026,6,76233,DAGUA,ARO SUR CALI,3.66574,-76.71504,2026-06-06,SIN DATO,SIN DATO,SIN DATO,SIN DATO,1
2026,6,76233,DAGUA,ARO SUR CALI,3.66606,-76.7145,2026-06-06,CANINO,PRIMERA VEZ,RABICAN,RAC261,1
2026,6,76233,DAGUA,ARO SUR CALI,3.66606,-76.7145,2026-06-06,FELINO,PRIMERA VEZ,RABICAN,RAC261,3
2026,6,76233,DAGUA,ARO SUR CALI,3.66607,-76.71451,2026-06-06,CANINO,PRIMERA VEZ,RABICAN,RAC261,1
2026,6,76233,DAGUA,ARO SUR CALI,3.66625,-76.71505,2026-06-06,CANINO,PRIMERA VEZ,RABICAN,RAC261,2
2026,6,76233,DAGUA,ARO SUR CALI,3.66625,-76.71505,2026-06-06,FELINO,PRIMERA VEZ,RABICAN,RAC261,2
2026,6,76233,DAGUA,ARO SUR CALI,3.66641,-76.71484,2026-06-06,CANINO,PRIMERA VEZ,RABICAN,RAC261,1
2026,6,76233,DAGUA,ARO SUR CALI,3.6669,-76.68395,2026-06-25,FELINO,PRIMERA VEZ,RABICAN,RAC261,2
2026,6,76233,DAGUA,ARO SUR CALI,3.6672,-76.71501,2026-06-06,CANINO,PRIMERA VEZ,RABICAN,RAC263,2
2026,6,76233,DAGUA,ARO SUR CALI,3.6672,-76.71501,2026-06-06,FELINO,PRIMERA VEZ,RABICAN,RAC263,2
2026,6,76233,DAGUA,ARO SUR CALI,3.66816,-76.71468,2026-06-06,CANINO,PRIMERA VEZ,RABICAN,RAC263,2
2026,6,76233,DAGUA,ARO SUR CALI,3.66832,-76.71382,2026-06-06,FELINO,PRIMERA VEZ,RABICAN,RAC263,2
2026,6,76233,DAGUA,ARO SUR CALI,3.66832,-76.71404,2026-06-06,CANINO,PRIMERA VEZ,RABICAN,RAC263,1
2026,6,76233,DAGUA,ARO SUR CALI,3.66832,-76.71404,2026-06-06,FELINO,PRIMERA VEZ,RABICAN,RAC263,3
2026,6,76233,DAGUA,ARO SUR CALI,3.66849,-76.71338,2026-06-06,SIN DATO,SIN DATO,SIN DATO,SIN DATO,1
2026,6,76233,DAGUA,ARO SUR CALI,3.66882,-76.71151,2026-06-06,CANINO,PRIMERA VEZ,RABICAN,RAC263,1
2026,6,76233,DAGUA,ARO SUR CALI,3.66882,-76.71151,2026-06-06,FELINO,PRIMERA VEZ,RABICAN,RAC263,1
2026,6,76233,DAGUA,ARO SUR CALI,3.66906,-76.71174,2026-06-06,CANINO,PRIMERA VEZ,RABICAN,RAC263,2
2026,6,76233,DAGUA,ARO SUR CALI,3.66906,-76.71174,2026-06-06,FELINO,PRIMERA VEZ,RABICAN,RAC263,4
2026,6,76233,DAGUA,ARO SUR CALI,3.67296,-76.71727,2026-06-06,FELINO,PRIMERA VEZ,RABICAN,RAC263,1
2026,6,76233,DAGUA,ARO SUR CALI,3.67296,-76.71727,2026-06-06,SIN DATO,SIN DATO,SIN DATO,SIN DATO,2
2026,6,76233,DAGUA,ARO SUR CALI,3.67552,-76.71635,2026-06-06,CANINO,PRIMERA VEZ,RABICAN,RAC263,5
2026,6,76233,DAGUA,ARO SUR CALI,3.67552,-76.71635,2026-06-06,FELINO,PRIMERA VEZ,RABICAN,RAC263,2
2026,6,76233,DAGUA,ARO SUR CALI,3.68318,-76.65379,2026-06-25,CANINO,REVACUNADO,RABICAN,RAC261,1
2026,6,76233,DAGUA,ARO SUR CALI,3.68672,-76.65553,2026-06-25,CANINO,REVACUNADO,RABICAN,RAC261,1
2026,6,76233,DAGUA,ARO SUR CALI,3.68673,-76.65553,2026-06-25,CANINO,REVACUNADO,RABICAN,RAC261,3
2026,6,76233,DAGUA,ARO SUR CALI,3.68673,-76.65553,2026-06-25,FELINO,PRIMERA VEZ,RABICAN,RAC261,1
2026,6,76233,DAGUA,ARO SUR CALI,3.68738,-76.66846,2026-06-25,FELINO,PRIMERA VEZ,RABICAN,RAC261,1
2026,6,76233,DAGUA,ARO SUR CALI,3.68755,-76.65924,2026-06-25,CANINO,REVACUNADO,RABICAN,RAC261,2
2026,6,76233,DAGUA,ARO SUR CALI,3.68756,-76.65923,2026-06-25,CANINO,REVACUNADO,RABICAN,RAC261,1
2026,6,76233,DAGUA,ARO SUR CALI,3.68767,-76.66388,2026-06-25,CANINO,PRIMERA VEZ,RABICAN,RAC261,1
2026,6,76233,DAGUA,ARO SUR CALI,3.68772,-76.65998,2026-06-25,SIN DATO,SIN DATO,SIN DATO,SIN DATO,1
2026,6,76233,DAGUA,ARO SUR CALI,3.68773,-76.65997,2026-06-25,CANINO,PRIMERA VEZ,RABICAN,RAC261,2
2026,6,76233,DAGUA,ARO SUR CALI,3.68779,-76.65922,2026-06-25,CANINO,PRIMERA VEZ,RABICAN,RAC261,1
2026,6,76233,DAGUA,ARO SUR CALI,3.68779,-76.65922,2026-06-25,CANINO,REVACUNADO,RABICAN,RAC261,3
2026,6,76233,DAGUA,ARO SUR CALI,3.68779,-76.65922,2026-06-25,FELINO,PRIMERA VEZ,RABICAN,RAC261,1
2026,6,76233,DAGUA,ARO SUR CALI,3.68779,-76.65922,2026-06-25,FELINO,REVACUNADO,RABICAN,RAC261,1
2026,6,76233,DAGUA,ARO SUR CALI,3.68779,-76.65923,2026-06-25,CANINO,PRIMERA VEZ,RABICAN,RAC261,2
2026,6,76233,DAGUA,ARO SUR CALI,3.68779,-76.65923,2026-06-25,CANINO,REVACUNADO,RABICAN,RAC261,1
2026,6,76233,DAGUA,ARO SUR CALI,3.68798,-76.65658,2026-06-25,CANINO,PRIMERA VEZ,RABICAN,RAC261,2
2026,6,76233,DAGUA,ARO SUR CALI,3.68798,-76.65658,2026-06-25,CANINO,REVACUNADO,RABICAN,RAC261,2
2026,6,76233,DAGUA,ARO SUR CALI,3.68798,-76.65659,2026-06-25,CANINO,PRIMERA VEZ,RABICAN,RAC261,2
2026,6,76233,DAGUA,ARO SUR CALI,3.68799,-76.65658,2026-06-25,CANINO,PRIMERA VEZ,RABICAN,RAC261,1
2026,6,76233,DAGUA,ARO SUR CALI,3.68799,-76.65659,2026-06-25,CANINO,PRIMERA VEZ,RABICAN,RAC261,1
2026,6,76233,DAGUA,ARO SUR CALI,3.68799,-76.65659,2026-06-25,CANINO,REVACUNADO,RABICAN,RAC261,2
2026,6,76233,DAGUA,ARO SUR CALI,3.68799,-76.65659,2026-06-25,FELINO,PRIMERA VEZ,RABICAN,RAC261,5
2026,6,76233,DAGUA,ARO SUR CALI,3.688,-76.65659,2026-06-25,FELINO,PRIMERA VEZ,RABICAN,RAC261,1
2026,6,76233,DAGUA,ARO SUR CALI,3.68862,-76.66683,2026-06-25,CANINO,PRIMERA VEZ,RABICAN,RAC261,1
2026,6,76233,DAGUA,ARO SUR CALI,3.68862,-76.66685,2026-06-25,CANINO,PRIMERA VEZ,RABICAN,RAC261,1
2026,6,76233,DAGUA,ARO SUR CALI,3.68865,-76.66685,2026-06-25,FELINO,PRIMERA VEZ,RABICAN,RAC261,1
2026,6,76233,DAGUA,ARO SUR CALI,3.68869,-76.66688,2026-06-25,FELINO,PRIMERA VEZ,RABICAN,RAC261,1
2026,6,76233,DAGUA,ARO SUR CALI,3.70615,-76.66198,2026-06-25,CANINO,PRIMERA VEZ,RABICAN,RAC261,1
2026,6,76233,DAGUA,ARO SUR CALI,3.71088,-76.67646,2026-06-25,CANINO,PRIMERA VEZ,RABICAN,RAC261,1
2026,6,76233,DAGUA,ARO SUR CALI,3.71331,-76.67358,2026-06-25,CANINO,PRIMERA VEZ,RABICAN,RAC261,8
2026,6,76233,DAGUA,ARO SUR CALI,3.71331,-76.67358,2026-06-25,FELINO,PRIMERA VEZ,RABICAN,RAC261,4
2026,6,76233,DAGUA,ARO SUR CALI,3.71792,-76.67177,2026-06-25,CANINO,PRIMERA VEZ,RABICAN,RAC261,1
