CODIGO_SISA_ACUEDUCTO;NOMBRE_ACUEDUCTO;MUNICIPIOS;SEDES_TOTAL;ESTUDIANTES_TOTAL;SEDES_ALTO_INVIABLE;ESTUDIANTES_ALTO_INVIABLE;SEDES_CON_BRECHA;PRIORIDAD_MAXIMA;PRIORIDAD_PROMEDIO
3178;ASOCIACIÓN COMUNITARIA ADMINISTRADORA DEL ACUEDUCTO DE QUEBRADA GRANDE;LA UNION;6;80;6;80;1;72.67;69.52
309;ADMINISTRACIÓN COOPERATIVA ULLOA E.S.P - SISTEMA #2 BERLÍN - MOCTEZUMA;ULLOA;5;222;5;222;0;59.71;55.91
3461;ASOCIACIÓN DE USUARIOS DEL ACUEDUCTOS DEL ROBLE SISTEMA # 2;ANSERMANUEVO;5;34;5;34;0;68.44;67.03
3508;ASOCIACIÓN DE USUARIOS DEL ACUEDUCTO LA PALMA;ARGELIA;4;31;4;31;0;69.31;68.63
1116;ASOCIACION DE USUARIOS ACUEDUCTO LA TULIA;BOLIVAR;3;432;3;432;2;64.65;63.89
2153;ASOCIACION AGUAS DE GALICIA;BUGALAGRANDE;3;330;3;330;0;62.74;61.36
3272;ASOCIACION DE USUARIOS AGUA ALBANIA ESP;YOTOCO;3;78;3;78;1;74.29;72.28
2082;ACUEDUCTO AGUACOLORADAS;SEVILLA;3;53;3;53;0;72.12;70.46
2562;ADMINISTRACIÓN COOPERATIVA ULLOA E.S.P - SISTEMA #1 CHAPINERO;ULLOA;3;32;3;32;0;57.04;55.47
2154;ASOCIACIÓN DE USUARIOS DEL ACUEDUCTOS DEL ROBLE SISTEMA # 1 SAN AGUSTIN;ANSERMANUEVO;3;23;3;23;0;69.05;68.64
359;ASOJUMACHAGUA;GUACARÍ;3;23;3;23;1;62.41;59.44
44;ASOCIACIÓN CÍVICA JUNTA ADMINISTRADORA DEL ACUEDUCTO CGTO SAN FRANCISCO;TORO;2;307;2;307;0;77.29;76.31
3670;ASORETIRO;LA CUMBRE;2;197;2;197;0;63.25;59.52
349;ASOCIACIÓN DE USUARIOS DEL ACUEDUCTO DEL CORREGIMIENTO LA SELVA - ASUACLAS;GINEBRA;2;125;2;125;0;65.64;64.1
1922;ASOCIACIÓN DE USUARIOS DEL ACUEDUCTO Y ALCANTARILLADO DE VILLA RODAS # 1;OBANDO;2;99;2;99;2;76.21;75.29
2215;ASOCIACIÓN DE USUARIOS DEL ACUEDUCTO RURAL COMUNITARIO DEL CORREGIMIENTO ALBAN AGUALBAN;EL CAIRO;2;73;2;73;1;62.42;58.72
141;ASOCIACIÓN DE USUARIOS DEL ACUEDUCTO RURAL COMUNITARIO DEL CORREGIMIENTO CARBONERO;VIJES;2;62;2;62;0;64.08;61.79
2625;ASOCIACIÓN DE USUARIOS DEL ACUEDUCTO RURAL COMUNITARIO DEL CORREGIMIENTO DE SAN ISIDRO;OBANDO;2;59;2;59;1;59.89;59.3
11893;ACUEDUCTO RURAL DE BETANIA;BOLIVAR;2;58;2;58;1;60.62;59.26
352;JUNTA ADMINISTRADORA ACUEDUCTO CORREGIMIENTO JUNTAS;GINEBRA;2;56;2;56;0;63.76;61.63
1482;JUNTA ADMINISTRADORA COMUNITARIA DEL ACUEDUCTO DEL CORREGIMIENTO EL PORVENIR JACA NO. 16;VIJES;2;27;2;27;0;75.63;73.5
SIN CODIGO SISA;FRIBOVALLE;PRADERA;2;23;2;23;0;61.24;59.68
SIN CODIGO SISA;LA CARBONERA;PRADERA;2;21;2;21;0;50.39;50.28
1953;ASOCIACIÓN ADMINISTRADORA DEL ACUEDUCTO RURAL COMUNITARIO DEL CORREGIMIENTO LA FLORIDA;VERSALLES;2;19;2;19;0;69.54;69.15
2151;ASOCIACION DE USUARIOS ACUEDUCTO DE FRONTINO, QUIEBRA Y CRUCERO;CAICEDONIA;2;16;2;16;0;55.3;55.0
2611;JUNTA DE ACCION COMUNAL VEREDA EL GUAYABO - SAN LUIS - EL SALADO;EL AGUILA;2;9;2;9;0;54.33;53.57
899;ACUEDUCTO RURAL VEREDA EL PIE;ROLDANILLO;2;5;2;5;2;55.91;52.88
14230;ACUEDUCTO RURAL ALTO ZABALETAS;RESTREPO;1;263;1;263;0;77.94;77.94
1282;JUNTA ADMINISTRADORA ACUEDUCTO RURAL VEREDA LA BALSORA;VERSALLES;1;221;1;221;1;75.86;75.86
507;ASOCIACION DE USUARIOS ACUEDUCTO PORTUGAL DE PIEDRAS ACUAPORT;RIOFRIO;1;193;1;193;0;63.35;63.35
505;ACUEDUCTO RURAL LOS ESTRECHOS;RIOFRIO;1;156;1;156;0;62.77;62.77
144;JUNTA ADMINISTRADORA COMUNITARIA DEL ACUEDUCTO # 12 DEL CORREGIMIENTO LA FRESNEDA;VIJES;1;145;1;145;0;80.53;80.53
123;LOMITAS;PRADERA;2;224;1;140;0;62.48;45.3
3260;ACUEDUCTO RURAL EL GUADUAL JIGUALES - ACUAJIGUALES;CALIMA;1;112;1;112;0;61.88;61.88
2073;ASOCIACION DE USUARIOS DEL SERVICIO DE AGUA POTABLE DE LA VEREDA SANTA ROSA - AVESARO;RESTREPO;1;99;1;99;0;75.3;75.3
2173;ASOCIACION DE USUARIOS DEL ACUEDUCTO DE PAILA ARRIBA;BUGALAGRANDE;1;85;1;85;0;61.14;61.14
2646;JUNTA DE ACUEDUCTO PUENTE TIERRA LA BOHEMIA;YOTOCO;1;85;1;85;0;74.89;74.89
16737;ASOCIACION AGUAS DE BUENOS AIRES;SAN PEDRO;1;80;1;80;0;74.73;74.73
3462;ACUEDUCTO COMUNITARIO AGUAS LA ALEJANDRÍA - LA HONDURA;EL DOVIO;1;75;1;75;0;57.21;57.21
4065;ACUEDUCTO RURAL VEREDA LA ITALIA;CALIMA;1;73;1;73;0;74.48;74.48
SIN CODIGO SISA;ASOCIACIÓN DE USUARIOS DEL SERVICIO DE AGUA POTABLE DEL LIMONAR MUNICIPIO DE DAGUA;DAGUA;1;68;1;68;0;64.74;64.74
4993;ASOCIACIÓN DE USUARIOS LIVERPOOL;YOTOCO;1;61;1;61;0;60.25;60.25
19793;ASOCIACIÓN DE USUARIOS DEL ACUEDUCTO RURAL COMUNITARIO DE LA VEREDA CAIMITAL;VIJES;1;52;1;52;0;59.83;59.83
2729;ASOCIACION DE USUARIOS DEL ACUEDUCTO DEL CORREGIMIENTO DE LA SONORA - ACUASONORA;TRUJILLO;1;49;1;49;0;73.42;73.42
10699;JUNTA ADMINSITRADORA DE ACUEDUCTO BURILAS;CAICEDONIA;1;47;1;47;0;73.31;73.31
4972;ACUEDUCTO LAS BRISAS;RIOFRIO;1;47;1;47;0;73.31;73.31
7303;ACUEDUCTO RURAL COROZAL;RIOFRIO;1;45;1;45;0;73.19;73.19
115;PEDREGAL 1 ETAPA;FLORIDA;1;43;1;43;0;77.27;77.27
SIN CODIGO SISA;LOS CALEÑOS;FLORIDA;1;41;1;41;0;63.4;63.4
SIN CODIGO SISA;ASOCIACION DE USUARIOS DEL ACUEDUCTO DEL CORREGIMIENTO DE CHORRERAS  - ASUACH;BUGALAGRANDE;1;32;1;32;0;58.54;58.54
2191;ACUEDUCTO RURAL VEREDA LA QUIEBRA;TORO;1;31;1;31;0;72.21;72.21
SIN CODIGO SISA;ACUEDUCTO EL CEBOLLAL;SEVILLA;1;31;1;31;0;58.46;58.46
13246;ACUEDUCTO RURAL PARDO ALTO;ANDALUCÍA;1;30;1;30;0;58.37;58.37
21217;ACUEDUCTO RURAL VEREDA SANTA ELENA BAJA;EL AGUILA;1;29;1;29;0;72.03;72.03
358;ASOCIACION DE USUARIOS DEL SERVICIO DE AGUA POTABLE Y ALCANTARILLADO DE LA VEREDA EL CHILCAL;DAGUA;1;29;1;29;0;72.03;72.03
1259;ACUEDUCTO RURAL CAMPO ALEGRE;VERSALLES;1;28;1;28;0;68.34;68.34
2194;ASOCIACIÓN DE LA JUNTA ADMINISTRADORA DEL ACUEDUCTO RURAL COLECTIVO DE PATIO BONITO- LA ROBLEDA-SABANAZO;TORO;1;27;1;27;0;71.84;71.84
2198;ACUEDUCTO RURAL VENTA QUEMADA BUENA VISTA.;TORO;1;27;1;27;0;58.09;58.09
4071;ASOCIACION DE USUARIOS DEL ACUEDUCTO VEREDAL VILLA AURES-DABEIBA;CAICEDONIA;1;23;1;23;0;57.68;57.68
4384;ASOCIACION DE USUARIOS DEL ACUEDUCTO RURAL LA PRIMAVERA;CALIMA;1;23;1;23;0;71.43;71.43
901;ASIOCIACION DE USUARIOS DEL ACUEDUCTO DE LA CEDALIA;EL AGUILA;1;23;1;23;0;57.68;57.68
SIN CODIGO SISA;SAN JOAQUIN;FLORIDA;1;23;1;23;0;61.88;61.88
120;SAN ISIDRO;PRADERA;1;20;1;20;0;61.51;61.51
18070;JUNTA ADMINISTRADORA ACUEDUCTO GUAQUEROS;SAN PEDRO;1;20;1;20;0;71.06;71.06
904;ASOCIACION DE USUARIOS ACUEDUCTO LA ALBANIA;EL AGUILA;1;20;1;20;0;53.71;53.71
1396;ACUEDUCTO CARRIZAL;EL CERRITO;1;19;1;19;0;53.58;53.58
2788;ACUEDUCTO ACUABETULIA;TRUJILLO;1;19;1;19;0;57.18;57.18
351;JUNTA DE ACCIÓN COMUNAL VEREDA LAS HERMOSAS;GINEBRA;1;19;1;19;0;61.38;61.38
3295;ACUEDUCTO RURAL FLORIDA  - ACUAFLORIDA;CALIMA;1;18;1;18;0;57.04;57.04
SIN CODIGO SISA;ACUEDUCTO RURAL SANTA ELENA;EL DOVIO;1;18;1;18;0;67.19;67.19
SIN CODIGO SISA;ADMINISTRACIÓN COOPERATIVA ULLOA E.S.P - SISTEMA #2 BERLÍN - MOCTEZUMA;ULLOA;1;18;1;18;0;57.04;57.04
SIN CODIGO SISA;DISTRITO DE RIEGO ASODIS ALTO BONITO;BUGALAGRANDE;1;18;1;18;0;57.04;57.04
2203;ACUEDUCTO RURAL CORREGIMIENTO LA SALMELIA;EL CAIRO;1;17;1;17;0;70.65;70.65
346;ASOCIACION COMUNITARIA ADMINISTRADORA DEL ACUEDUCTO DE LA LOCALIDAD DE SANTA MARIA MUNICIPIO DE DAGUA - ACOACEDRO;DAGUA;1;17;1;17;0;61.1;61.1
3497;ASOCIACION MUNICIPAL DE ACUEDUCTOS RURALES AGUA Y VIDA - LA LINEA;EL AGUILA;1;17;1;17;0;53.3;53.3
527;ACUEDUCTO RURAL LA HONDURA;ANSERMANUEVO;1;17;1;17;0;56.9;56.9
SIN CODIGO SISA;ACUASALUD EL RETIRO;PRADERA;1;17;1;17;0;61.1;61.1
1052;JUNTA ADMINISTRATIVA DE ACUEDUCTO DEL CORREGIMIENTO CACHIMBAL JACA # 9 LA ESTRELLA;VIJES;1;16;1;16;0;60.94;60.94
2881;ACUEDUCTO COMUNITARIO CANAIMA;GINEBRA;1;16;1;16;0;74.69;74.69
499;ASOCIACION DE USUARIOS DE LOS ACUEDUCTOS EL JARDÍN CALIMITA;YOTOCO;1;16;1;16;0;70.49;70.49
9977;ACUEDUCTO ACUAMORROPLANCHO ALTO;RIOFRIO;1;16;1;16;0;56.74;56.74
1121;JUNTA ADMINISTRADORA ACUEDUCTO POTRERILLO;ANDALUCÍA;1;15;1;15;0;56.58;56.58
2147;ASOCIACION GESTORA COMUNITARIA DEL AGUA DEL CORREGIMIENTO LA CABAÑA;ANSERMANUEVO;1;15;1;15;0;70.33;70.33
231;ASOCIACION DE USUARIOS DEL ACUEDUCTO VEREDAS BUENAVISTA LA BOHEMIA;TRUJILLO;1;15;1;15;0;56.58;56.58
2766;ASOCIACION DE USUARIOS ACUEDUCTO AGUAS ARRIBA LA JUDEA;RIOFRIO;1;15;1;15;0;56.58;56.58
3954;ASOCIACION DE USUARIOS ACUEDUCTO SAN JOSE DEL SALADO PARTE ALTA - ASUSAL;DAGUA;1;15;1;15;0;60.78;60.78
1898;JUNTA DE ACCIÓN COMUNAL DE LA VEREDA PAN DE AZÚCAR (LA ESTRELLA);TORO;1;14;1;14;0;56.4;56.4
1906;ACUEDUCTO RURAL CORREGIMIENTO SAN JOSE;OBANDO;1;14;1;14;0;70.15;70.15
2564;COOPERATIVA MARAVELEZ ALCALA ESP - SISTEMA # 5;ALCALA;2;26;1;14;0;56.4;46.58
2787;ASOCIACION DE USUARIOS DEL SISTEMA DE SUMINISTRO DE AGUA RURAL COMUNITARIA DE LA VEREDA MUÑECOS;YOTOCO;1;14;1;14;0;70.15;70.15
919;ASOCIACION DE USUARIOS DEL ACUEDUCTO RURAL COMUNITARIO LA QUIEBRA DE SAN PABLO;EL AGUILA;1;14;1;14;0;56.4;56.4
14211;ASOCIACION DE ACUEDUCTO MANATIAL DE VIDA MARACAIBO;TRUJILLO;1;13;1;13;0;69.96;69.96
25167;ASOCIACION DE USUARIOS DEL ACUEDUCTO Y/O ALCANTARILLADO GUADUALEJO ESP;SAN PEDRO;1;13;1;13;0;56.21;56.21
3406;ASOCIACION DE USUARIOS DEL SISTEMA DE AGUA RURAL COMUNITARIA DE DOPO;YOTOCO;1;13;1;13;0;56.21;56.21
542;ASOCIACION DE USUARIOS DEL ACUEDUCTO DE LA VEREDA EL VENADO;SEVILLA;1;13;1;13;0;56.21;56.21
6836;ASOCIACION JUNTA ADMINISTRADORA DEL ACUEDUCTO DE LA VEREDA PATIO BONITO;GINEBRA;1;13;1;13;0;74.16;74.16
SIN CODIGO SISA;PROAGUA PUEBLO NUEVO;FLORIDA;1;13;1;13;0;60.41;60.41
2169;ASOCIACION DE USUARIOS DEL SERVICIO COMUNITARIO DE LA MONTAÑUELA - AUSCRAALMA;BOLIVAR;1;12;1;12;1;71.76;71.76
3463;ASOCIACION DE USUARIOS ACUEDUCTO RURAL COMUNITARIO CORREGIMIENTO DE BITACO;EL DOVIO;1;12;1;12;0;56.01;56.01
3577;ASOCIACION DE USUARIOS DEL ACUEDUCTO RURAL COMUNITARIO VEREDA LA ESPERANZA AGUAS DEL DANUBIO;EL DOVIO;1;12;1;12;0;56.01;56.01
3683;ASICIACION DE USUARIOS DEL ACUEDUCTO DE LA LIBERTAD CATARINA;EL AGUILA;1;12;1;12;0;56.01;56.01
6890;ASOCIACION DE USUARIOS DEL SISTEMA DE AGUA RURAL COMUNITARIA DE LA VEREDA CORDOBITAS - AGUAS CORDOBITAS;YOTOCO;1;12;1;12;0;56.01;56.01
11681;S.D;BOLIVAR;1;11;1;11;1;57.79;57.79
13988;ASOCIACIÓN DE USUARIOS DEL ACUEDUCTO DE CASCARILLO MUNICIPIO DE ROLDANILLO ARCAS;ROLDANILLO;1;11;1;11;0;52.19;52.19
2864;ASOCIACION RURAL ACUEDUCTO VEREDA CENTELLA - PARTE ALTA;DAGUA;1;11;1;11;0;59.99;59.99
302;JUNTA DE ACCIÓN COMUNAL VEREDA EL BRILLANTE;ULLOA;1;11;1;11;0;69.54;69.54
3466;JUNTA ADMINISTRADORA DEL ACUEDUCTO CALLE LARGA;EL DOVIO;1;11;1;11;0;69.54;69.54
7402;ASOCIACION DE USUARIOS DEL SISTEMA DE SUMINISTRO DE AGUA RURAL COMUNITARIA CORREGIMIENTO EL DORADO VEREDA COLORADOS;YOTOCO;1;11;1;11;0;69.54;69.54
8864;ACUEDUCTO ALTO BOLEO;CALIMA;1;11;1;11;1;71.54;71.54
8947;JUNTA ADMINISTRADORA COMUNITARIA ACUEDUCTO MOZAMBIQUE JACA NO. 17;VIJES;1;11;1;11;0;73.74;73.74
9361;ASOCIACIÓN DE USUARIOS DEL ACUEDUCTO AGUAS, AGUA Y VIDA YUCATAN Y LIMONES;OBANDO;1;11;1;11;0;55.79;55.79
1275;ASOCIACIÓN COMUNITARIA ADMINISTRADORA DEL ACUEDUCTO DE PUENTE TIERRA- ASOCOAPT;VERSALLES;1;10;1;10;0;69.31;69.31
16853;JUNTA DE ACUEDUCTO LA SIRIA;SAN PEDRO;1;10;1;10;0;69.31;69.31
17684;JUNTA ADMINISTRADORA DEL ACUEDUCTO LA MARINA;TRUJILLO;1;10;1;10;0;69.31;69.31
181;ASOCIACION DE USUARIOS DEL ACUEDUCTO DE LA VEREDA DE CALABAZAS;RIOFRIO;1;10;1;10;0;55.56;55.56
21651;VERSA;LA CUMBRE;1;10;1;10;0;73.51;73.51
3276;ASOCIACION DE USUARIOS DEL SISTEMA DE AGUA RURAL COMUNITARIA DEL CORREGIMIENTO LAS DELICIAS - ACODELICIAS;YOTOCO;1;10;1;10;0;69.31;69.31
3301;ASOCIACION DE USUARIOS DEL SISTEMA DE SUMINISTRO DE AGUA RURAL COMUNITARIA DEL CORREGIMIENTO SAN SALVADOR Y VEREDA EL SILENCIO;RESTREPO;1;10;1;10;0;55.56;55.56
3502;ASOCIACION DE USUARIOS ACUEDUCTO EL NARANJO;EL AGUILA;1;10;1;10;0;55.56;55.56
3666;FUNDECORAL;LA CUMBRE;1;10;1;10;0;59.76;59.76
500;ASOCIACIÓN ACUAVITAL ESP;YOTOCO;1;10;1;10;0;69.31;69.31
526;ACUEDUCTO RURAL VEREDA GUATEMALA;EL DOVIO;1;10;1;10;0;55.56;55.56
530;ASOCIACIÓN GESTIÓN COMUNITARIA DE AGUA DE LA COMUNIDAD VEREDA LA DIVISA;ANSERMANUEVO;1;10;1;10;0;69.31;69.31
996;JUNTA ADMINISTRADORA ACUEDUCTO CAMELLONES;EL CAIRO;1;10;1;10;0;55.56;55.56
SIN CODIGO SISA;ACUEDUCTO RURAL CAMPO AZUL;CAICEDONIA;1;10;1;10;0;55.56;55.56
SIN CODIGO SISA;SAN ANTONIO;PRADERA;1;10;1;10;0;73.51;73.51
10452;ASOCIACION DE USUARIOS DEL ACUEDUCTO DE CAMPO ALEGRE DE CEYLAN;BUGALAGRANDE;1;9;1;9;0;55.3;55.3
1400;ASOCIACION DE USUARIOS ACUEDUCTO PUERTA DAGUA RIO DAGUA E.S.P EN LIQUIDACION - RIO DAGUA E.S.P;DAGUA;1;9;1;9;0;59.5;59.5
230;ASOCIACION DE USUARIOS ACUEDUCTO COLECTIVO RURAL CHOCHO LA BOHEMIA;TRUJILLO;1;9;1;9;0;69.05;69.05
2608;JUNTA ADMINISTRADORA DEL AGUA VEREDA LA GUERRA;EL AGUILA;1;9;1;9;0;55.3;55.3
2629;ASOCIACIÓN DE USUARIOS DEL ACUEDUCTO EL CHUZO SALEM LIMONES MUNICIPIO DE OBANDO;OBANDO;1;9;1;9;0;69.05;69.05
3465;ACUEDUCTO RURAL VEREDA LA MARIA;EL DOVIO;1;9;1;9;0;69.05;69.05
347;JUNTA ADMINISTRADORA DEL ACUEDUCTO LOS MEDIOS - ASOMEDIOS;GINEBRA;1;9;1;9;0;59.5;59.5
3498;EMPRESA COMUNAL SOLIDARIA SANTA CLARA DE LOS ACUEDUCTOS 1 Y 2 LLANOGRANDE 1;EL AGUILA;1;9;1;9;0;55.3;55.3
3501;ASOCIACION DE USUARIOS DEL ACUEDUCTO CAÑAVERAL;EL AGUILA;1;9;1;9;0;55.3;55.3
3549;ASOCIACION DE USUARIOS DE ABASTO DE AGUA RIN RAN;TRUJILLO;1;9;1;9;0;55.3;55.3
4491;ACUEDUCTO RURAL LA CRISTALINA;CALIMA;1;9;1;9;0;69.05;69.05
528;JUNTA DE ADMINISTRACIÓN COMUNAL LA ESPERANZA;ANSERMANUEVO;1;9;1;9;0;69.05;69.05
540;ADMINISTRACION COOPERATIVA SEVILLA ESP-MANZANILLO;SEVILLA;1;9;1;9;0;55.3;55.3
6791;ACUEDUCTO RURAL LA ITALIA ACUAITALIA;RIOFRIO;1;9;1;9;0;69.05;69.05
S.D;SIN NOMBRE DE ACUEDUCTO;BOLIVAR;1;9;1;9;1;57.3;57.3
140;JUNTA ADMINISTRADORA COMUNITARIA DEL ACUEDUCTO JACA NO. 4 DE LA VEREDA SANTA ANA MUNICIPIO DE VIJES;VIJES;1;8;1;8;0;59.21;59.21
170;JUNTA DE ACCION COMUNAL VEREDA LIMONES - ASODELIMO;CAICEDONIA;1;8;1;8;0;68.76;68.76
1896;ACUEDUCTO RURAL VEREDA BOLÍVAR;TORO;1;8;1;8;0;68.76;68.76
2620;JUNTA ADMINISTRADORA ACUEDUCTO CRUCES;OBANDO;1;8;1;8;0;68.76;68.76
3394;JUNTA ADMINISTRADORA ACUEDUCTO LA BELMIRA;RESTREPO;1;8;1;8;0;55.01;55.01
14100;ASOCIACION GESTORA COMUNITARIA DEL APROVISIONAMIENTO DE AGUA DE LA VEREDA EL DIAMANTE;RESTREPO;1;7;1;7;0;51.09;51.09
16655;JUNTA DE ACCIÓN COMUNAL POSITOS;SAN PEDRO;1;7;1;7;0;68.44;68.44
1951;ASOCIACIÓN DE USUARIOS DEL ACUEDUCTO RURAL COMUNITARIO DE LA VEREDA COCONUCO;VERSALLES;1;7;1;7;0;68.44;68.44
2162;JUNTA ADMINISTRADORA ACUEDUCTO CANOAS;SEVILLA;1;7;1;7;0;64.84;64.84
229;ASOCIACION DE USUARIOS ACUEDUCTO RURAL COMUNITARIO FLORESTA LA LUISA;TRUJILLO;1;7;1;7;0;68.44;68.44
2606;ASOCIACION DE USUARIOS DEL ACUEDUCTO RURAL COMUNITARIO VEREDA SANTA MARTA;EL AGUILA;1;7;1;7;0;64.84;64.84
3282;ASOCIACION DE USUARIOS DEL ACUEDUCTO DE LA VEREDA ALTO DEL RECREO;SEVILLA;1;7;1;7;0;54.69;54.69
3393;ASOCIACION DE SUSCRIPTRORES DEL SISTEMA DE SUMINISTRO DE AGUA RURAL COMUNITARIA DE LA VEREDA LA ALBANIA - ASOAGUALBANIA;RESTREPO;1;7;1;7;0;54.69;54.69
343;ACUEDUCTO COMUNITARIO PROVIDENCIA SECTOR LA ESTRELLA - ACUAESTRELLA;DAGUA;1;7;1;7;0;58.89;58.89
3704;ASOCIACION DE USUARIOS DEL ACUEDUCTO RURAL CAMPESINO DE LA VEREDA LA CRISTALINA;RIOFRIO;1;7;1;7;0;68.44;68.44
9016;JUNTA ADMINISTRADORA ACUEDUCTO BAJO BOLEO;CALIMA;1;7;1;7;0;68.44;68.44
SIN CODIGO SISA;ACUEDUCTO RURAL TETILLAL;BUGALAGRANDE;1;7;1;7;0;54.69;54.69
SIN CODIGO SISA;JUNTA ADMINISTRADORA ACUEDUCTO RURAL LA MORENA;BUGALAGRANDE;1;7;1;7;0;54.69;54.69
1010;JUNTA ADMINISTRADORA ACUEDUCTO RURAL LA PALMERA;EL CAIRO;1;6;1;6;0;54.33;54.33
1119;ASOCIACION RURAL COMUNITARIA DE AGUA POTABLE Y SANEAMIENTO BASICO DEL CORREGIMIENTO DE ALTA FLOR - ACUAFLOR;ANDALUCÍA;1;6;1;6;0;54.33;54.33
11623;ASOCIACION DE USUARIOS ACUEDUCTO ALTO CRISTALES;TRUJILLO;1;6;1;6;0;54.33;54.33
1395;ACUEDUCTO AUJI;EL CERRITO;1;6;1;6;0;54.33;54.33
196;ACUEDUCTO RURAL EL CRUCERO - ACUACRUCERO;SEVILLA;1;6;1;6;0;54.33;54.33
2160;ACUEDUCTO VEREDAS LAS PALOMAS- EL BOSQUE;ANSERMANUEVO;1;6;1;6;0;68.08;68.08
2898;ASOCIACIÓN DE USUARIOS DEL  ACUEDUCTO VEREDAL LA AGUADA BAJA;LA UNION;1;6;1;6;0;50.73;50.73
3459;JUNTA ADMÓN. ACUEDUCTO BAJO TIGRE;ANSERMANUEVO;1;6;1;6;0;68.08;68.08
3578;ASOCIACIÓN DE USUARIOS DEL ACUEDUCTO RURAL COMUNITARIO DE LA VEREDA EL CRUCERO;EL DOVIO;1;6;1;6;0;68.08;68.08
502;ASOCIACIÓN DE USUARIOS VEREDA AGUAMONA;RESTREPO;1;6;1;6;0;68.08;68.08
523;ACUEDUCTO RURAL CAÑADA HONDA BAJA - CASTILLO;EL DOVIO;1;6;1;6;0;68.08;68.08
SIN CODIGO SISA;JUNTA ADMINISTRADORA ACUEDUCTO ESMERALDA BAJA;BUGALAGRANDE;1;6;1;6;0;68.08;68.08
1118;ASOCIACION DE USUARIOS DEL ACUEDUCTO RURAL DE LAS VEREDAS EL BOSQUE LA ALDANA;BOLIVAR;1;5;1;5;0;67.66;67.66
13850;ACUEDUCTO RURAL EL FUSIL;BOLIVAR;1;5;1;5;0;67.66;67.66
1450;ASOCIACIÓN DE USUARIOS DEL ACUEDUCTO RURAL COMUNITARIO DE LA VEREDA EL RINCON;LA UNION;1;5;1;5;0;67.66;67.66
1975;ASOCIACIÓN DE USUARIOS DEL ACUEDUCTO RURAL COMUNITARIO DE LA VEREDA EL LULAR AGUAS LULAREÑAS;EL DOVIO;1;5;1;5;0;67.66;67.66
2171;ASOCIACION DE USUARIOS DEL ACUEDUCTO DE BUENOS AIRES;BOLIVAR;1;5;1;5;0;53.91;53.91
2876;JUNTA ADMINISTRADORA LOCAL DE LA VEREDA CAMPO ALEGRE;GINEBRA;1;5;1;5;0;58.11;58.11
3284;ASOCIACION DE USUARIOS DEL ACUEDUCTO DE LAS VEREDAS LA CRISTALINA Y PURNIO - AGUA PORVENIR PURNIO;SEVILLA;1;5;1;5;0;53.91;53.91
350;ASOCIACIÓN DE USUARIOS ACUEDUCTO COLECTIVO EL JARDÍN;GINEBRA;1;5;1;5;0;58.11;58.11
4982;ASOCIACIÓN ACUEDUCTO COMUNITARIO QUEBRADA CALABAZAS SAN PABLO - ACOCALABAZAS;RESTREPO;1;5;1;5;0;53.91;53.91
625;ASOCIACION GESTION COMUNITARIA DEL AGUA DE LA POPALITA;ANSERMANUEVO;1;5;1;5;0;67.66;67.66
SIN CODIGO SISA;EL NOGAL;PRADERA;1;5;1;5;0;58.11;58.11
1128;ASOCIACION DE USUARIOS ACUEDUCTO LA MARIA;BOLIVAR;1;4;1;4;0;67.17;67.17
1335;JUNTA DE ACCION COMUNAL LAS VUELTAS;EL DOVIO;1;4;1;4;0;67.17;67.17
1612;LA FERIA - PLANADA;PRADERA;1;4;1;4;0;57.62;57.62
300;ACUEDUCTO RURAL VEREDA LA PLATA Y EL PLACER;ULLOA;1;4;1;4;0;53.42;53.42
3034;ASOCIACION DE USUARIOS DEL ACUEDUCTO AGUA DE DIOS VEREDA EL AGRADO;RESTREPO;1;4;1;4;0;67.17;67.17
3402;ASOCIACION JUNTA ADMINISTRADORA ACUEDUCTO VEREDA SAN JOSE;CALIMA;1;4;1;4;0;53.42;53.42
3460;ACUEDUCTO EL CASTILLO;ANSERMANUEVO;1;4;1;4;0;53.42;53.42
6507;ACUEDUCTO RURAL ACUAMIRAVALLE;RIOFRIO;1;4;1;4;0;53.42;53.42
65514;JUNTA DE ACUEDUCTO LA GUAIRA;CALIMA;1;4;1;4;0;67.17;67.17
78;COOPERATIVA MARAVELEZ ALCALA ESP (SISTEMA #1);ALCALA;1;4;1;4;0;53.42;53.42
9783;JUNTA ADMINISTRADORA ACUEDUCTO DE PALERMO;TRUJILLO;1;4;1;4;0;53.42;53.42
SIN CODIGO SISA;ACUEDUCTO CIELO ROTO;BUGALAGRANDE;1;4;1;4;0;48.02;48.02
23798;ACUEDUCTO VEREDA EL BOSQUE;RIOFRIO;1;3;1;3;0;70.76;70.76
344;JUNTA DE ACCIÓN COMUNAL LA ESMERALDA;DAGUA;1;3;1;3;0;57.01;57.01
13337;ACUEDUCTO DOS QUEBRADAS EL RUBI ALTO;RIOFRIO;1;2;1;2;0;52.03;52.03
1384;ASOCIACIÓN DE USUARIOS DEL ACUEDUCTO RURAL COMUNITARIO DEL CORREGIMIENTO LA RIVERA MUNICIPIO DE VIJES;VIJES;1;2;1;2;0;52.03;52.03
7526;ASOCIACION DE USUARIOS ACUEDUCTO BUENOS AIRES - AJABA;YOTOCO;1;2;1;2;0;52.03;52.03
1278;ACUEDUCTO RURAL CALAMAR;VERSALLES;1;1;1;1;0;61.08;61.08
1016;ASOCIACIÓN DE USUARIOS DEL ACUEDUCTO RURAL COMUNITARIO DEL CORREGIMIENTO DE MARACAIBO;ARGELIA;1;26;0;0;0;16.75;16.75
10170;ASOCIACION COMUNITARIA DE USUARIOS DEL ACUEDUCTO DE LA VEREDA CULEBRAS ACUACULEBRAS;TRUJILLO;1;14;0;0;0;37.15;37.15
1027;ADMINISTRACIÓN COOPERATIVA SAN ROQUE SISTEMA #1- LA SOLEDAD LA PAZ - LA PRIMAVERA - TARRITOS;ARGELIA;3;26;0;0;0;14.76;13.62
1029;ASOCIACIÓN DE USUARIOS DEL ACUEDUCTO LA CRISTALINA;ARGELIA;1;6;0;0;0;13.08;13.08
105;JUNTA DEL ACUEDUCTO VEREDA ARBOLEDAS;LA CUMBRE;1;31;0;0;0;39.21;39.21
107;ACAAPAVAS;LA CUMBRE;1;610;0;0;0;21.61;21.61
108;PARRAGA;LA CUMBRE;1;16;0;0;0;11.89;11.89
110;ADMINISTRACION COOPERATIVA LA CUMBRE DAGUA E.S.P.;DAGUA;2;17;0;0;0;10.71;10.28
110;ADMINISTRACIÓN COOPERATIVA LA CUMBRE DAGUA;LA CUMBRE;3;43;0;0;0;13.15;11.19
110203;ACUEDUCTO RURAL PUERTO SAMARIA;OBANDO;1;16;0;0;1;36.39;36.39
11052;ASOCIACION DE USUARIOS DEL ACUEDUCTO DE LA VEREDA SAN GERARDO DE CAICEDONIA;CAICEDONIA;1;8;0;0;0;13.76;13.76
111;AUNITAMBO;FLORIDA;2;19;0;0;0;19.35;18.1
1114;ACUEDUCTO RURAL LA GAVIOTA BAJA - ACUAGAVIOTA;CALIMA;2;22;0;0;0;15.49;14.28
112;ACUALIBANO;FLORIDA, PRADERA;2;78;0;0;0;19.37;16.57
1124;ASOCIACION DE USUARIOS DEL ACUEDUCTO MONTERREDONDO ESP;SAN PEDRO;1;12;0;0;0;23.01;23.01
1125;ACUEDUCTO LA REFORMA VEREDA LA AGUADA;BOLIVAR;1;9;0;0;1;38.05;38.05
117;ASCORDI;FLORIDA;2;51;0;0;0;44.08;42.41
119;ACUAVALLE S.A ESP;PRADERA;1;23;0;0;0;28.88;28.88
120854;ASOCIACION DE SUSCRIPTORES PAVITAS;LA CUMBRE;2;140;0;0;0;20.73;18.63
122;ACUASALUD BOLIVAR;PRADERA;1;5;0;0;0;12.66;12.66
125;AGUASALUD POTRERITO;PRADERA;1;24;0;0;0;16.54;16.54
12526;LA VENTURA;LA CUMBRE;1;130;0;0;0;21.03;21.03
1262;ACUEDUCTO RURAL LOS ZAINOS;EL DOVIO;1;6;0;0;0;13.08;13.08
1265;CDC ACUEDUCTO CALAMAR DIAMANTE CRISTALINA;VERSALLES;1;7;0;0;0;13.44;13.44
12770;ACUEDUCTO RURAL LA SIBERIA-ALTO CIELO-BUENOS AIRES;EL CAIRO;3;19;0;0;3;34.66;32.73
1291;ACUAVALLE S.A ESP;ANDALUCÍA, BUGALAGRANDE;13;709;0;0;2;22.33;18.59
13077;ASOCIACION DE USUARIOS DEL SERVICIO DE AGUA POTABLE PUEBLO NUEVO Y CABILDO NIAZA - ACUANIPU;RESTREPO;1;29;0;0;1;19.03;19.03
13535;JUNTA ADMINISTRADORA ACUEDUCTO DE TOTORO ACUATOTORO;SEVILLA;1;43;0;0;0;18.07;18.07
1375;ASCABI;LA CUMBRE;1;114;0;0;0;17.08;17.08
1378;ACUEDUCTO SANTA FÉ;LA CUMBRE;1;7;0;0;0;13.44;13.44
1385;JUNTA ADMINISTRADORA COMUNITARIA DEL ACUEDUCTO LA JACA # 11 DEL CORREGIMIENTO EL TAMBOR;VIJES;1;31;0;0;0;43.41;43.41
1390;RECAHON;EL CERRITO;2;49;0;0;0;17.6;16.28
1391;ACUAPUERO;GUACARÍ;2;129;0;0;0;25.08;21.18
1393;ACOPLA;GUACARÍ;1;6;0;0;0;13.08;13.08
1397;ASOUAT;EL CERRITO;2;857;0;0;0;25.65;23.44
1398;ASOCIACIÓN DE USUARIOS DEL SERVICIO DEL ACUEDUCTO EL TRAPICHE - LA YOLOMBA;DAGUA;1;7;0;0;0;17.64;17.64
1399;ASOCIACIÓN JUNTA ADMINISTRADORA DE ACUEDUCTO CORREGIMIENTO DE ZABALETAS;DAGUA;1;145;0;0;0;25.53;25.53
1401;ASOCIACION ABASTO DE AGUA MARIA -PIÑAL- MUNICIPIO DE LA CUMBRE Y DAGUA VALLE DEL CAUCA -CORABASE;DAGUA;2;78;0;0;0;15.57;13.46
146;ASOCIACIÓN DE USUARIOS DE ACUEDUCTO Y SERVICIOS BÁSICOS DE LA VEREDA PUEBLO NUEVO CORREGIMIENTO BORRERO AYERBE DEL MUNICIPIO DE DAGUA VALLE - A.U.A.S.B;DAGUA;1;39;0;0;0;14.21;14.21
146;EMPRESA COMUNITARIA ACUEDUCTO RURAL EL PALMAR - ECOAREPAL - LA VIRGEN;DAGUA;1;111;0;0;0;17.01;17.01
14773;ASOCIACION DE USUARIOSA DEL ACUEDUCTO DE LA VEREDA BUENOS AIRES AGUAVIVA;SEVILLA;1;22;0;0;0;16.31;16.31
148;ADMINISTRACION COOPERATIVA LA CUMBRE DAGUA E.S.P.;DAGUA;1;26;0;0;0;13.15;13.15
148;EMPRESA COMUNITARIA ACUEDUCTO RURAL EL PALMAR - ECOAREPAL - LA VIRGEN;DAGUA;1;617;0;0;0;21.64;21.64
155;ACUALLANITOS S.A E.S.P;CALIMA;1;11;0;0;0;14.54;14.54
157;ACUAVALLE S.A ESP;RESTREPO;1;10;0;0;0;14.31;14.31
159;ACUEDUCTO ACUASALUD VALLEJUELO;ZARZAL;2;325;0;0;1;23.51;16.06
15988;JAC ARENILLO;PRADERA;1;8;0;0;0;10.16;10.16
1611;ASUACHIJAPOR - CHICORAL ALTO;BUGALAGRANDE;1;19;0;0;0;15.93;15.93
1633;ACUALLANITO;FLORIDA;4;158;0;0;2;24.03;20.15
164;ACUEDUCTO ASEPAILA;ZARZAL;2;541;0;0;0;23.53;22.95
166;ACUAVALLE S.A ESP;BOLIVAR;4;155;0;0;2;19.48;17.36
1665;ACUAVALLE S.A ESP;BOLIVAR;1;9;0;0;1;16.05;16.05
1669;ASOCIACIÓN DE USUARIOS DEL DISTRITO DE RIEGO SAN ISIDRO-CAJAMARCA;ROLDANILLO;3;494;0;0;0;46.33;41.01
167;ACUAVALLE S.A ESP;ZARZAL;14;2758;0;0;6;27.3;21.38
169;COOPERATIVA MARAVELEZ ALCALA ESP (SISTEMA #4) FIME LA CAÑA;ALCALA;1;8;0;0;0;13.76;13.76
171;COOPERATIVA MARAVELEZ ALCALA ESP (SISTEMA #2);ALCALA;1;6;0;0;0;35.08;35.08
173;JUNTA ADMINISTRADORA ACUEDUCTO RIVERA-LA TESALIA;CAICEDONIA;1;9;0;0;0;22.3;22.3
177;COOPERATIVA MARAVELEZ  ALCALA SISTEM # 8;ALCALA;2;47;0;0;0;17.88;15.66
17834;JUNTA ADMINISTRADORA ACUEDUCTO LA GUAIRA LA CUMBRE;LA CUMBRE;1;6;0;0;0;13.08;13.08
184;"ASOCIACION DE USUARIOS ACUEDUCTO DE ROBLEDO ""ASUACOR""";TRUJILLO;1;81;0;0;0;19.76;19.76
188;EMCALIMA S.A ESP;CALIMA;5;1359;0;0;0;25.24;22.24
190;ACUAVALLE S.A ESP;RESTREPO;4;1969;0;0;0;26.42;22.96
191;ACUAVALLE S.A ESP;YOTOCO;4;1240;0;0;0;24.47;23.21
1911;ASOCIACIÓN DE USUARIOS DEL ACUEDUCTO RURAL COMUNITARIO DE LA VEREDA BUENOS AIRES;OBANDO;1;7;0;0;0;13.44;13.44
193;ASOMEDIACANOA;YOTOCO;1;253;0;0;0;31.08;31.08
194;ASOCIACION DE USUARIOS DEL ACUEDUCTO Y ALCANTARILLADO DEL CORREGIMIENTO LOS CHANCOS;SAN PEDRO;1;18;0;0;0;15.79;15.79
195;ASOCIACION DE USUARIOS ACUDUCTO QUEBRADA NUEVA - ACUANUEVA;SEVILLA, ZARZAL;2;130;0;0;1;20.31;20.07
1952;ASOCIACIÓN COMUNITARIA ADMINISTRADORA DEL ACUEDUCTO ACUASALUD EL BALSAL;VERSALLES;2;118;0;0;0;19.25;18.89
1971;ASOCIACIÓN DE USUARIOS DEL ACUEDUCTO RURAL COMUNITARIO DE LA VEREDA LA CABAÑA AGUAS LA ESPERANZA;EL DOVIO;1;9;0;0;0;14.05;14.05
198;JUNTA ADMINISTRADORA DEL ACUEDUCTO ESTACION CAICEDONIA;SEVILLA;1;13;0;0;0;14.96;14.96
19800;ACUEDUCTO REAL BRILLANTE / ASOREAL BRILLANTE;ANSERMANUEVO;1;6;0;0;1;33.98;33.98
1998;ASOCIACIÓN DE USUARIOS DEL ACUEDUCTO SANTA CLARA - ASUMO;ROLDANILLO;1;1;0;0;0;28.08;28.08
200;ASOCIACION DE USUARIOS DE ABASTO CORREGIMIENTO CERRO AZUL Y LAS VEREDAS SIRIA Y LA SOLEDAD;BOLIVAR;2;116;0;0;2;22.66;18.11
211;ACUVALLE S.A E.S.P;RIOFRIO;3;440;0;0;1;25.44;20.33
212;ACUAVALLE S.A ESP;SAN PEDRO;11;1392;0;0;1;22.64;19.73
212;ACUVALLE S.A E.S.P;RIOFRIO;1;248;0;0;0;22.78;22.78
2144;ACUASAMARIA;CAICEDONIA;1;142;0;0;0;43.27;43.27
2148;ASOCIACION DE USUARIOS ACUEDUCTO LA SUIZA;CAICEDONIA;1;8;0;0;0;35.76;35.76
2152;ASOCIACION DE USUARIOS DEL SERVICIO DE AGUA POTABLE Y ALCANTARILLADO DE SAN ANTONIO;BUGALAGRANDE;1;8;0;0;0;35.76;35.76
2161;ACUEDUCTO CUMUNITARIO SALAZAR;ANSERMANUEVO;1;162;0;0;0;43.63;43.63
2167;ASOCIACION DE USUARIOS JUNTA ADMINISTRADORA ACUEDUCTO VEREDA SAN ANTONIO;SEVILLA;2;129;0;0;1;42.77;42.12
2168;ASOCIACION DE USUARIOS ACUEDCUTO DE NARANJAL;BOLIVAR;4;223;0;0;2;44.63;38.58
2170;ASOCIACION DE USUARIOS DEL ACUEDUCTO LA HERRADURA  ASOAHER;BOLIVAR;1;13;0;0;0;14.96;14.96
220;ACUVALLE S.A E.S.P;TRUJILLO;6;1816;0;0;5;26.77;24.56
234;ASOCIACION DE USUARIOS DEL SERVICIO DE AGUA POTABLE Y ALCANTARILLADO DE EL GUAYABO;BUGALAGRANDE;1;8;0;0;0;13.76;13.76
235;"ASOCIACION DEL SERVICIO COMUNITARIO DEL AGUA VEREDA PUNTA LARGA - ACUASALUD ""PUNTA LARGA""";BOLIVAR;1;7;0;0;0;39.64;39.64
2563;COOPERATIVA MARAVELEZ ALCALA ESP - SISTEMA # 6;ALCALA;1;5;0;0;0;12.66;12.66
258;ASOCIACION DE USUARIOS DEL SERVICIO DE AGUA POTABLE Y ALCANTARILLADO DE PRIMAVERA;BOLIVAR;4;201;0;0;2;45.15;22.78
260;ACUEDUCTO CORPOSANISIDRO;BOLIVAR;1;9;0;0;0;14.05;14.05
2613;ASOCIACION DE USUARIOS VEREDA EL COFRE Y SAN JOSE - COLECTIVO COSTA;EL AGUILA;2;65;0;0;0;18.91;16.0
2616;JUNTA DE ACUEDUCTO LA JUDEA;EL AGUILA;1;8;0;0;0;13.76;13.76
264;ACUEDUCTO AGUAVITAL COROZAL;SEVILLA;1;107;0;0;0;20.51;20.51
2749;ASOCIACION DE USUARIOS DEL ACUEDUCTO EL DIAMANTE - LA ZULIA;RIOFRIO;2;90;0;0;2;20.58;20.16
2786;JUNTA ADMINISTRADORA DEL ACUEDUCTO DE USUARIO DE LA ZULIA ACUAZULIA LOS ALPES;RIOFRIO;1;9;0;0;0;14.05;14.05
2789;ASOCIACION DE USUARIOS AL SERVICIO DE AGUA POTABLE Y ALCANTARILLADO HUASANO;TRUJILLO;1;47;0;0;0;18.31;18.31
2848;ASOJACONUF ASOCIACIÓN JUNTA ADMINISTRADORA DE ACUEDUCTO COMUNITARIO NUESTRA FUENTE;VIJES;1;52;0;0;0;40.58;40.58
2849;ASOCIACION DE USUARIOS DE ACUEDUCTO DE LA VEREDA TOCOTA -  ASOTOCOTA;DAGUA;2;137;0;0;0;17.06;15.0
2863;EMPRESA COMUNITARIA ACUEDUCTO RURAL COLECTIVO LAS BRISAS - ECOABRISAS;DAGUA;1;4;0;0;0;30.57;30.57
2870;ASOCIACION DE USUARIOS DE ACUEDUCTO VEREDA LAS DELICIAS - ASAD ESP - PARTE BAJA;DAGUA;1;8;0;0;0;13.76;13.76
2873;ASOCIACIÓN JUNTA ADMINISTRADORA DEL ACUEDUCTO RURAL DE MIRAVALLES- ACUAMIR;LA VICTORIA;1;19;0;0;0;37.93;37.93
2875;FLAUTAS AGUAS E.S.P. S.A.;GINEBRA;1;6;0;0;0;17.28;17.28
2877;ASOCIACIÓN DE USUARIOS ACUEDUCTO RURAL COMUNITARIO COCUYOS;GINEBRA;1;20;0;0;0;42.26;42.26
2878;ACUEDUCTO RURAL VEREDA RIVERALTA;LA VICTORIA;1;10;0;0;0;14.31;14.31
2879;ACUEDUCTO RURAL VEREDA LA SIBERIA;LA VICTORIA;1;0;0;0;1;30.6;30.6
2884;ASOCIACIÓN DE USUARIOS DEL ACUEDUCTO DE LA VEREDA LA CASCADA;GINEBRA;1;0;0;0;1;8.6;8.6
2888;ASOCIACIÓN DE USUARIOS DEL SERVICIO DE AGUA POTABLE DE LA VEREDA PUEBLO NUEVO MUNICIPIO DE VIJES Y CABILDO INDÍGENA NIAZA DEL MUNICIPIO DE RESTREPO ACUANIPU;VIJES;1;9;0;0;0;14.05;14.05
2892;ASOCIACIÓN DE USUARIOS DEL ACUEDUCTO RURAL COMUNITARIO DEL CORREGIMIENTO TAGUALES;LA VICTORIA;1;12;0;0;0;14.76;14.76
2896;ASOCIACIÓN DE USUARIOS DE ACUEDUCTO PEÑALEGRIA KM 26 - ASUAPAL;DAGUA;1;34;0;0;0;13.85;13.85
2899;ASOCIACION DE SUSCRITORES DEL SERVICIO DE AGUA EL VERGEL - AUVA ESP;DAGUA;1;51;0;0;0;14.93;14.93
3039;ACUATAPIAS;GUACARÍ;5;263;0;0;0;47.25;43.09
3041;ACUAPORO;EL CERRITO;1;12;0;0;0;14.76;14.76
3042;ASOCIACION DE USUARIOS DEL SERVICIO DE AGUA POTABLE Y/O ALCANTARILLADO Y/O ASEO DEL CORREGIMIENTO DE COSTA RICA - MUNICIPIO DE GINEBRA - ASUALCAN;GINEBRA;3;511;0;0;0;18.97;18.06
3171;ASOCIACIÓN COMUNITARIA ADMINISTRADORA DEL ACUEDUCTO LA VEREDA LA SOLEDAD;ROLDANILLO;1;8;0;0;1;37.76;37.76
3193;ACUAVALLE S.A ESP;FLORIDA;64;5033;0;0;44;23.1;12.7
3271;ASOCIACION DE USUARIOS ACUEDUCTO RURAL EL DELIRIO - ASUACURDEL;YOTOCO;1;14;0;0;0;15.15;15.15
3273;ASOCIACION DE SUSCRIPTORES DEL ACUEDUCTO DE SAN JUAN ESP;YOTOCO;1;193;0;0;0;44.1;44.1
3277;"ASOCIACION DE USUARIOS DEL ACUEDUCTO DE LAS VEREDAS LAS BRISAS BAJO SAN MARCOS Y LA MILONGA ""ASUABRISAS""";SEVILLA;1;14;0;0;0;37.15;37.15
3278;ASOCIACION DE USUARIOS DEL ACUEDUCTO DE LAS VEREDAS MIRAMAR Y LA MELVA (AGUAMIRAMELVA);SEVILLA;1;43;0;0;0;40.07;40.07
3281;ASOCIACION DE USUARIOS ACUEDUCTO DE LA VDA MILONGA;SEVILLA;1;18;0;0;0;37.79;37.79
3286;ASOCIACION DE USUARIOS DEL ACUEDUCTO DE ANDINAPOLIS - ARCA;TRUJILLO;2;518;0;0;1;26.16;23.3
330;ACUAVALLE S.A ESP;LA UNION;10;3087;0;0;0;24.2;19.32
3304;ASOCIACION DE USUARIOS DEL SISTEMA DE SUMINISTRO DE AGUA RURAL COMUNITARIA DEL CORREGIMIENTO SAN SALVADOR Y VEREDA EL SILENCIO;RESTREPO;1;16;0;0;0;37.49;37.49
331;ACUAVALLE S.A ESP;LA VICTORIA;11;1368;0;0;0;25.1;18.62
3314;ASOCIACION DE USUARIOS DEL ACUEDUCTO RURAL DE LA VEREDA LAS MELENAS ACUAMELENAS;TRUJILLO;2;15;0;0;0;23.21;21.12
337;ASOCIACIÓN DE USUARIOS ACUEDUCTO SAN PEDRO Y SAN LUIS ASUASPEL- SISTEMA 1;LA UNION;2;169;0;0;1;40.44;39.26
3400;ASOCIACION DE USUARIOS DEL SERVICIO DE AGUA DEL ACUEDUCTO AGUALINDA;RESTREPO;1;6;0;0;0;13.08;13.08
3404;ASOCIACION DE USUARIOS DEL ACUEDUCTO RURAL COMUNITARIO DEL CORREGIMIENTO SAN ANTONIO DE PIEDRAS - ASUASAP;YOTOCO;1;11;0;0;0;36.54;36.54
341;ASOCIACION DE USUARIOS DEL ACUEDUCTO RURAL VILLAHERMOSA ACUEHERMOSA;DAGUA;1;27;0;0;0;35.24;35.24
3417;ASOCIACION DE USUARIOS ACUEDUCTO VEREDA LA CLORINDA;DAGUA;1;56;0;0;1;20.77;20.77
3418;ASOCIACION EMPRESA COMUNITARIA ACUASALUD ALTO DE LAS TORTOLAS;DAGUA;1;8;0;0;0;10.16;10.16
3419;JUNTA ADMINISTRADORA DE ACUEDUCTO PEÑAS RUCIAS VEREDA EL JORDANCITO CORREGIMIENTO DE SAN BERNARDO MUNICIPIO DE DAGUA VALLE - J.A.A.J.;DAGUA;1;13;0;0;0;11.36;11.36
3427;ASOCIACION COMUNITARIA DE USUARIOS ACUEDUCTO DE JIGUALES - ACUAJI;DAGUA;1;38;0;0;0;39.74;39.74
3500;ASOCIACION DE USUARIOS DEL ACUEDCUTO SANTA RITA - VILLANUEVA;EL AGUILA;3;190;0;0;0;20.68;18.7
3511;COOPERATIVA SAN ROQUE LAS BRISAS RAIZAL LA AURORA -SISTEMA # 2;ARGELIA;1;0;0;0;1;12.2;12.2
354;JUNTA ADMINISTRADORA DEL ACUEDUCTO DEL CORREGIMIENTO DE OCACHE PARTE BAJA JAACOB;VIJES;1;11;0;0;0;36.54;36.54
3550;ASOCIACION DE USUARIOS DEL ACUEDUCTO RURAL COLECTIVO VEREDA CEDRALES ARCC;TRUJILLO;1;7;0;0;1;15.44;15.44
356;ACUEDUCTO EL MORAL;EL CERRITO;1;13;0;0;0;11.36;11.36
3572;ACUEDUCTO RURAL SAN JOSE;EL CAIRO;1;12;0;0;0;14.76;14.76
36;AUSERACA;EL CERRITO;2;39;0;0;0;24.31;24.24
37;ACUAVALLE S.A ESP;EL CERRITO;5;1499;0;0;1;22.53;19.03
38;ACUAVALLE S.A ESP;GINEBRA;10;1427;0;0;0;21.76;15.93
3862;ASOCIACION DE BENEFICIARIOS DEL APROVICIONAMIENTO DEL MANANTIAL RIO GRANDE - ABAMAR;RESTREPO;1;10;0;0;0;22.56;22.56
39;ACUAVALLE S.A ESP;GUACARÍ;13;2860;0;0;2;22.31;16.57
394;ASOCIACION DE USUARIOS DEL ACUEDUCTO DE YARUMO JIGUALES;YOTOCO;1;25;0;0;0;16.64;16.64
3955;ASOCIACIÓN DE SUSCRIPTORES DEL SERVICIO DE AGUA POTABLE DE LAS CAMELIAS Y EMPRESA COMUNITARIA DE SERVICIOS PÚBLICOS.;DAGUA;1;5;0;0;0;34.66;34.66
3956;ASOCIACION ACUEDUCTO RURAL COMUNITARIO SENDO - TIGRE - AACTISE;DAGUA;1;254;0;0;0;19.24;19.24
3957;ASOJIGUA;LA CUMBRE;1;12;0;0;0;36.76;36.76
397;AGUASALUD VENECIA;TRUJILLO;2;241;0;0;2;23.54;22.7
40;AUSERPUB;EL CERRITO;1;195;0;0;0;18.53;18.53
4054;ASOCIACION DE SUSCRIPTORES DEL SERVICIO DE ACUEDUCTO SAN VICENTE - AGUASANVICENTE;DAGUA;1;50;0;0;0;18.47;18.47
4056;ASOCIACION DE USUARIOS DEL ACUEDUCTO QUEBRADA LOS CHORROS, CORREGIMIENTO ATUNCELA, MUNICIPIO DE DAGUA - ASUACAT;DAGUA;1;16;0;0;1;21.69;21.69
4057;ASOCIACION DE USUARIOS DEL ACUEDUCTO LOBOGUERRERO;DAGUA;1;374;0;0;0;23.89;23.89
41;ACUAVALLE S.A ESP;EL CERRITO;15;3734;0;0;1;22.53;17.86
42;ACUAVALLE S.A ESP;VIJES;5;1200;0;0;2;20.38;19.81
42879;ASOCIACION DE SUSCRIPTORES DEL ACUEDUCTO DE LA VEREDA DE ZARAGOZA, CORREGIMIENTO DE BITACO, MUNICIPIO DE LA CUMBRE;LA CUMBRE;1;4;0;0;0;12.17;12.17
46;ASOCIACION EMPRESA COMUNITARIA DE ACUEDUCTO DE BORRERO AYERBE ECASP. ESP. - KM. 30;DAGUA;3;589;0;0;0;18.74;18.54
47;ACUAVALLE S.A ESP;DAGUA;1;80;0;0;0;16.13;16.13
48;ASOCIACION DE USUARIOS DEL SERVICIO DE AGUA POTABLE Y ALCANTARILLADO DE EL QUEREMAL ASUAQ;DAGUA;2;204;0;0;0;16.91;16.78
487;ASOCIACION DEL SISTEMA DE ABASTECIMIENTO DE AGUA DE LA VEREDA SAN PABLO;RESTREPO;2;147;0;0;1;21.36;16.78
4894;"FUNDACION USUARIOS ACUEDUCTO SALONICA ""ACUASALONICA""";RIOFRIO;2;262;0;0;0;21.71;20.95
4895;"FUNDACION USUARIOS ACUEDUCTO SALONICA ""ACUASALONICA""";RIOFRIO;1;120;0;0;1;22.82;22.82
49;ACUAVALLE S.A ESP;DAGUA;6;1373;0;0;0;20.21;18.45
49;ACUEDUCTO COMUNITARIO SAN BERNARDO;DAGUA;1;24;0;0;0;12.94;12.94
498;ASOCIACION DE USUARIOS DE LOS ACUEDUCTOS EL JARDÍN CALIMITA;YOTOCO;1;10;0;0;0;14.31;14.31
4987;ASOCIACION DE USUARIOS DE LOS SERVICIOS PUBLICOS DEL CORREGIMIENTO DE CEILAN;BUGALAGRANDE;4;445;0;0;1;24.7;20.41
50;ACUAVALLE S.A ESP;LA CUMBRE;4;466;0;0;0;19.43;15.74
501;ACUEDUCTO RURAL COMUNITARIO GOTAS DE VIDA;YOTOCO;1;7;0;0;0;35.44;35.44
51;ACUAVALLE S.A ESP;EL DOVIO;5;1390;0;0;0;22.39;21.15
510;ACUEDUCTO RURAL FENICIA ACUAFENICIA;RIOFRIO;3;189;0;0;1;29.24;27.14
511;ACUEDUCTO RURAL FENICIA ACUAFENICIA;RIOFRIO;2;131;0;0;0;28.98;28.38
513;ACUEDUCTO RURAL MADRIGAL ACUAMADRIGAL;RIOFRIO;1;9;0;0;0;36.05;36.05
52;COOPERATIVA DE SERVICIOS PÚBLICOS DE VERSALLES CAMINO VERDE APC;VERSALLES;4;444;0;0;1;24.46;19.74
5224;ACUEDUCTO RURAL AGUAS DE SAN ISIDRO;CAICEDONIA;1;36;0;0;0;39.6;39.6
53;ACUAVALLE S.A ESP;ROLDANILLO;20;3564;0;0;4;28.34;18.58
532;JUNTA ADMINISTRADORA ACUEDUCTO RURAL EL VILLAR;ANSERMANUEVO;2;144;0;0;0;15.65;15.61
537;ACUAPALTRES;RESTREPO;4;103;0;0;0;19.52;15.48
539;ADMINISTRACION COOPERATIVA SEVILLA E.S.P. LA CUCHILLA EL JARDIN;SEVILLA;2;75;0;0;0;41.21;38.63
541;ADMINISTRACION COOPERATIVA SEVILLA ESP-MORROAZUL;SEVILLA;3;19;0;0;0;35.76;35.12
543;ASOCIACION COMUNITARIA ADMINISTRADORA DEL ACUEDUCTO RURAL LA MARIA LA ESTRELLA;SEVILLA;1;5;0;0;0;34.66;34.66
547;ASOCIACION DE USUARIOS DEL SISTEMA DE SUMINISTRO DE AGUA RURAL COMUNITARIA DE LAS VEREDAS AGUACATE Y POTRERILLO;RESTREPO;1;6;0;0;0;13.08;13.08
58;ACUAVALLE S.A ESP;OBANDO;6;1004;0;0;1;24.82;21.07
59;ACUAVALLE S.A ESP;TORO;10;1428;0;0;1;24.63;17.66
60;ACUAVALLE S.A ESP;ANSERMANUEVO;7;1293;0;0;0;25.36;19.56
64;ACUAVALLE S.A ESP;ARGELIA;3;320;0;0;1;21.74;17.26
64595;ACUAVALLE S.A ESP;PRADERA;36;4903;0;0;20;24.24;13.46
65;ACUAVALLE S.A ESP;EL CAIRO;4;479;0;0;0;20.95;18.86
6525;ASOCIACION DE USUARIOS DEL SERVICIO DE ACUEDUCTO DE LA VEREDA BARRANCO BAJO - MUNICIPIO DE GINEBRA - DEPARTAMENTO DEL VALLE DEL CAUCA - ASUABA;GINEBRA;1;15;0;0;0;37.33;37.33
66;ACUAVALLE S.A ESP;EL AGUILA;3;383;0;0;0;18.94;16.95
67;ACUAVALLE S.A ESP;ALCALA;5;1924;0;0;0;24.14;23.96
68;ACUAVALLE S.A ESP;ULLOA;3;593;0;0;0;21.01;20.46
7320;ASOCIACION DE USUARIOS ACUEDUCTO RURAL COMUNITARIO CORREGIMIENTO DE LITUANIA;EL DOVIO;1;16;0;0;1;32.79;32.79
7545;ASOCIACION DE USUARIOS DEL ACUEDUCTO ALTO DEL OSO LA FLORIDA Y LA CAMELIA;RESTREPO;1;10;0;0;0;36.31;36.31
7591;ACUEDUCTO ACUAGUAYABAL;RIOFRIO;1;11;0;0;0;36.54;36.54
79;COOPERATIVA MARAVELEZ ALCALA ESP (SISTEMA #3);ALCALA;5;455;0;0;0;35.08;32.74
8179;JUNTA ADMINISTRADORA ACUEDUCTO EL EMBAL;EL AGUILA;1;19;0;0;1;33.23;33.23
892;ACUEDUCTO RURAL VEREDA CACERES;ROLDANILLO;1;11;0;0;0;10.94;10.94
895;ACUACAMPO: ISUGU EL SILENCIO PUERTO QUINTERO, CANDELARIA, PUEBLO NUEVO, EL RINCON, SIMON BOLIVAR Y REMOLINO;ROLDANILLO;7;47;0;0;0;15.15;11.52
910;ACUEDUCTO RURAL COMUNITARIO LA UNION CASCAJERO;ANDALUCÍA;1;17;0;0;0;15.65;15.65
915;ASOCIACION DE USUARIOS DEL ACUEDCUTO RURAL COMUNITARIO DEL CORREGIMIENTO LA MARIA;EL AGUILA;2;163;0;0;0;17.28;15.78
921;ASOCIACION DE USUARIOS DEL ACUEDUCTO DE LA VEREDA SAN ISIDRO - ASUASANIS;BUGALAGRANDE;2;36;0;0;0;16.84;15.44
927;ASOCIACION DE SUSCRIPTORES ACUEDUCTO Y ALCANTARILLADO SAN JOSE - ASAAL;SAN PEDRO;2;62;0;0;0;17.81;17.12
930;ASOCIACION COMUNITARIA ADMINISTRADORA DEL ACUEDUCTO DE LA VEREDA EL DIAMANTE ACUADIAMANTE;CALIMA;1;9;0;0;1;16.05;16.05
9345;ASOCIACION DE USUARIOS ACUEDUCTO EL VERGEL - ACUAVERGEL;ANSERMANUEVO;1;104;0;0;0;20.43;20.43
9612;ASOCIACION COMUNITARIA ADMINISTRADORA DEL ACUEDUCTO DE LA VEREDA DE EL MIRADOR;CALIMA;1;67;0;0;1;43.25;43.25
9761;ASOCIACION COMUNITARIA AGUA PUDEMA-PUENTE BLANCO;TRUJILLO;1;104;0;0;0;20.43;20.43
978;ACUEDUCTO RURAL VEREDA LA MIRANDA;EL CAIRO;1;12;0;0;0;11.16;11.16
No Registra;ACUEDUCTO PROPIO;EL AGUILA;1;97;0;0;1;37.55;37.55
No Registra;ASOCIACION DE USUARIOS DE ACUEDUCTO EL PITAL;EL AGUILA;1;5;0;0;1;33.56;33.56
No Registra;JUNTA ADMINISTRADORA ACUEDUCTO LA ESTRELLA;EL AGUILA;2;12;0;0;2;34.34;33.95
No Registra;NO REGISTRA;ANSERMANUEVO, ARGELIA, EL AGUILA, EL CAIRO, EL DOVIO, LA UNION, OBANDO, ROLDANILLO, SAN PEDRO, TORO, VERSALLES;68;790;0;0;68;39.99;33.14
S.D;ACUAVALLE S.A ESP;BOLIVAR;1;0;0;0;1;12.2;12.2
S.D;ACUEDUCTO RURAL AGUAS LINDAS;BOLIVAR;1;12;0;0;1;35.66;35.66
S.D;ACUEDUCTO RURAL CRISTALES;BOLIVAR;1;35;0;0;1;38.43;38.43
S.D;ACUEDUCTO RURAL MORAVITO;BOLIVAR;1;8;0;0;1;34.66;34.66
S.D;ACUEDUTO RURAL DE DOS QUEBRDAS;BOLIVAR;1;8;0;0;1;34.66;34.66
S.D;NO REGISTRA;BOLIVAR, RIOFRIO;5;35;0;0;5;36.55;33.43
S.D;S.D;BOLIVAR, RIOFRIO, TRUJILLO;13;106;0;0;13;39.15;35.21
SD;ACUEDUCTO RURAL EL VERGEL;VERSALLES;1;10;0;0;1;31.61;31.61
SD;ACUEDUCTO RURAL PUERTO NUEVO;VERSALLES;1;19;0;0;1;33.23;33.23
SD;ASOCIACION COMUNITARIA ADMINISTRADORA DEL ACUEDUCTO DE LA VEREDA LLANOGRANDE;EL CAIRO;1;6;0;0;1;33.98;33.98
SD;JUNTA ADMINISTRADORA  DE ACUEDUCTO DE RIO BRAVO;CALIMA;1;10;0;0;1;35.21;35.21
SD;JUNTA DE ACCION COMUNAL VEREDA EL CEDRO;TORO;1;7;0;0;1;34.34;34.34
SD;NO REGISTRA;CAICEDONIA, SEVILLA;14;209;0;0;14;41.2;34.28
SIN CODIGO SISA;ACUAVALLE S.A ESP;CAICEDONIA;3;396;0;0;1;23.08;19.47
SIN CODIGO SISA;ACUEDUCTO RURAL EL ORO;BOLIVAR;1;0;0;0;1;28.7;28.7
SIN CODIGO SISA;ACUVALLE S.A E.S.P;RIOFRIO;1;6;0;0;1;15.08;15.08
SIN CODIGO SISA;ALTAMIRA;FLORIDA;1;16;0;0;1;30.99;30.99
SIN CODIGO SISA;ASOCIACION ACUEDUCTO COMUNITARIO QUEBRADA CALABAZAS ACOCALABAZAS;VIJES;1;13;0;0;0;11.36;11.36
SIN CODIGO SISA;ASOCIACION COMUNITARIA ADMINISTRADORA ACUEDUCTO EL VERGEL;CALIMA;1;11;0;0;0;36.54;36.54
SIN CODIGO SISA;"ASOCIACION DE USUARIOS ACUEDUCTO DE ROBLEDO ""ASUACOR""";TRUJILLO;1;36;0;0;0;17.6;17.6
SIN CODIGO SISA;ASOCIACION DE USUARIOS DEL ACUEDUCTO LA COLONIA;BUGALAGRANDE;1;18;0;0;0;15.79;15.79
SIN CODIGO SISA;BOLO AZUL;PRADERA;1;4;0;0;1;27.67;27.67
SIN CODIGO SISA;BOLO BLANCO;PRADERA;1;2;0;0;1;26.28;26.28
SIN CODIGO SISA;CAÑAS ARRIBA;FLORIDA;1;7;0;0;1;28.94;28.94
SIN CODIGO SISA;CONSEJO COMUNITARIO CORREGIMIENTO LA ELSA;DAGUA;1;5;0;0;1;37.76;37.76
SIN CODIGO SISA;CONSEJO COMUNITARIO DE LA COMUNIDAD NEGRA VEREDA EL CAUCHAL    FILTROS;DAGUA;1;58;0;0;0;13.47;13.47
SIN CODIGO SISA;CONSEJO COMUNITARIO DE LA COMUNIDAD NEGRA VEREDA EL DANUBIO    FILTROS;DAGUA;1;5;0;0;0;7.26;7.26
SIN CODIGO SISA;EL SALADO;FLORIDA;1;28;0;0;1;32.44;32.44
SIN CODIGO SISA;GRANATES;FLORIDA;1;22;0;0;1;31.81;31.81
SIN CODIGO SISA;JUNTA ADMINISTRADORA ACUEDUCTO CORREGIMIENTO JUNTAS FILTROS;DAGUA;1;74;0;0;0;14.12;14.12
SIN CODIGO SISA;JUNTA DE ACCIÓN COMUNAL CORREGIMIENTO LA CASCADA;DAGUA;1;19;0;0;0;10.53;10.53
SIN CODIGO SISA;JUNTA DE ACCIÓN COMUNAL VEREDA EL PLACER;DAGUA;1;4;0;0;0;6.77;6.77
SIN CODIGO SISA;LA CUMBRE;FLORIDA;1;15;0;0;1;30.83;30.83
SIN CODIGO SISA;LA RIVERA;FLORIDA;1;30;0;0;1;32.62;32.62
SIN CODIGO SISA;LAS BRISAS-  MATEGUADUA;FLORIDA;1;20;0;0;1;31.56;31.56
SIN CODIGO SISA;LAS GUACAS;FLORIDA;1;18;0;0;1;31.29;31.29
SIN CODIGO SISA;LOMA GORDA;FLORIDA;2;301;0;0;2;38.79;31.98
SIN CODIGO SISA;NO REGISTRA;BOLIVAR, BUGALAGRANDE, LA CUMBRE;7;98;0;0;7;33.51;31.85
SIN CODIGO SISA;NUEVO HORIZONTE;FLORIDA;1;10;0;0;1;29.81;29.81
SIN CODIGO SISA;SIN NOMBRE DE ACUEDUCTO;BUGALAGRANDE, DAGUA;9;229;0;0;9;36.55;31.49
SIN CODIGO SISA;VILLA PINZON;FLORIDA;1;20;0;0;1;31.56;31.56
SIN DATO;ACUEDUCTO PROPIO;EL CERRITO;1;16;0;0;1;32.79;32.79
