ARO,USUARIO_ARO,CODIGO_MUESTRA,FECHA_ENVIO,FECHA_RECEPCION,HORA_RECEPCION,FECHA_RESULTADOS,TIPO,TIPO_CODIGO,ENTIDAD_QUE_REMITE,MUESTRAS_RECIBIDAS,MUESTRAS_RECHAZADAS,ESTADO,TIENE_RESULTADO,DIAS_DESDE_RECEPCION,DIAS_RESPUESTA,SEMAFORO_PENDIENTE,SEMAFORO_RESPUESTA,FECHA_CORTE,FUENTE,PAGINA,FILA_EN_PAGINA,DETALLE_EXTRAIDO,ERROR_DETALLE,CODIGO_INTERNO_DETALLE,TIPO_SERVICIO_DETALLE,FECHA_TOMA_MUESTRA_DETALLE,NUMERO_ACTA,PUNTO_MUESTREO,LUGAR_TOMA_MUESTRA,DIRECCION,MUNICIPIO_PUNTO_MUESTREO,TIPO_LUGAR,CORREGIMIENTO_VEREDA,BARRIO,TIPO_FUENTE,NOMBRE_FUENTE,TEMPERATURA,PH,CLORO_RESIDUAL,TURBIEDAD,ANALISIS_SOLICITADO,MUNICIPIO_ACUEDUCTO_DETALLE,NOMBRE_ACUEDUCTO_DETALLE,NOMBRE_ENTIDAD_REMITE_DETALLE,MUNICIPIO,PRESTADOR,TOTAL_CAMPOS_DETALLE,CAMPOS_CON_VALOR_DETALLE
Cali,31641854,20260527-8570-VIG,27/05/2026,27/05/2026,3:35 PM,,Agua,VIG,UESVALLE - ARO CALI,4,0,Recepcionada,NO,0,,En término,No calculado,27/05/2026,https://gestion-muestras.valledelcauca.gov.co/home/simple-list-samples,1,2,SI,,20260527-8570-VIG,VIGILANCIA RUTINARIA,27/05/2026,01192,3,PUNTO # 3,VILLA TATIANA,76233 - DAGUA,RURAL,VEREDA LA VIRGEN - EL PALMARCITO,,NACIMIENTO,EL PALMARCITO,21.4,7.41,0.4,0.62,"MICROBIOLOGÍA (E. COLI Y COLIFORMES TOTALES), FISICOQUÍMICO (RUTINA), FISICOQUÍMICO (RUTINA 2), FISICOQUÍMICO (CROMATOGRAFIA IONICA IC)",76233 - DAGUA,ASOC DE USUAR DE ACUED EL PALMARCITO DE LA VEREDA - LA VIRGEN,UESVALLE - ARO CALI,76233 - DAGUA,ASOC DE USUAR DE ACUED EL PALMARCITO DE LA VEREDA - LA VIRGEN,42,42
Cali,31641854,20260527-8573-VIG,27/05/2026,27/05/2026,3:35 PM,,Agua,VIG,UESVALLE - ARO CALI,4,0,Recepcionada,NO,0,,En término,No calculado,27/05/2026,https://gestion-muestras.valledelcauca.gov.co/home/simple-list-samples,1,4,SI,,20260527-8573-VIG,VIGILANCIA RUTINARIA,27/05/2026,01194,2402,PUNTO 2 FINCA GUARNIZO,VIA LAS BRISAS ESCUELA,76233 - DAGUA,RURAL,VEREDA LAS BRISAS,,QUEBRADA,LA VIRGEN,20.8,7.53,1.5,0.76,"MICROBIOLOGÍA (E. COLI Y COLIFORMES TOTALES), FISICOQUÍMICO (RUTINA), FISICOQUÍMICO (RUTINA 2), FISICOQUÍMICO (CROMATOGRAFIA IONICA IC)",76233 - DAGUA,EMPRESA COMUNITARIA ACUEDUCTO RURAL COLECTIVO LAS BRISAS - ECOABRISAS,UESVALLE - ARO CALI,76233 - DAGUA,EMPRESA COMUNITARIA ACUEDUCTO RURAL COLECTIVO LAS BRISAS - ECOABRISAS,42,42
Cali,31641854,20260527-8574-VIG,27/05/2026,27/05/2026,3:35 PM,,Agua,VIG,UESVALLE - ARO CALI,4,0,Recepcionada,NO,0,,En término,No calculado,27/05/2026,https://gestion-muestras.valledelcauca.gov.co/home/simple-list-samples,1,3,SI,,20260527-8574-VIG,VIGILANCIA RUTINARIA,27/05/2026,01195,0001,LLAVE LAVADERO VIVIENDA OVIDIO VALENCIA,VEREDA CENTELLA ALTA VIVIENDA OVIDIO VALENCIA,76233 - DAGUA,RURAL,VEREDA CENTELLA ALTA,,QUEBRADA,CENTELLA,23.1,7.17,0.0,0.22,"MICROBIOLOGÍA (E. COLI Y COLIFORMES TOTALES), FISICOQUÍMICO (RUTINA), FISICOQUÍMICO (RUTINA 2), FISICOQUÍMICO (CROMATOGRAFIA IONICA IC)",76233 - DAGUA,ASOCIACION RURAL ACUED VEREDA CENTELLA PARTE ALTA,UESVALLE - ARO CALI,76233 - DAGUA,ASOCIACION RURAL ACUED VEREDA CENTELLA PARTE ALTA,42,42
Cali,31641854,20260527-8575-VIG,27/05/2026,27/05/2026,3:35 PM,,Agua,VIG,UESVALLE - ARO CALI,4,0,Recepcionada,NO,0,,En término,No calculado,27/05/2026,https://gestion-muestras.valledelcauca.gov.co/home/simple-list-samples,1,1,SI,,20260527-8575-VIG,VIGILANCIA RUTINARIA,27/05/2026,01197,2403,FINCA BELLAVISTA,FINCA BELLAVISTA,76233 - DAGUA,RURAL,VEREDA CENTELLA PARTA BAJA,,QUEBRADA,CENTELLA,21.2,7.39,0.1,1.89,"MICROBIOLOGÍA (E. COLI Y COLIFORMES TOTALES), FISICOQUÍMICO (RUTINA), FISICOQUÍMICO (RUTINA 2), FISICOQUÍMICO (CROMATOGRAFIA IONICA IC)",76233 - DAGUA,ASOCIACION DE USUARIOS DEL ACUEDUCTO DE LA VEREDA CENTELLA (BAJA) CRGT VILLAHERMOSA - DAGUA.,UESVALLE - ARO CALI,76233 - DAGUA,ASOCIACION DE USUARIOS DEL ACUEDUCTO DE LA VEREDA CENTELLA (BAJA) CRGT VILLAHERMOSA - DAGUA.,42,41
Cali,31641854,20260527-8581-VIG,27/05/2026,27/05/2026,3:35 PM,,Agua,VIG,UESVALLE - ARO CALI,4,0,Recepcionada,NO,0,,En término,No calculado,27/05/2026,https://gestion-muestras.valledelcauca.gov.co/home/simple-list-samples,1,5,SI,,20260527-8581-VIG,VIGILANCIA RUTINARIA,27/05/2026,01199,sd,"finca san luis, grifo instalado en el patio de la finca","vereda yerbabuena, finca san luis",76233 - DAGUA,RURAL,vereda yerbabuena,,QUEBRADA,la vibora,24.5,7.50,0.0,1.95,"MICROBIOLOGÍA (E. COLI Y COLIFORMES TOTALES), FISICOQUÍMICO (RUTINA), FISICOQUÍMICO (RUTINA 2), FISICOQUÍMICO (CROMATOGRAFIA IONICA IC)",76233 - DAGUA,asociacion comunitaria usuarios de ecueducto domiciliario de la vereda yerbabuena munic aguayerbabuena,UESVALLE - ARO CALI,76233 - DAGUA,asociacion comunitaria usuarios de ecueducto domiciliario de la vereda yerbabuena munic aguayerbabuena,42,42
Tulua,16551281,20260527-8563-VIG,27/05/2026,27/05/2026,11:55 AM,,Agua,VIG,UESVALLE - ARO TULUÁ,4,0,Recepcionada,NO,0,,En término,No calculado,27/05/2026,https://gestion-muestras.valledelcauca.gov.co/home/simple-list-samples,1,5,SI,,20260527-8563-VIG,VIGILANCIA RUTINARIA,27/05/2026,00308,76606-2,filtro ekofil,escuela santafe,76616 - RIOFRÍO,RURAL,corozal,,QUEBRADA,los castaños,22.5,7.3,0.0,0.39,"MICROBIOLOGÍA (E. COLI Y COLIFORMES TOTALES), FISICOQUÍMICO (RUTINA), FISICOQUÍMICO (RUTINA 2), FISICOQUÍMICO (CROMATOGRAFIA IONICA IC)",76616 - RIOFRÍO,ACUEDUCTO RURAL COROZAL,UESVALLE - ARO TULUÁ,76616 - RIOFRÍO,ACUEDUCTO RURAL COROZAL,42,42
Tulua,16551281,20260527-8564-VIG,27/05/2026,27/05/2026,11:55 AM,,Agua,VIG,UESVALLE - ARO TULUÁ,4,0,Recepcionada,NO,0,,En término,No calculado,27/05/2026,https://gestion-muestras.valledelcauca.gov.co/home/simple-list-samples,1,3,SI,,20260527-8564-VIG,VIGILANCIA RUTINARIA,27/05/2026,00306,76616-1,GRIFO TANQUE,SALIDA TANQUE ALMACENAMIENTO,76616 - RIOFRÍO,RURAL,RUBI LA GUAIRA,,QUEBRADA,LA GUAIRA,20,6.9,0.0,13.9,"MICROBIOLOGÍA (E. COLI Y COLIFORMES TOTALES), FISICOQUÍMICO (RUTINA), FISICOQUÍMICO (RUTINA 2), FISICOQUÍMICO (CROMATOGRAFIA IONICA IC)",76616 - RIOFRÍO,JUNTA DE ACUEDUCTO LA GUAIRA,UESVALLE - ARO TULUÁ,76616 - RIOFRÍO,JUNTA DE ACUEDUCTO LA GUAIRA,42,42
Tulua,16551281,20260527-8565-VIG,27/05/2026,27/05/2026,11:55 AM,,Agua,VIG,UESVALLE - ARO TULUÁ,4,0,Recepcionada,NO,0,,En término,No calculado,27/05/2026,https://gestion-muestras.valledelcauca.gov.co/home/simple-list-samples,1,2,SI,,20260527-8565-VIG,VIGILANCIA RUTINARIA,27/05/2026,00309,76616-2,GRIFO INSTALADO PUNTO FIJO,OFICINA ACUAFENICIA,76616 - RIOFRÍO,RURAL,FENICIA,,RÍO,TESORITO,21.3,7.7,1.3,2.0,"MICROBIOLOGÍA (E. COLI Y COLIFORMES TOTALES), FISICOQUÍMICO (RUTINA), FISICOQUÍMICO (RUTINA 2), FISICOQUÍMICO (CROMATOGRAFIA IONICA IC)",76616 - RIOFRÍO,ACUEDUCTO RURAL FENICIA ACUAFENICIA,UESVALLE - ARO TULUÁ,76616 - RIOFRÍO,ACUEDUCTO RURAL FENICIA ACUAFENICIA,42,42
Tulua,16551281,20260527-8566-VIG,27/05/2026,27/05/2026,11:55 AM,,Agua,VIG,UESVALLE - ARO TULUÁ,4,0,Recepcionada,NO,0,,En término,No calculado,27/05/2026,https://gestion-muestras.valledelcauca.gov.co/home/simple-list-samples,1,1,SI,,20260527-8566-VIG,,27/05/2026,00310,76616-1,GRIFO LAVADERO,ESCUELA ANTONIA SANTOS,76616 - RIOFRÍO,RURAL,LA ITALIA,,QUEBRADA,EL OSO,21.8,7.0,0.0,4.20,"MICROBIOLOGÍA (E. COLI Y COLIFORMES TOTALES), FISICOQUÍMICO (RUTINA), FISICOQUÍMICO (RUTINA 2), FISICOQUÍMICO (CROMATOGRAFIA IONICA IC)",76616 - RIOFRÍO,JUNTA ADMINISTRADORA ACUAITALIA,UESVALLE - ARO TULUÁ,76616 - RIOFRÍO,JUNTA ADMINISTRADORA ACUAITALIA,42,40
Tulua,16551281,20260527-8567-VIG,27/05/2026,27/05/2026,11:55 AM,,Agua,VIG,UESVALLE - ARO TULUÁ,4,0,Recepcionada,NO,0,,En término,No calculado,27/05/2026,https://gestion-muestras.valledelcauca.gov.co/home/simple-list-samples,1,4,SI,,20260527-8567-VIG,VIGILANCIA RUTINARIA,27/05/2026,00307,76616,GRIFO PATIO,TIENDA EL RUBI LA CANCHA,76616 - RIOFRÍO,RURAL,EL RUBI,,QUEBRADA,RESTREPO,21.5,7.1,0.0,0.74,"MICROBIOLOGÍA (E. COLI Y COLIFORMES TOTALES), FISICOQUÍMICO (RUTINA), FISICOQUÍMICO (RUTINA 2), FISICOQUÍMICO (CROMATOGRAFIA IONICA IC)",76616 - RIOFRÍO,ACUEDUCTO VEREDA EL RUBI SECTOR LA CANCHA,UESVALLE - ARO TULUÁ,76616 - RIOFRÍO,ACUEDUCTO VEREDA EL RUBI SECTOR LA CANCHA,42,42
Cali,31641854,20260526-8539-DIAG,26/05/2026,26/05/2026,2:50 PM,,Agua,DIAG,UESVALLE - ARO CALI,4,0,Recepcionada,NO,1,,En término,No calculado,27/05/2026,https://gestion-muestras.valledelcauca.gov.co/home/simple-list-samples,1,10,SI,,20260526-8539-DIAG,APOYO DIAGNÓSTICO,26/05/2026,01187,SIN DATO,TANQUE DE ALMACENAMIENTO EMCALI DE AGUA 4TO PISO,CARRERA 76 # 4-30 LSDP DEL VALLE DEL CAUCA,76001 - CALI,URBANO,,NAPOLES,RÍO,CAUCA,26.5,7.28,0.1,0.30,"MICROBIOLOGÍA (E. COLI Y COLIFORMES TOTALES), FISICOQUÍMICO (RUTINA), FISICOQUÍMICO (RUTINA 2), FISICOQUÍMICO (CROMATOGRAFIA IONICA IC)",76001 - CALI,EMPRESAS MUNICIPALES DE CALI E.I.C.E ESP,UESVALLE - ARO CALI,76001 - CALI,EMPRESAS MUNICIPALES DE CALI E.I.C.E ESP,42,42
Cali,31641854,20260526-8542-DIAG,26/05/2026,26/05/2026,2:50 PM,,Agua,DIAG,UESVALLE - ARO CALI,4,0,Recepcionada,NO,1,,En término,No calculado,27/05/2026,https://gestion-muestras.valledelcauca.gov.co/home/simple-list-samples,1,7,SI,,20260526-8542-DIAG,APOYO DIAGNÓSTICO,26/05/2026,01188,sin dato,tanque de almacenamiento torre de agua primer piso,carrera 76 # 4-30 lspd del valle del cauca,76001 - CALI,URBANO,,napoles,RÍO,cauca,26,7.25,0.6,0.31,"MICROBIOLOGÍA (E. COLI Y COLIFORMES TOTALES), FISICOQUÍMICO (RUTINA), FISICOQUÍMICO (RUTINA 2), FISICOQUÍMICO (CROMATOGRAFIA IONICA IC)",76001 - CALI,EMPRESAS MUNICIPALES DE CALI E.I.C.E ESP,UESVALLE - ARO CALI,76001 - CALI,EMPRESAS MUNICIPALES DE CALI E.I.C.E ESP,42,42
Cali,31641854,20260526-8555-DIAG,26/05/2026,26/05/2026,2:50 PM,,Agua,DIAG,UESVALLE - ARO CALI,4,0,Recepcionada,NO,1,,En término,No calculado,27/05/2026,https://gestion-muestras.valledelcauca.gov.co/home/simple-list-samples,1,9,SI,,20260526-8555-DIAG,APOYO DIAGNÓSTICO,26/05/2026,01189,sin dato,tanque de almacenamiento de agua piso # 17,edificio palacio de san francisco gobernacion del valle del cauca,76001 - CALI,URBANO,,santa rosa,RÍO,cauca,25.5,7.39,0.0,0.40,"MICROBIOLOGÍA (E. COLI Y COLIFORMES TOTALES), FISICOQUÍMICO (RUTINA), FISICOQUÍMICO (RUTINA 2), FISICOQUÍMICO (CROMATOGRAFIA IONICA IC)",76001 - CALI,EMPRESAS MUNICIPALES DE CALI E.I.C.E ESP,UESVALLE - ARO CALI,76001 - CALI,EMPRESAS MUNICIPALES DE CALI E.I.C.E ESP,42,42
Cali,31641854,20260526-8559-DIAG,26/05/2026,26/05/2026,2:50 PM,,Agua,DIAG,UESVALLE - ARO CALI,4,0,Recepcionada,NO,1,,En término,No calculado,27/05/2026,https://gestion-muestras.valledelcauca.gov.co/home/simple-list-samples,1,8,SI,,20260526-8559-DIAG,APOYO DIAGNÓSTICO,26/05/2026,01190,sin dato,tanque de almacenamiento TORRE EMCALI de agua sotano,edificio palacio de san francisco gobernacion del valle del cauca,76001 - CALI,URBANO,,santa rosa,RÍO,cauca,23.8,7.43,1.3,0.26,"MICROBIOLOGÍA (E. COLI Y COLIFORMES TOTALES), FISICOQUÍMICO (RUTINA), FISICOQUÍMICO (RUTINA 2), FISICOQUÍMICO (CROMATOGRAFIA IONICA IC)",76001 - CALI,EMPRESAS MUNICIPALES DE CALI E.I.C.E ESP,UESVALLE - ARO CALI,76001 - CALI,EMPRESAS MUNICIPALES DE CALI E.I.C.E ESP,42,42
Cali,31641854,20260526-8561-VIG,26/05/2026,26/05/2026,2:50 PM,,Agua,VIG,UESVALLE - ARO CALI,4,0,Recepcionada,NO,1,,En término,No calculado,27/05/2026,https://gestion-muestras.valledelcauca.gov.co/home/simple-list-samples,1,6,SI,,20260526-8561-VIG,VIGILANCIA RUTINARIA,26/05/2026,01191,1,cai de policia,carrera 8 calle 4,76377 - LA CUMBRE,RURAL,san jose de pavas,,NACIMIENTO,el manantial,23.1,7.82,1.4,0.75,"MICROBIOLOGÍA (E. COLI Y COLIFORMES TOTALES), FISICOQUÍMICO (RUTINA), FISICOQUÍMICO (RUTINA 2), FISICOQUÍMICO (CROMATOGRAFIA IONICA IC)",76377 - LA CUMBRE,ASOCIACION COMUNITARIA ADMINISTRADORA DEL ACUEDUCTO DE PAVAS - ACAAPAVAS,UESVALLE - ARO CALI,76377 - LA CUMBRE,ASOCIACION COMUNITARIA ADMINISTRADORA DEL ACUEDUCTO DE PAVAS - ACAAPAVAS,42,42
Cartago,16232927,20260526-8523-VIG,26/05/2026,26/05/2026,3:15 PM,,Agua,VIG,UESVALLE - ARO CARTAGO,4,0,Recepcionada,NO,1,,En término,No calculado,27/05/2026,https://gestion-muestras.valledelcauca.gov.co/home/simple-list-samples,1,8,SI,,20260526-8523-VIG,VIGILANCIA RUTINARIA,26/05/2026,00608,0005,SALIDA FILTRO CASERO-EKOFIL,FILTRO CASERO-EKOFIL NANCY BORRERO,76622 - ROLDANILLO,RURAL,ARMENIA ALTA,,QUEBRADA,LA ARMENIA,21.9,7.36,SD,0.90,"MICROBIOLOGÍA (E. COLI Y COLIFORMES TOTALES), FISICOQUÍMICO (RUTINA), FISICOQUÍMICO (RUTINA 2), FISICOQUÍMICO (CROMATOGRAFIA IONICA IC)",76622 - ROLDANILLO,ACUEDUCTO RURAL LA ARMENIA ALTA,UESVALLE - ARO CARTAGO,76622 - ROLDANILLO,ACUEDUCTO RURAL LA ARMENIA ALTA,42,41
Cartago,16232927,20260526-8524-VIG,26/05/2026,26/05/2026,3:15 PM,,Agua,VIG,UESVALLE - ARO CARTAGO,4,0,Recepcionada,NO,1,,En término,No calculado,27/05/2026,https://gestion-muestras.valledelcauca.gov.co/home/simple-list-samples,1,2,SI,,,,,,,,,,,,,,,,,,,,,,,,,0,0
Cartago,16232927,20260526-8525-VIG,26/05/2026,26/05/2026,3:15 PM,,Agua,VIG,UESVALLE - ARO CARTAGO,4,0,Recepcionada,NO,1,,En término,No calculado,27/05/2026,https://gestion-muestras.valledelcauca.gov.co/home/simple-list-samples,1,5,SI,,20260526-8525-VIG,VIGILANCIA RUTINARIA,26/05/2026,00609,0002,GRIFO#0002 SECTOR VIV,SECTOR VIVIENDA GILDARDO MOLINA,76622 - ROLDANILLO,RURAL,ARMENIA BAJA,,QUEBRADA,LA ARMENIA,20.7,7.33,0.0,4.17,"MICROBIOLOGÍA (E. COLI Y COLIFORMES TOTALES), FISICOQUÍMICO (RUTINA), FISICOQUÍMICO (RUTINA 2), FISICOQUÍMICO (CROMATOGRAFIA IONICA IC)",76622 - ROLDANILLO,ACUEDUCTO RURAL VEREDA LA ARMENIA BAJA,UESVALLE - ARO CARTAGO,76622 - ROLDANILLO,ACUEDUCTO RURAL VEREDA LA ARMENIA BAJA,42,41
Cartago,16232927,20260526-8526-VIG,26/05/2026,26/05/2026,3:15 PM,,Agua,VIG,UESVALLE - ARO CARTAGO,4,0,Recepcionada,NO,1,,En término,No calculado,27/05/2026,https://gestion-muestras.valledelcauca.gov.co/home/simple-list-samples,1,7,SI,,20260526-8526-VIG,VIGILANCIA RUTINARIA,26/05/2026,00858,0002,grifo,finca la aurora-humberto aguirre,76246 - EL CAIRO,RURAL,san jose #2,,QUEBRADA,moja huevoS,20.3,7.16,0.0,4.47,"MICROBIOLOGÍA (E. COLI Y COLIFORMES TOTALES), FISICOQUÍMICO (RUTINA), FISICOQUÍMICO (RUTINA 2), FISICOQUÍMICO (CROMATOGRAFIA IONICA IC)",76246 - EL CAIRO,ASOCIACION DE USUARIOS DEL ACUEDUCTO RURAL COMUNITARIO DEL CORREGIMIENTO ALBAN ACUEDUCTO SAN JOSE # 2,UESVALLE - ARO CARTAGO,76246 - EL CAIRO,ASOCIACION DE USUARIOS DEL ACUEDUCTO RURAL COMUNITARIO DEL CORREGIMIENTO ALBAN ACUEDUCTO SAN JOSE # 2,42,41
Cartago,16232927,20260526-8527-VIG,26/05/2026,26/05/2026,3:15 PM,,Agua,VIG,UESVALLE - ARO CARTAGO,4,0,Recepcionada,NO,1,,En término,No calculado,27/05/2026,https://gestion-muestras.valledelcauca.gov.co/home/simple-list-samples,1,3,SI,,20260526-8527-VIG,,26/05/2026,00610,0002,GRIFO#0002 ENTRADA,ENTRADA ESCUELA CRUCES FRENTE A CASA DE MOISES LEYTON,76622 - ROLDANILLO,RURAL,V LA SOLEDAD,,QUEBRADA,LA CRISTALINA 1 Y 2,19.6,7.42,0.0,6.10,"MICROBIOLOGÍA (E. COLI Y COLIFORMES TOTALES), FISICOQUÍMICO (RUTINA), FISICOQUÍMICO (RUTINA 2), FISICOQUÍMICO (CROMATOGRAFIA IONICA IC)",76622 - ROLDANILLO,ASOCIACION COMUNITARIA ADMINISTRADORA DEL ACUEDUCTO LA VEREDA LA SOLEDAD,UESVALLE - ARO CARTAGO,76622 - ROLDANILLO,ASOCIACION COMUNITARIA ADMINISTRADORA DEL ACUEDUCTO LA VEREDA LA SOLEDAD,42,39
Cartago,16232927,20260526-8528-VIG,26/05/2026,26/05/2026,3:15 PM,,Agua,VIG,UESVALLE - ARO CARTAGO,4,0,Recepcionada,NO,1,,En término,No calculado,27/05/2026,https://gestion-muestras.valledelcauca.gov.co/home/simple-list-samples,1,6,SI,,20260526-8528-VIG,VIGILANCIA RUTINARIA,26/05/2026,00859,0003,grifo,ie sede san juan bosco,76246 - EL CAIRO,RURAL,llano grande,,NACIMIENTO,el jordan,20.9,6.88,0.0,5.72,"MICROBIOLOGÍA (E. COLI Y COLIFORMES TOTALES), FISICOQUÍMICO (RUTINA), FISICOQUÍMICO (RUTINA 2), FISICOQUÍMICO (CROMATOGRAFIA IONICA IC)",76246 - EL CAIRO,ASOCIACION COMUNITARIA ADMINISTRADORA DEL ACUEDUCTO DE LA VEREDA DE LLANOGRANDE,UESVALLE - ARO CARTAGO,76246 - EL CAIRO,ASOCIACION COMUNITARIA ADMINISTRADORA DEL ACUEDUCTO DE LA VEREDA DE LLANOGRANDE,42,41
Cartago,16232927,20260526-8530-VIG,26/05/2026,26/05/2026,3:15 PM,,Agua,VIG,UESVALLE - ARO CARTAGO,4,0,Recepcionada,NO,1,,En término,No calculado,27/05/2026,https://gestion-muestras.valledelcauca.gov.co/home/simple-list-samples,1,4,SI,,20260526-8530-VIG,VIGILANCIA RUTINARIA,26/05/2026,00611,0003,GRIFO#0003 ENTRADA,ENTRADA VEREDA LA PEDREGOSA,76622 - ROLDANILLO,RURAL,VEREDA EL RETIRO,,QUEBRADA,Q PLATANARES,19.4,7.01,0.0,6.54,"MICROBIOLOGÍA (E. COLI Y COLIFORMES TOTALES), FISICOQUÍMICO (RUTINA), FISICOQUÍMICO (RUTINA 2), FISICOQUÍMICO (CROMATOGRAFIA IONICA IC)",76622 - ROLDANILLO,ASOCIACIËN DE USUARIOS DEL ACUEDUCTO RURAL COMUNITARIO VEREDA EL RETIRO,UESVALLE - ARO CARTAGO,76622 - ROLDANILLO,ASOCIACIËN DE USUARIOS DEL ACUEDUCTO RURAL COMUNITARIO VEREDA EL RETIRO,42,41
Cartago,16232927,20260526-8536-VIG,26/05/2026,26/05/2026,3:15 PM,,Agua,VIG,UESVALLE - ARO CARTAGO,4,0,Recepcionada,NO,1,,En término,No calculado,27/05/2026,https://gestion-muestras.valledelcauca.gov.co/home/simple-list-samples,1,1,SI,,20260526-8536-VIG,,26/05/2026,00612,0003,GRIFO#0003 FRENTE PS,FRENTE A PUESTO DE SALUD,76622 - ROLDANILLO,RURAL,CORREGIMIENTO EL REY,,QUEBRADA,Q EL MESTIZO,25,7.75,1.6,0.86,"MICROBIOLOGÍA (E. COLI Y COLIFORMES TOTALES), FISICOQUÍMICO (RUTINA), FISICOQUÍMICO (RUTINA 2), FISICOQUÍMICO (CROMATOGRAFIA IONICA IC)",76622 - ROLDANILLO,ASOC USUARIOS DEL ACUEDUCTO COMUNITARIO EL REY,UESVALLE - ARO CARTAGO,76622 - ROLDANILLO,ASOC USUARIOS DEL ACUEDUCTO COMUNITARIO EL REY,42,37
Cartago,16232927,20260526-8546-VIG,26/05/2026,26/05/2026,3:15 PM,,Agua,VIG,UESVALLE - ARO CARTAGO,4,0,Recepcionada,NO,1,,En término,No calculado,27/05/2026,https://gestion-muestras.valledelcauca.gov.co/home/simple-list-samples,1,9,SI,,20260526-8546-VIG,VIGILANCIA RUTINARIA,26/05/2026,00860,0002,GRIFO,PARQUE PRINCIPAL,76246 - EL CAIRO,RURAL,ALBAN,,QUEBRADA,N. LOS CHORROS - LA FLORESTA,21.6,7.46,0.0,2.44,"MICROBIOLOGÍA (E. COLI Y COLIFORMES TOTALES), FISICOQUÍMICO (RUTINA), FISICOQUÍMICO (RUTINA 2), FISICOQUÍMICO (CROMATOGRAFIA IONICA IC)",76246 - EL CAIRO,ASOCIACION DE USUARIOS DEL ACUEDUCTO RURAL COMUNITARIO DEL CORREGIMIENTO ALBAN MUNICIPIO DE EL CAIRO,UESVALLE - ARO CARTAGO,76246 - EL CAIRO,ASOCIACION DE USUARIOS DEL ACUEDUCTO RURAL COMUNITARIO DEL CORREGIMIENTO ALBAN MUNICIPIO DE EL CAIRO,42,41
Tulua,16551281,20260526-8545-VIG,26/05/2026,26/05/2026,3:15 PM,,Agua,VIG,UESVALLE - ARO TULUÁ,4,0,Recepcionada,NO,1,,En término,No calculado,27/05/2026,https://gestion-muestras.valledelcauca.gov.co/home/simple-list-samples,1,12,SI,,20260526-8545-VIG,VIGILANCIA RUTINARIA,26/05/2026,02587,76828-1,grifo instalado punto fijo,vivienda nancy ospina,76828 - TRUJILLO,RURAL,la luisa,,QUEBRADA,el horno - la aurora,24,8.3,0.0,9.92,"MICROBIOLOGÍA (E. COLI Y COLIFORMES TOTALES), FISICOQUÍMICO (RUTINA), FISICOQUÍMICO (RUTINA 2), FISICOQUÍMICO (CROMATOGRAFIA IONICA IC)",76828 - TRUJILLO,ACUEDUCTO RURAL LA LUISA,UESVALLE - ARO TULUÁ,76828 - TRUJILLO,ACUEDUCTO RURAL LA LUISA,42,42
Tulua,16551281,20260526-8547-VIG,26/05/2026,26/05/2026,3:15 PM,,Agua,VIG,UESVALLE - ARO TULUÁ,4,0,Recepcionada,NO,1,,En término,No calculado,27/05/2026,https://gestion-muestras.valledelcauca.gov.co/home/simple-list-samples,1,7,SI,,20260526-8547-VIG,VIGILANCIA RUTINARIA,26/05/2026,00304,76126,GRIFO LAVADERO,VIVIENDA LUIS GUERRERO,76126 - CALIMA,RURAL,BELLA VISTA,,NACIMIENTO,BELLA VISTA,22.4,6.6,0.0,1.39,"MICROBIOLOGÍA (E. COLI Y COLIFORMES TOTALES), FISICOQUÍMICO (RUTINA), FISICOQUÍMICO (RUTINA 2), FISICOQUÍMICO (CROMATOGRAFIA IONICA IC)",76126 - CALIMA,ASOCIACION DE ACUEDUCTO RURAL DE BELLA VISTA,UESVALLE - ARO TULUÁ,76126 - CALIMA,ASOCIACION DE ACUEDUCTO RURAL DE BELLA VISTA,42,42
Tulua,16551281,20260526-8548-VIG,26/05/2026,26/05/2026,3:15 PM,,Agua,VIG,UESVALLE - ARO TULUÁ,4,0,Recepcionada,NO,1,,En término,No calculado,27/05/2026,https://gestion-muestras.valledelcauca.gov.co/home/simple-list-samples,1,8,SI,,20260526-8548-VIG,VIGILANCIA RUTINARIA,26/05/2026,00301,76126-1,GRIFO LAVAPLATOS,PORTERIA,76126 - CALIMA,RURAL,PUERTO BUGA,,QUEBRADA,QUEBRADA LA NORUEGA,22.5,7.4,1.78,0.20,"MICROBIOLOGÍA (E. COLI Y COLIFORMES TOTALES), FISICOQUÍMICO (RUTINA), FISICOQUÍMICO (RUTINA 2), FISICOQUÍMICO (CROMATOGRAFIA IONICA IC)",76126 - CALIMA,ACUEDUCTO PARCELACIÓN LA NORUEGA,UESVALLE - ARO TULUÁ,76126 - CALIMA,ACUEDUCTO PARCELACIÓN LA NORUEGA,42,42
Tulua,16551281,20260526-8550-VIG,26/05/2026,26/05/2026,3:15 PM,,Agua,VIG,UESVALLE - ARO TULUÁ,4,0,Recepcionada,NO,1,,En término,No calculado,27/05/2026,https://gestion-muestras.valledelcauca.gov.co/home/simple-list-samples,1,9,SI,,20260526-8550-VIG,VIGILANCIA RUTINARIA,26/05/2026,02588,76828-2,GRIFO INTALADO PUNTO FIJO,ESCUELA JOSE VARGAS,76828 - TRUJILLO,RURAL,CEDRALES,,RÍO,CULEBRAS,22.1,8.0,0.0,1.82,"MICROBIOLOGÍA (E. COLI Y COLIFORMES TOTALES), FISICOQUÍMICO (RUTINA), FISICOQUÍMICO (RUTINA 2), FISICOQUÍMICO (CROMATOGRAFIA IONICA IC)",76828 - TRUJILLO,ASOCIACION DE USUARIOS DEL ACUEDUCTO RURAL COLECTIVO VEREDA CEDRALES ARCC,UESVALLE - ARO TULUÁ,76828 - TRUJILLO,ASOCIACION DE USUARIOS DEL ACUEDUCTO RURAL COLECTIVO VEREDA CEDRALES ARCC,42,42
Tulua,16551281,20260526-8551-VIG,26/05/2026,26/05/2026,3:15 PM,,Agua,VIG,UESVALLE - ARO TULUÁ,4,0,Recepcionada,NO,1,,En término,No calculado,27/05/2026,https://gestion-muestras.valledelcauca.gov.co/home/simple-list-samples,1,6,SI,,20260526-8551-VIG,VIGILANCIA RUTINARIA,26/05/2026,00305,76126,FILTRO EKOFIL,ESCUELA ANTONIO NARIÑO,76126 - CALIMA,RURAL,LA GUAIRA,,QUEBRADA,LA GUAIRA,20.4,7.3,0.0,0.18,"MICROBIOLOGÍA (E. COLI Y COLIFORMES TOTALES), FISICOQUÍMICO (RUTINA), FISICOQUÍMICO (RUTINA 2), FISICOQUÍMICO (CROMATOGRAFIA IONICA IC)",76126 - CALIMA,JUNTA DE ACUEDUCTO LA GUAIRA,UESVALLE - ARO TULUÁ,76126 - CALIMA,JUNTA DE ACUEDUCTO LA GUAIRA,42,42
Tulua,16551281,20260526-8552-VIG,26/05/2026,26/05/2026,3:15 PM,,Agua,VIG,UESVALLE - ARO TULUÁ,4,0,Recepcionada,NO,1,,En término,No calculado,27/05/2026,https://gestion-muestras.valledelcauca.gov.co/home/simple-list-samples,1,14,SI,,20260526-8552-VIG,VIGILANCIA RUTINARIA,26/05/2026,02589,76828-1,GRIFO PUNTO FIJO,HOTEL MACUMUA,76828 - TRUJILLO,RURAL,CRISTALINA,,QUEBRADA,LA CRISTALINA,22.2,8.2,0.0,1.0,"MICROBIOLOGÍA (E. COLI Y COLIFORMES TOTALES), FISICOQUÍMICO (RUTINA), FISICOQUÍMICO (RUTINA 2), FISICOQUÍMICO (CROMATOGRAFIA IONICA IC)",76828 - TRUJILLO,ACUEDUCTO RURAL CRISTALINA BAJA BAGASECA,UESVALLE - ARO TULUÁ,76828 - TRUJILLO,ACUEDUCTO RURAL CRISTALINA BAJA BAGASECA,42,42
Tulua,16551281,20260526-8553-VIG,26/05/2026,26/05/2026,3:15 PM,,Agua,VIG,UESVALLE - ARO TULUÁ,4,0,Recepcionada,NO,1,,En término,No calculado,27/05/2026,https://gestion-muestras.valledelcauca.gov.co/home/simple-list-samples,1,13,SI,,20260526-8553-VIG,VIGILANCIA RUTINARIA,26/05/2026,00303,76126-1,GRIFO INSTALADO PUNTO FIJO FILTRO EKOFIL,"PUESTO DE SALUD, ESCUELA SANTA ANA",76126 - CALIMA,RURAL,EL DIAMANTE,,QUEBRADA,LA ROCHELA,22.1,7.1,0.0,0.37,"MICROBIOLOGÍA (E. COLI Y COLIFORMES TOTALES), FISICOQUÍMICO (RUTINA), FISICOQUÍMICO (RUTINA 2), FISICOQUÍMICO (CROMATOGRAFIA IONICA IC)",76126 - CALIMA,ACUADIAMANTE,UESVALLE - ARO TULUÁ,76126 - CALIMA,ACUADIAMANTE,42,42
Tulua,16551281,20260526-8554-VIG,26/05/2026,26/05/2026,3:15 PM,,Agua,VIG,UESVALLE - ARO TULUÁ,4,0,Recepcionada,NO,1,,En término,No calculado,27/05/2026,https://gestion-muestras.valledelcauca.gov.co/home/simple-list-samples,1,11,SI,,20260526-8554-VIG,VIGILANCIA RUTINARIA,26/05/2026,02590,76828-2,GRIFO INSTALADO PUNTO FIJO,CASA NEFTALY SANCHEZ,76828 - TRUJILLO,RURAL,RINRAN,,RÍO,CEDRALES,21.6,8.4,0.62,2.0,"MICROBIOLOGÍA (E. COLI Y COLIFORMES TOTALES), FISICOQUÍMICO (RUTINA), FISICOQUÍMICO (RUTINA 2), FISICOQUÍMICO (CROMATOGRAFIA IONICA IC)",76828 - TRUJILLO,ASOCIACION DE USUARIOS DE ABASTO DE AGUA RIN RAN,UESVALLE - ARO TULUÁ,76828 - TRUJILLO,ASOCIACION DE USUARIOS DE ABASTO DE AGUA RIN RAN,42,42
Tulua,16551281,20260526-8557-VIG,26/05/2026,26/05/2026,3:15 PM,,Agua,VIG,UESVALLE - ARO TULUÁ,4,0,Recepcionada,NO,1,,En término,No calculado,27/05/2026,https://gestion-muestras.valledelcauca.gov.co/home/simple-list-samples,1,15,SI,,20260526-8557-VIG,VIGILANCIA RUTINARIA,26/05/2026,02591,76828-1,FILTRO EKOFIL,ESCUELA BERNARDO,76828 - TRUJILLO,RURAL,PALERMO BAJO,,QUEBRADA,CIMITAIRA,24,8.1,0.0,0.87,"MICROBIOLOGÍA (E. COLI Y COLIFORMES TOTALES), FISICOQUÍMICO (RUTINA), FISICOQUÍMICO (RUTINA 2), FISICOQUÍMICO (CROMATOGRAFIA IONICA IC)",76828 - TRUJILLO,ASOCIACION DE USUARIOS DEL ACUEDUCTO RURAL COLECTIVO DE LA VEREDA BAJO PALERMO,UESVALLE - ARO TULUÁ,76828 - TRUJILLO,ASOCIACION DE USUARIOS DEL ACUEDUCTO RURAL COLECTIVO DE LA VEREDA BAJO PALERMO,42,42
Tulua,16551281,20260526-8558-VIG,26/05/2026,26/05/2026,3:15 PM,,Agua,VIG,UESVALLE - ARO TULUÁ,4,0,Recepcionada,NO,1,,En término,No calculado,27/05/2026,https://gestion-muestras.valledelcauca.gov.co/home/simple-list-samples,1,10,SI,,20260526-8558-VIG,VIGILANCIA RUTINARIA,26/05/2026,00302,76126,GRIFO PATIO,PORTERIA,76126 - CALIMA,RURAL,REMOLINO,,QUEBRADA,LA HERRADURA,22.1,7.1,1.50,1.90,"MICROBIOLOGÍA (E. COLI Y COLIFORMES TOTALES), FISICOQUÍMICO (RUTINA), FISICOQUÍMICO (RUTINA 2), FISICOQUÍMICO (CROMATOGRAFIA IONICA IC)",76126 - CALIMA,ACUEDUCTO PARCELACION LA CLARITA,UESVALLE - ARO TULUÁ,76126 - CALIMA,ACUEDUCTO PARCELACION LA CLARITA,42,42
Cali,31641854,20260525-8479-VIG,25/05/2026,25/05/2026,2:10 PM,,Agua,VIG,UESVALLE - ARO CALI,4,0,Recepcionada,NO,2,,En término,No calculado,27/05/2026,https://gestion-muestras.valledelcauca.gov.co/home/simple-list-samples,1,20,SI,,20260525-8479-VIG,VIGILANCIA RUTINARIA,25/05/2026,01139,0001,PUNTO INTRADOMICILIARIO,VIVIENDA SRA SELENE ARCILA,76377 - LA CUMBRE,RURAL,VEREDA SANTA FE,,QUEBRADA,CENTENARIO,25,7.49,1.4,1.33,"MICROBIOLOGÍA (E. COLI Y COLIFORMES TOTALES), FISICOQUÍMICO (RUTINA), FISICOQUÍMICO (RUTINA 2), FISICOQUÍMICO (CROMATOGRAFIA IONICA IC)",76377 - LA CUMBRE,ASOCIACION DE USUARIOS DEL ACUEDUCTO DE SANTA FE DEL MUNICIPIO DE LA CUMBRE,UESVALLE - ARO CALI,76377 - LA CUMBRE,ASOCIACION DE USUARIOS DEL ACUEDUCTO DE SANTA FE DEL MUNICIPIO DE LA CUMBRE,42,42
Cali,31641854,20260525-8486-VIG,25/05/2026,25/05/2026,2:10 PM,,Agua,VIG,UESVALLE - ARO CALI,4,0,Recepcionada,NO,2,,En término,No calculado,27/05/2026,https://gestion-muestras.valledelcauca.gov.co/home/simple-list-samples,1,17,SI,,20260525-8486-VIG,VIGILANCIA RUTINARIA,25/05/2026,01138,2,INTRADOMICILIARIO,CASA ALEJANDRO BOLAÑOS,76377 - LA CUMBRE,RURAL,VEREDAD LA VENTURA - SECTOR ALTO SANO,,QUEBRADA,CENTENARIO,24,7.74,1.7,2.0,"MICROBIOLOGÍA (E. COLI Y COLIFORMES TOTALES), FISICOQUÍMICO (RUTINA), FISICOQUÍMICO (RUTINA 2), FISICOQUÍMICO (CROMATOGRAFIA IONICA IC)",76377 - LA CUMBRE,ASOCIACION COMUNITARIA ALTO SANO EMPRESA DE SERVICIOS PUBLICOS - ASOALTOSANO E.S.P.,UESVALLE - ARO CALI,76377 - LA CUMBRE,ASOCIACION COMUNITARIA ALTO SANO EMPRESA DE SERVICIOS PUBLICOS - ASOALTOSANO E.S.P.,42,42
Cali,31641854,20260525-8487-VIG,25/05/2026,25/05/2026,2:30 PM,,Agua,VIG,UESVALLE - ARO CALI,4,0,Recepcionada,NO,2,,En término,No calculado,27/05/2026,https://gestion-muestras.valledelcauca.gov.co/home/simple-list-samples,1,13,SI,,20260525-8487-VIG,VIGILANCIA RUTINARIA,25/05/2026,01180,0101,TIENDA EN ESQUINA VIA A TOCHE,TIENDA EN ESQUINA VIA A TOCHE,76248 - EL CERRITO,RURAL,SANTA LUISA,,RÍO,CABUYAL,18.1,7.78,0.0,1.48,"MICROBIOLOGÍA (E. COLI Y COLIFORMES TOTALES), FISICOQUÍMICO (RUTINA), FISICOQUÍMICO (RUTINA 2), FISICOQUÍMICO (CROMATOGRAFIA IONICA IC)",76248 - EL CERRITO,JUNTA DE ACCION COMUNAL DE SANTA LUISA,UESVALLE - ARO CALI,76248 - EL CERRITO,JUNTA DE ACCION COMUNAL DE SANTA LUISA,42,42
Cali,31641854,20260525-8490-VIG,25/05/2026,25/05/2026,2:30 PM,,Agua,VIG,UESVALLE - ARO CALI,4,0,Recepcionada,NO,2,,En término,No calculado,27/05/2026,https://gestion-muestras.valledelcauca.gov.co/home/simple-list-samples,1,12,SI,,20260525-8490-VIG,VIGILANCIA RUTINARIA,25/05/2026,01181,0011,CASA OSCAR NOGUERA AL FRENTE,VIVIENDA SEÑOR OSCAR NOGUERA,76248 - EL CERRITO,RURAL,AUJI,,QUEBRADA,LA HONDA,20.8,7.66,0.5,1.93,"MICROBIOLOGÍA (E. COLI Y COLIFORMES TOTALES), FISICOQUÍMICO (RUTINA), FISICOQUÍMICO (RUTINA 2), FISICOQUÍMICO (CROMATOGRAFIA IONICA IC)",76248 - EL CERRITO,ACUASALUD AUJI,UESVALLE - ARO CALI,76248 - EL CERRITO,ACUASALUD AUJI,42,42
Cali,31641854,20260525-8491-VIG,25/05/2026,25/05/2026,2:10 PM,,Agua,VIG,UESVALLE - ARO CALI,4,0,Recepcionada,NO,2,,En término,No calculado,27/05/2026,https://gestion-muestras.valledelcauca.gov.co/home/simple-list-samples,1,19,SI,,20260525-8491-VIG,VIGILANCIA RUTINARIA,25/05/2026,01140,01,vivienda betty benavides,sector centenario,76377 - LA CUMBRE,RURAL,bitaco sector centenario,,QUEBRADA,centenario,26,7.16,0.4,0.24,"MICROBIOLOGÍA (E. COLI Y COLIFORMES TOTALES), FISICOQUÍMICO (RUTINA), FISICOQUÍMICO (RUTINA 2), FISICOQUÍMICO (CROMATOGRAFIA IONICA IC)",76377 - LA CUMBRE,ACUEDUCTO COMUNITARIO CENTENARIO,UESVALLE - ARO CALI,76377 - LA CUMBRE,ACUEDUCTO COMUNITARIO CENTENARIO,42,42
Cali,31641854,20260525-8492-VIG,25/05/2026,25/05/2026,2:30 PM,,Agua,VIG,UESVALLE - ARO CALI,4,0,Recepcionada,NO,2,,En término,No calculado,27/05/2026,https://gestion-muestras.valledelcauca.gov.co/home/simple-list-samples,1,15,SI,,20260525-8492-VIG,VIGILANCIA RUTINARIA,25/05/2026,01182,2002,AL LADO POSTE ENTRADA A CASA,CASETA COMUNAL CARRIZAL,76248 - EL CERRITO,RURAL,CARRIZAL,,QUEBRADA,LAS YEGUAS,18.3,7.72,0.0,4.11,"MICROBIOLOGÍA (E. COLI Y COLIFORMES TOTALES), FISICOQUÍMICO (RUTINA), FISICOQUÍMICO (RUTINA 2), FISICOQUÍMICO (CROMATOGRAFIA IONICA IC)",76248 - EL CERRITO,JUNTA ADMINISTRADORA ACUEDUCTO CARRIZAL,UESVALLE - ARO CALI,76248 - EL CERRITO,JUNTA ADMINISTRADORA ACUEDUCTO CARRIZAL,42,42
Cali,31641854,20260525-8495-VIG,25/05/2026,25/05/2026,2:30 PM,,Agua,VIG,UESVALLE - ARO CALI,4,0,Recepcionada,NO,2,,En término,No calculado,27/05/2026,https://gestion-muestras.valledelcauca.gov.co/home/simple-list-samples,1,14,SI,,20260525-8495-VIG,VIGILANCIA RUTINARIA,25/05/2026,01183,0124,FRENTE VIA TENERIFE EN CRUCERO A FINCA,VALDERRAMAS,76248 - EL CERRITO,RURAL,EL MORAL,,QUEBRADA,LA CASCADA,18.2,7.61,1.7,0.67,"MICROBIOLOGÍA (E. COLI Y COLIFORMES TOTALES), FISICOQUÍMICO (RUTINA), FISICOQUÍMICO (RUTINA 2), FISICOQUÍMICO (CROMATOGRAFIA IONICA IC)",76248 - EL CERRITO,ACUEDUCTO EL MORAL,UESVALLE - ARO CALI,76248 - EL CERRITO,ACUEDUCTO EL MORAL,42,42
Cali,31641854,20260525-8501-VIG,25/05/2026,25/05/2026,2:10 PM,,Agua,VIG,UESVALLE - ARO CALI,4,0,Recepcionada,NO,2,,En término,No calculado,27/05/2026,https://gestion-muestras.valledelcauca.gov.co/home/simple-list-samples,1,22,SI,,20260525-8501-VIG,VIGILANCIA RUTINARIA,25/05/2026,01141,002,antigua oficina hogar,oficina ascabi,76377 - LA CUMBRE,RURAL,bitaco - bienestAR,,QUEBRADA,EL SILENCIO,29,7.85,1.0,1.20,"MICROBIOLOGÍA (E. COLI Y COLIFORMES TOTALES), FISICOQUÍMICO (RUTINA), FISICOQUÍMICO (RUTINA 2), FISICOQUÍMICO (CROMATOGRAFIA IONICA IC)",76377 - LA CUMBRE,ASOCIACION COMUNITARIA ADMINISTRADORA ACUEDUCTO BITACO-ASCABI,UESVALLE - ARO CALI,76377 - LA CUMBRE,ASOCIACION COMUNITARIA ADMINISTRADORA ACUEDUCTO BITACO-ASCABI,42,42
Cali,31641854,20260525-8506-VIG,25/05/2026,25/05/2026,2:10 PM,,Agua,VIG,UESVALLE - ARO CALI,4,0,Recepcionada,NO,2,,En término,No calculado,27/05/2026,https://gestion-muestras.valledelcauca.gov.co/home/simple-list-samples,1,21,SI,,20260525-8506-VIG,VIGILANCIA RUTINARIA,25/05/2026,01142,1,via principal,vivienda r. legal,76377 - LA CUMBRE,RURAL,bitaco,,QUEBRADA,zaragoza,27,7.57,0.3,10.5,"MICROBIOLOGÍA (E. COLI Y COLIFORMES TOTALES), FISICOQUÍMICO (RUTINA), FISICOQUÍMICO (RUTINA 2), FISICOQUÍMICO (CROMATOGRAFIA IONICA IC)",76377 - LA CUMBRE,ASOCIACION DE USUARIOS ANTIGUO ACUEDUCTO BITACO - SUANABIT,UESVALLE - ARO CALI,76377 - LA CUMBRE,ASOCIACION DE USUARIOS ANTIGUO ACUEDUCTO BITACO - SUANABIT,42,42
Cali,31641854,20260525-8518-VIG,25/05/2026,25/05/2026,2:30 PM,,Agua,VIG,UESVALLE - ARO CALI,4,0,Recepcionada,NO,2,,En término,No calculado,27/05/2026,https://gestion-muestras.valledelcauca.gov.co/home/simple-list-samples,1,16,SI,,20260525-8518-VIG,VIGILANCIA RUTINARIA,25/05/2026,01184,0112,al lado de poste alumbrado y puerta,escuela hernando borrero,76248 - EL CERRITO,RURAL,tenerife,,QUEBRADA,tres quebradas y la cristalina,16.4,7.73,0.7,0.81,"MICROBIOLOGÍA (E. COLI Y COLIFORMES TOTALES), FISICOQUÍMICO (RUTINA), FISICOQUÍMICO (RUTINA 2), FISICOQUÍMICO (CROMATOGRAFIA IONICA IC)",76248 - EL CERRITO,ASOCIACION DE USUARIOS DEL SERVICIO DE AGUA POTABLE Y ALCANTARILLADO DE TENERIFE - ASOUAT,UESVALLE - ARO CALI,76248 - EL CERRITO,ASOCIACION DE USUARIOS DEL SERVICIO DE AGUA POTABLE Y ALCANTARILLADO DE TENERIFE - ASOUAT,42,42
Cali,31641854,20260525-8519-VIG,25/05/2026,25/05/2026,2:40 PM,,Agua,VIG,UESVALLE - ARO CALI,4,0,Recepcionada,NO,2,,En término,No calculado,27/05/2026,https://gestion-muestras.valledelcauca.gov.co/home/simple-list-samples,1,11,SI,,20260525-8519-VIG,,25/05/2026,01186,0001,FRENTE A VIVIENDA DE LUZ ENITh VALENCIA FILTRO DE ARCILLA EKOFIL,VIVIENDA DE LUZ ENITH VALENCIA,76248 - EL CERRITO,RURAL,REGADEROS,,QUEBRADA,LAS YEGUAS,22.4,7.83,SD,0.18,"MICROBIOLOGÍA (E. COLI Y COLIFORMES TOTALES), FISICOQUÍMICO (RUTINA), FISICOQUÍMICO (RUTINA 2), FISICOQUÍMICO (CROMATOGRAFIA IONICA IC)",76248 - EL CERRITO,junta de accion comunal vereda regaderos,UESVALLE - ARO CALI,76248 - EL CERRITO,junta de accion comunal vereda regaderos,42,40
Cali,31641854,20260525-8520-VIG,25/05/2026,25/05/2026,2:10 PM,,Agua,VIG,UESVALLE - ARO CALI,4,0,Recepcionada,NO,2,,En término,No calculado,27/05/2026,https://gestion-muestras.valledelcauca.gov.co/home/simple-list-samples,1,18,SI,,20260525-8520-VIG,VIGILANCIA RUTINARIA,25/05/2026,01144,001,punto intradomiciliario,vivienda luis alcatraz,76377 - LA CUMBRE,RURAL,zaragoza,,RÍO,bitaco,30,7.40,2.0,0.32,"MICROBIOLOGÍA (E. COLI Y COLIFORMES TOTALES), FISICOQUÍMICO (RUTINA), FISICOQUÍMICO (RUTINA 2), FISICOQUÍMICO (CROMATOGRAFIA IONICA IC)",76377 - LA CUMBRE,"ASOCIACION DE SUSCRIPTORES DEL ACUEDUCTO ZARAGOZA, BITACO. AGUAZ",UESVALLE - ARO CALI,76377 - LA CUMBRE,"ASOCIACION DE SUSCRIPTORES DEL ACUEDUCTO ZARAGOZA, BITACO. AGUAZ",42,42
Cartago,16232927,20260525-8469-VIG,25/05/2026,25/05/2026,2:40 PM,,Agua,VIG,UESVALLE - ARO CARTAGO,4,0,Recepcionada,NO,2,,En término,No calculado,27/05/2026,https://gestion-muestras.valledelcauca.gov.co/home/simple-list-samples,1,11,SI,,20260525-8469-VIG,VIGILANCIA RUTINARIA,25/05/2026,00605,0003,salida de filtro casero ekofil,finca el vergel,76250 - EL DOVIO,RURAL,V BELLAVISTA,,QUEBRADA,q los zainos,22.4,7.41,sd,0.70,"MICROBIOLOGÍA (E. COLI Y COLIFORMES TOTALES), FISICOQUÍMICO (RUTINA), FISICOQUÍMICO (RUTINA 2), FISICOQUÍMICO (CROMATOGRAFIA IONICA IC)",76250 - EL DOVIO,CORPORACION NO NACIONAL AMBIENTAL PECUARIO Y AGRICOLA DE BELLAVISTA ''CAMPAB'' TANQUE 1,UESVALLE - ARO CARTAGO,76250 - EL DOVIO,CORPORACION NO NACIONAL AMBIENTAL PECUARIO Y AGRICOLA DE BELLAVISTA ''CAMPAB'' TANQUE 1,42,41
Cartago,16232927,20260525-8471-VIG,25/05/2026,25/05/2026,2:40 PM,,Agua,VIG,UESVALLE - ARO CARTAGO,4,0,Recepcionada,NO,2,,En término,No calculado,27/05/2026,https://gestion-muestras.valledelcauca.gov.co/home/simple-list-samples,1,14,SI,,20260525-8471-VIG,,25/05/2026,00606,SD,SALIDA DE FILTRO CASERO EKOFIL,FILTRO CASERO EKOFIL ILDA MERY HOLGUIN,76250 - EL DOVIO,RURAL,V BELLAVISTA TANQUE #2,,QUEBRADA,LOS ZAINOS,22,7.51,SD,0.83,"MICROBIOLOGÍA (E. COLI Y COLIFORMES TOTALES), FISICOQUÍMICO (RUTINA), FISICOQUÍMICO (RUTINA 2), FISICOQUÍMICO (CROMATOGRAFIA IONICA IC)",76250 - EL DOVIO,CORPORACION NO NACIONAL AMBIENTAL PECUARIO Y AGRICOLA DE BELLAVISTA ''CAMPAB'' TANQUE 2,UESVALLE - ARO CARTAGO,76250 - EL DOVIO,CORPORACION NO NACIONAL AMBIENTAL PECUARIO Y AGRICOLA DE BELLAVISTA ''CAMPAB'' TANQUE 2,42,40
Cartago,16232927,20260525-8472-VIG,25/05/2026,25/05/2026,2:40 PM,,Agua,VIG,UESVALLE - ARO CARTAGO,4,0,Recepcionada,NO,2,,En término,No calculado,27/05/2026,https://gestion-muestras.valledelcauca.gov.co/home/simple-list-samples,1,12,SI,,20260525-8472-VIG,VIGILANCIA RUTINARIA,25/05/2026,00607,0003,SALIDA DE FILTRO CASERO EKOFIL,SALIDA DE FILTRO EKOFIL JULIAN ANDRES GIRALDO,76250 - EL DOVIO,RURAL,BELLAVISTA TANQUE #3,,QUEBRADA,LOS ZAINOS,20.2,7.61,0.3,0.46,"MICROBIOLOGÍA (E. COLI Y COLIFORMES TOTALES), FISICOQUÍMICO (RUTINA), FISICOQUÍMICO (RUTINA 2), FISICOQUÍMICO (CROMATOGRAFIA IONICA IC)",76250 - EL DOVIO,CORPORACION NO NACIONAL AMBIENTAL PECUARIO Y AGRICOLA DE BELLAVISTA ''CAMPAB'' TANQUE 3,UESVALLE - ARO CARTAGO,76250 - EL DOVIO,CORPORACION NO NACIONAL AMBIENTAL PECUARIO Y AGRICOLA DE BELLAVISTA ''CAMPAB'' TANQUE 3,42,41
Cartago,16232927,20260525-8477-VIG,25/05/2026,25/05/2026,2:40 PM,,Agua,VIG,UESVALLE - ARO CARTAGO,4,0,Recepcionada,NO,2,,En término,No calculado,27/05/2026,https://gestion-muestras.valledelcauca.gov.co/home/simple-list-samples,1,13,SI,,20260525-8477-VIG,VIGILANCIA RUTINARIA,25/05/2026,00855,0003,SALIDA FILTRO EKOFIL,VIVIENDA DE ANTONIO CASTELLANOS,76250 - EL DOVIO,RURAL,LOS ZAINOS,,QUEBRADA,LOS ZAINOS,21.5,7.15,sd,0.29,"MICROBIOLOGÍA (E. COLI Y COLIFORMES TOTALES), FISICOQUÍMICO (RUTINA), FISICOQUÍMICO (RUTINA 2), FISICOQUÍMICO (CROMATOGRAFIA IONICA IC)",76250 - EL DOVIO,ACUEDUCTO RURAL LOS ZAINOS ALTO,UESVALLE - ARO CARTAGO,76250 - EL DOVIO,ACUEDUCTO RURAL LOS ZAINOS ALTO,42,41
Cartago,16232927,20260525-8480-VIG,25/05/2026,25/05/2026,2:40 PM,,Agua,VIG,UESVALLE - ARO CARTAGO,4,0,Recepcionada,NO,2,,En término,No calculado,27/05/2026,https://gestion-muestras.valledelcauca.gov.co/home/simple-list-samples,1,10,SI,,20260525-8480-VIG,VIGILANCIA RUTINARIA,25/05/2026,00856,0004,salida grifo filtro ekofil,vivienda de natalia bahos,76250 - EL DOVIO,RURAL,zainos bajos,,QUEBRADA,los zainos,23.2,7.03,sd,0.82,"MICROBIOLOGÍA (E. COLI Y COLIFORMES TOTALES), FISICOQUÍMICO (RUTINA), FISICOQUÍMICO (RUTINA 2), FISICOQUÍMICO (CROMATOGRAFIA IONICA IC)",76250 - EL DOVIO,ACUEDUCTO RURAL LOS ZAINOS BAJO,UESVALLE - ARO CARTAGO,76250 - EL DOVIO,ACUEDUCTO RURAL LOS ZAINOS BAJO,42,41
Tulua,16551281,20260525-8473-VIG,25/05/2026,25/05/2026,2:40 PM,,Agua,VIG,UESVALLE - ARO TULUÁ,4,0,Recepcionada,NO,2,,En término,No calculado,27/05/2026,https://gestion-muestras.valledelcauca.gov.co/home/simple-list-samples,1,22,SI,,20260525-8473-VIG,VIGILANCIA RUTINARIA,25/05/2026,02583,76100-1,GRIFO INSTALADO PUNTO FIJO,FINCA,76100 - BOLÍVAR,RURAL,LA MARIA,,QUEBRADA,"EL ROBLE , LAS OLAS",20.1,7.33,0.0,4.67,"MICROBIOLOGÍA (E. COLI Y COLIFORMES TOTALES), FISICOQUÍMICO (RUTINA), FISICOQUÍMICO (RUTINA 2), FISICOQUÍMICO (CROMATOGRAFIA IONICA IC)",76100 - BOLÍVAR,ASOCIACION DE USUARIOS ACUEDUCTO LA MARIA,UESVALLE - ARO TULUÁ,76100 - BOLÍVAR,ASOCIACION DE USUARIOS ACUEDUCTO LA MARIA,42,42
Tulua,16551281,20260525-8474-VIG,25/05/2026,25/05/2026,2:40 PM,,Agua,VIG,UESVALLE - ARO TULUÁ,4,0,Recepcionada,NO,2,,En término,No calculado,27/05/2026,https://gestion-muestras.valledelcauca.gov.co/home/simple-list-samples,1,24,SI,,20260525-8474-VIG,VIGILANCIA RUTINARIA,25/05/2026,01093,76616-1,GRIFO INSTALADO PUNTO FIJO,ESCUELA EL SOCORRO,76616 - RIOFRÍO,RURAL,GUAYABAL,,QUEBRADA,QUEBRADA SANTA RITA,22.2,7.9,0.0,1.95,"MICROBIOLOGÍA (E. COLI Y COLIFORMES TOTALES), FISICOQUÍMICO (RUTINA), FISICOQUÍMICO (RUTINA 2), FISICOQUÍMICO (CROMATOGRAFIA IONICA IC)",76616 - RIOFRÍO,JUNTA ADMINISTRADORA ACUAGUAYABAL,UESVALLE - ARO TULUÁ,76616 - RIOFRÍO,JUNTA ADMINISTRADORA ACUAGUAYABAL,42,42
Tulua,16551281,20260525-8475-VIG,25/05/2026,25/05/2026,2:40 PM,,Agua,VIG,UESVALLE - ARO TULUÁ,4,0,Recepcionada,NO,2,,En término,No calculado,27/05/2026,https://gestion-muestras.valledelcauca.gov.co/home/simple-list-samples,1,18,SI,,20260525-8475-VIG,VIGILANCIA RUTINARIA,25/05/2026,02584,76100-1,PUNTO FIJO-GRIFO,LA ESCUELA,76100 - BOLÍVAR,RURAL,EL FUSIL,,QUEBRADA,BOLIVIA,23.2,7.82,0.0,1.97,"MICROBIOLOGÍA (E. COLI Y COLIFORMES TOTALES), FISICOQUÍMICO (RUTINA), FISICOQUÍMICO (RUTINA 2), FISICOQUÍMICO (CROMATOGRAFIA IONICA IC)",76100 - BOLÍVAR,ACUEDUCTO RURAL EL FUSIL,UESVALLE - ARO TULUÁ,76100 - BOLÍVAR,ACUEDUCTO RURAL EL FUSIL,42,42
Tulua,16551281,20260525-8476-VIG,25/05/2026,25/05/2026,2:40 PM,,Agua,VIG,UESVALLE - ARO TULUÁ,4,0,Recepcionada,NO,2,,En término,No calculado,27/05/2026,https://gestion-muestras.valledelcauca.gov.co/home/simple-list-samples,1,25,SI,,20260525-8476-VIG,VIGILANCIA RUTINARIA,25/05/2026,01095,76616-1,GRIFO INSTALADO PUNTO FIJO,SEDE ESCOLAR LOS ALPES,76616 - RIOFRÍO,RURAL,LOS ALPES,,QUEBRADA,EL OSO - TERPELLA,18.8,8.0,0.0,1.59,"MICROBIOLOGÍA (E. COLI Y COLIFORMES TOTALES), FISICOQUÍMICO (RUTINA), FISICOQUÍMICO (RUTINA 2), FISICOQUÍMICO (CROMATOGRAFIA IONICA IC)",76616 - RIOFRÍO,JUNTA ADMINISTRADORA DEL ACUEDUCTO DE USUARIO DE LA ZULIA ACUAZULIA LOS ALPES,UESVALLE - ARO TULUÁ,76616 - RIOFRÍO,JUNTA ADMINISTRADORA DEL ACUEDUCTO DE USUARIO DE LA ZULIA ACUAZULIA LOS ALPES,42,42
Tulua,16551281,20260525-8478-VIG,25/05/2026,25/05/2026,2:40 PM,,Agua,VIG,UESVALLE - ARO TULUÁ,4,0,Recepcionada,NO,2,,En término,No calculado,27/05/2026,https://gestion-muestras.valledelcauca.gov.co/home/simple-list-samples,1,23,SI,,20260525-8478-VIG,VIGILANCIA RUTINARIA,25/05/2026,01096,76616-1,GRIFO INSTALADO PUNTO FIJO,VIVIENDA NORBERTO GOMEZ,76616 - RIOFRÍO,RURAL,LA ZULIA,,QUEBRADA,LA ZULIA,19,7.8,1.48,1.80,"MICROBIOLOGÍA (E. COLI Y COLIFORMES TOTALES), FISICOQUÍMICO (RUTINA), FISICOQUÍMICO (RUTINA 2), FISICOQUÍMICO (CROMATOGRAFIA IONICA IC)",76616 - RIOFRÍO,JUNTA ADMINISTRADORA DEL ACUEDUCTO DE USUARIO DE LA ZULIA ACUAZULIA LOS ALPES,UESVALLE - ARO TULUÁ,76616 - RIOFRÍO,JUNTA ADMINISTRADORA DEL ACUEDUCTO DE USUARIO DE LA ZULIA ACUAZULIA LOS ALPES,42,42
Tulua,16551281,20260525-8482-VIG,25/05/2026,25/05/2026,2:40 PM,,Agua,VIG,UESVALLE - ARO TULUÁ,4,0,Recepcionada,NO,2,,En término,No calculado,27/05/2026,https://gestion-muestras.valledelcauca.gov.co/home/simple-list-samples,1,21,SI,,20260525-8482-VIG,VIGILANCIA RUTINARIA,25/05/2026,01097,76616,grifo instalado punto fijo,parque principal,76616 - RIOFRÍO,RURAL,salonica,,QUEBRADA,la cristalina,24.8,7.1,0.0,1.40,"MICROBIOLOGÍA (E. COLI Y COLIFORMES TOTALES), FISICOQUÍMICO (RUTINA), FISICOQUÍMICO (RUTINA 2), FISICOQUÍMICO (CROMATOGRAFIA IONICA IC)",76616 - RIOFRÍO,ACUEDUCTO ACUASALONICA,UESVALLE - ARO TULUÁ,76616 - RIOFRÍO,ACUEDUCTO ACUASALONICA,42,42
Tulua,16551281,20260525-8483-VIG,25/05/2026,25/05/2026,2:40 PM,,Agua,VIG,UESVALLE - ARO TULUÁ,4,0,Recepcionada,NO,2,,En término,No calculado,27/05/2026,https://gestion-muestras.valledelcauca.gov.co/home/simple-list-samples,1,19,SI,,20260525-8483-VIG,VIGILANCIA RUTINARIA,25/05/2026,01094,76616-1,grifo instalado punto fijo,la escuela,76616 - RIOFRÍO,RURAL,la judea,,QUEBRADA,profunda,22.1,7.7,0.0,1.0,"MICROBIOLOGÍA (E. COLI Y COLIFORMES TOTALES), FISICOQUÍMICO (RUTINA), FISICOQUÍMICO (RUTINA 2), FISICOQUÍMICO (CROMATOGRAFIA IONICA IC)",76616 - RIOFRÍO,ASOCIACION DE USUARIOS ACUEDUCTO AGUAS ARRIBA,UESVALLE - ARO TULUÁ,76616 - RIOFRÍO,ASOCIACION DE USUARIOS ACUEDUCTO AGUAS ARRIBA,42,42
Tulua,16551281,20260525-8485-VIG,25/05/2026,25/05/2026,2:40 PM,,Agua,VIG,UESVALLE - ARO TULUÁ,4,0,Recepcionada,NO,2,,En término,No calculado,27/05/2026,https://gestion-muestras.valledelcauca.gov.co/home/simple-list-samples,1,16,SI,,20260525-8485-VIG,VIGILANCIA RUTINARIA,25/05/2026,02582,76100-4,"PUNTO FIJO, GRIFO INSTALADO",PUESTO DE SALUD,76100 - BOLÍVAR,RURAL,NARANJAL,,QUEBRADA,Q. SANTA BARBARA,20.2,7.85,0.68,1.60,"MICROBIOLOGÍA (E. COLI Y COLIFORMES TOTALES), FISICOQUÍMICO (RUTINA), FISICOQUÍMICO (RUTINA 2), FISICOQUÍMICO (CROMATOGRAFIA IONICA IC)",76100 - BOLÍVAR,ASOCIACION DE USUARIOS ACUEDCUTO DE NARANJAL,UESVALLE - ARO TULUÁ,76100 - BOLÍVAR,ASOCIACION DE USUARIOS ACUEDCUTO DE NARANJAL,42,42
Tulua,16551281,20260525-8497-VIG,25/05/2026,25/05/2026,2:40 PM,,Agua,VIG,UESVALLE - ARO TULUÁ,4,0,Recepcionada,NO,2,,En término,No calculado,27/05/2026,https://gestion-muestras.valledelcauca.gov.co/home/simple-list-samples,1,20,SI,,20260525-8497-VIG,VIGILANCIA RUTINARIA,25/05/2026,02586,76100-2,"PUNTO FIJO, GRIFO INSTALADO",CAPILLA CERRO AZUL,76100 - BOLÍVAR,RURAL,CERRO AZUL,,RÍO,R. CALAMAR,20,7.51,1.37,2.0,"MICROBIOLOGÍA (E. COLI Y COLIFORMES TOTALES), FISICOQUÍMICO (RUTINA), FISICOQUÍMICO (RUTINA 2), FISICOQUÍMICO (CROMATOGRAFIA IONICA IC)",76100 - BOLÍVAR,ASOCIACION USUARIOS ACUEDUCTO COLECTIVO CGTO CERRO AZUL y vereda siria y soledad,UESVALLE - ARO TULUÁ,76100 - BOLÍVAR,ASOCIACION USUARIOS ACUEDUCTO COLECTIVO CGTO CERRO AZUL y vereda siria y soledad,42,42
Tulua,16551281,20260525-8499-VIG,25/05/2026,25/05/2026,2:40 PM,,Agua,VIG,UESVALLE - ARO TULUÁ,4,0,Recepcionada,NO,2,,En término,No calculado,27/05/2026,https://gestion-muestras.valledelcauca.gov.co/home/simple-list-samples,1,17,SI,,20260525-8499-VIG,VIGILANCIA RUTINARIA,25/05/2026,02585,76100-1,GRIFO INSTALADO PUNTO FIJO,IE POLICARPA SALAVARRIETA,76100 - BOLÍVAR,RURAL,SAN ISIDRO,,RÍO,RIO CALAMAR,19.5,7.83,0.30,0.80,"MICROBIOLOGÍA (E. COLI Y COLIFORMES TOTALES), FISICOQUÍMICO (RUTINA), FISICOQUÍMICO (RUTINA 2), FISICOQUÍMICO (CROMATOGRAFIA IONICA IC)",76100 - BOLÍVAR,ACUEDUCTO CORPOSANISIDRO,UESVALLE - ARO TULUÁ,76100 - BOLÍVAR,ACUEDUCTO CORPOSANISIDRO,42,42
Cali,31641854,20260520-8423-VIG,20/05/2026,20/05/2026,2:00 PM,,Agua,VIG,UESVALLE - ARO CALI,4,0,Analizando,NO,7,,En término,No calculado,27/05/2026,https://gestion-muestras.valledelcauca.gov.co/home/simple-list-samples,1,23,SI,,20260520-8423-VIG,VIGILANCIA RUTINARIA,20/05/2026,01174,2,punto 2 AL LADO DE LA CERCA PERIMETRAL,FINCA LA ESPERANZA,76233 - DAGUA,RURAL,LA ESMERALDA,,QUEBRADA,ALFA,19.6,7.68,0.0,0.75,"MICROBIOLOGÍA (E. COLI Y COLIFORMES TOTALES), FISICOQUÍMICO (RUTINA), FISICOQUÍMICO (RUTINA 2), FISICOQUÍMICO (CROMATOGRAFIA IONICA IC)",76233 - DAGUA,JUNTA DE ACCIÓN COMUNAL VEREDA LA ESMERALDA,UESVALLE - ARO CALI,76233 - DAGUA,JUNTA DE ACCIÓN COMUNAL VEREDA LA ESMERALDA,42,42
Cali,31641854,20260520-8429-VIG,20/05/2026,20/05/2026,2:00 PM,,Agua,VIG,UESVALLE - ARO CALI,4,0,Analizando,NO,7,,En término,No calculado,27/05/2026,https://gestion-muestras.valledelcauca.gov.co/home/simple-list-samples,1,28,SI,,20260520-8429-VIG,VIGILANCIA RUTINARIA,20/05/2026,01175,1812,PUNTO 2 COSTADO COCINA CASETA COMUNAL,CASETA COMUNAL,76233 - DAGUA,RURAL,PROVIDENCIA SECTOR EL COGOLLO,,QUEBRADA,EL COGOLLO,19.5,7.71,0.0,1.13,"MICROBIOLOGÍA (E. COLI Y COLIFORMES TOTALES), FISICOQUÍMICO (RUTINA), FISICOQUÍMICO (RUTINA 2), FISICOQUÍMICO (CROMATOGRAFIA IONICA IC)",76233 - DAGUA,ACUEDUCTO COMUNITARIO EL COGOLLO-ACUECOGOLLO,UESVALLE - ARO CALI,76233 - DAGUA,ACUEDUCTO COMUNITARIO EL COGOLLO-ACUECOGOLLO,42,42
Cali,31641854,20260520-8435-VIG,20/05/2026,20/05/2026,2:00 PM,,Agua,VIG,UESVALLE - ARO CALI,4,0,Analizando,NO,7,,En término,No calculado,27/05/2026,https://gestion-muestras.valledelcauca.gov.co/home/simple-list-samples,1,24,SI,,20260520-8435-VIG,VIGILANCIA RUTINARIA,20/05/2026,01176,1801,PUNTO 1 AL LADO DE LA PUERTA DE LA ESTRELLA ENTRADA A LA ESCUELA,ESCUELA MIGUEL ANTONIO CARO,76233 - DAGUA,RURAL,PROVIDENCIA SECTOR LA ESTRELLA,,QUEBRADA,LA ESTRELLA,19.3,7.29,0.0,0.58,"MICROBIOLOGÍA (E. COLI Y COLIFORMES TOTALES), FISICOQUÍMICO (RUTINA), FISICOQUÍMICO (RUTINA 2), FISICOQUÍMICO (CROMATOGRAFIA IONICA IC)",76233 - DAGUA,ACUEDUCTO COMUNITARIO PROVIDENCIA SECTOR LA ESTRELLA - ACUAESTRELLA,UESVALLE - ARO CALI,76233 - DAGUA,ACUEDUCTO COMUNITARIO PROVIDENCIA SECTOR LA ESTRELLA - ACUAESTRELLA,42,42
Cali,31641854,20260520-8444-VIG,20/05/2026,20/05/2026,2:00 PM,,Agua,VIG,UESVALLE - ARO CALI,4,0,Analizando,NO,7,,En término,No calculado,27/05/2026,https://gestion-muestras.valledelcauca.gov.co/home/simple-list-samples,1,25,SI,,20260520-8444-VIG,VIGILANCIA RUTINARIA,20/05/2026,01177,2102,frente al PREDIO,PREDIO SEÑORA ALICIA SALAS,76233 - DAGUA,RURAL,SANTA MARIA PARTE ALTA,,QUEBRADA,EL CEDRO,18.8,7.46,0.0,0.67,"MICROBIOLOGÍA (E. COLI Y COLIFORMES TOTALES), FISICOQUÍMICO (RUTINA), FISICOQUÍMICO (RUTINA 2), FISICOQUÍMICO (CROMATOGRAFIA IONICA IC)",76233 - DAGUA,ASOCIACION COMUNITARIA ADMINISTRADORA DEL ACUEDUCTO DE LA LOCALIDAD DE SANTA MARIA - ACOACEDRO,UESVALLE - ARO CALI,76233 - DAGUA,ASOCIACION COMUNITARIA ADMINISTRADORA DEL ACUEDUCTO DE LA LOCALIDAD DE SANTA MARIA - ACOACEDRO,42,42
Cali,31641854,20260520-8446-VIG,20/05/2026,20/05/2026,2:00 PM,,Agua,VIG,UESVALLE - ARO CALI,4,0,Analizando,NO,7,,En término,No calculado,27/05/2026,https://gestion-muestras.valledelcauca.gov.co/home/simple-list-samples,1,27,SI,,20260520-8446-VIG,VIGILANCIA RUTINARIA,20/05/2026,01178,2111,ANTIGUA ENTRADA A VIVIENDA SEÑORA MARTA MUÑOZ,CALLEJON SIEMPRE VIVA,76233 - DAGUA,RURAL,SANTA MARIA PARTE BAJA,,QUEBRADA,EL CEDRO,21.2,7.44,0.0,0.53,"MICROBIOLOGÍA (E. COLI Y COLIFORMES TOTALES), FISICOQUÍMICO (RUTINA), FISICOQUÍMICO (RUTINA 2), FISICOQUÍMICO (CROMATOGRAFIA IONICA IC)",76233 - DAGUA,ASOCIACION DE USUARIOS DEL ACUEDUCTO DE SANTA MARIA PARTE BAJA - ASUASBA,UESVALLE - ARO CALI,76233 - DAGUA,ASOCIACION DE USUARIOS DEL ACUEDUCTO DE SANTA MARIA PARTE BAJA - ASUASBA,42,42
Cali,31641854,20260520-8458-VIG,20/05/2026,20/05/2026,2:00 PM,,Agua,VIG,UESVALLE - ARO CALI,4,0,Analizando,NO,7,,En término,No calculado,27/05/2026,https://gestion-muestras.valledelcauca.gov.co/home/simple-list-samples,1,26,SI,,20260520-8458-VIG,VIGILANCIA RUTINARIA,20/05/2026,01179,0012,PUNTO 3 VIVIENDA DEISI SAA AL LADO DEL ARBOL DE AGUACATE,VIA FERROCARRIL,76233 - DAGUA,RURAL,VEREDA PUERTA DAGUA,,QUEBRADA,TIERRA CALIENTE,22.1,7.83,0.0,0.42,"MICROBIOLOGÍA (E. COLI Y COLIFORMES TOTALES), FISICOQUÍMICO (RUTINA), FISICOQUÍMICO (RUTINA 2), FISICOQUÍMICO (CROMATOGRAFIA IONICA IC)",76233 - DAGUA,ASOCIACION DE USUARIOS ACUEDUCTO PUERTA DAGUA RIO DAGUA E.S.P - RIO DAGUA E.S.P,UESVALLE - ARO CALI,76233 - DAGUA,ASOCIACION DE USUARIOS ACUEDUCTO PUERTA DAGUA RIO DAGUA E.S.P - RIO DAGUA E.S.P,42,42
Cartago,16232927,20260520-8417-VIG,20/05/2026,20/05/2026,3:23 PM,,Agua,VIG,UESVALLE - ARO CARTAGO,4,0,Analizando,NO,7,,En término,No calculado,27/05/2026,https://gestion-muestras.valledelcauca.gov.co/home/simple-list-samples,1,22,SI,,20260520-8417-VIG,VIGILANCIA RUTINARIA,20/05/2026,00849,0004,salida filtro ekofil,vivienda maria berenice muñoz,76243 - EL ÁGUILA,RURAL,la judea,,QUEBRADA,el desierto,20.9,7.34,sd,0.65,"MICROBIOLOGÍA (E. COLI Y COLIFORMES TOTALES), FISICOQUÍMICO (RUTINA), FISICOQUÍMICO (RUTINA 2), FISICOQUÍMICO (CROMATOGRAFIA IONICA IC)",76243 - EL ÁGUILA,ASOCIACION DE USUARIOS ACUEDUCTO LA JUDEA,UESVALLE - ARO CARTAGO,76243 - EL ÁGUILA,ASOCIACION DE USUARIOS ACUEDUCTO LA JUDEA,42,41
Cartago,16232927,20260520-8418-VIG,20/05/2026,20/05/2026,3:23 PM,,Agua,VIG,UESVALLE - ARO CARTAGO,4,0,Analizando,NO,7,,En término,No calculado,27/05/2026,https://gestion-muestras.valledelcauca.gov.co/home/simple-list-samples,1,21,SI,,20260520-8418-VIG,VIGILANCIA RUTINARIA,20/05/2026,00850,0002,salida filtro ekofil,fincA CASCADA ARACELI BERGARA,76243 - EL ÁGUILA,RURAL,LA JUDEA ALTA,,QUEBRADA,EL CHUSCAL,21.2,7.34,sd,0.54,"MICROBIOLOGÍA (E. COLI Y COLIFORMES TOTALES), FISICOQUÍMICO (RUTINA), FISICOQUÍMICO (RUTINA 2), FISICOQUÍMICO (CROMATOGRAFIA IONICA IC)",76243 - EL ÁGUILA,JUNTA ADMINISTRADORA DEL ACUEDUCTO RURAL LA JUDEA ALTA LA PALMERA Y EL BRILLANTE,UESVALLE - ARO CARTAGO,76243 - EL ÁGUILA,JUNTA ADMINISTRADORA DEL ACUEDUCTO RURAL LA JUDEA ALTA LA PALMERA Y EL BRILLANTE,42,41
Cartago,16232927,20260520-8419-VIG,20/05/2026,20/05/2026,3:23 PM,,Agua,VIG,UESVALLE - ARO CARTAGO,4,0,Analizando,NO,7,,En término,No calculado,27/05/2026,https://gestion-muestras.valledelcauca.gov.co/home/simple-list-samples,1,19,SI,,20260520-8419-VIG,VIGILANCIA RUTINARIA,20/05/2026,00593,0004,grifo#0004 CASA DE LEONIDA,casa de leonidas agudelo,76400 - LA UNIÓN,RURAL,v aguada alta,,QUEBRADA,el jordan,21.6,7.99,0.0,15.0,"MICROBIOLOGÍA (E. COLI Y COLIFORMES TOTALES), FISICOQUÍMICO (RUTINA), FISICOQUÍMICO (RUTINA 2), FISICOQUÍMICO (CROMATOGRAFIA IONICA IC)",76400 - LA UNIÓN,JUNTA ADMON ACUEDUCTO AJIZAL -TAMBORAL-LACHICA - LA AGUADA,UESVALLE - ARO CARTAGO,76400 - LA UNIÓN,JUNTA ADMON ACUEDUCTO AJIZAL -TAMBORAL-LACHICA - LA AGUADA,42,41
Cartago,16232927,20260520-8420-VIG,20/05/2026,20/05/2026,3:23 PM,,Agua,VIG,UESVALLE - ARO CARTAGO,4,0,Analizando,NO,7,,En término,No calculado,27/05/2026,https://gestion-muestras.valledelcauca.gov.co/home/simple-list-samples,1,16,SI,,20260520-8420-VIG,VIGILANCIA RUTINARIA,20/05/2026,00852,0001,grifo,viviendA SR NICOLAS ALBERTO MURILLO,76243 - EL ÁGUILA,RURAL,LA GUERRA,,NACIMIENTO,EL MATADERO,21.8,7.35,0.0,1.89,"MICROBIOLOGÍA (E. COLI Y COLIFORMES TOTALES), FISICOQUÍMICO (RUTINA), FISICOQUÍMICO (RUTINA 2), FISICOQUÍMICO (CROMATOGRAFIA IONICA IC)",76243 - EL ÁGUILA,ACUEDUCTO RURAL VEREDA LA GUERRA,UESVALLE - ARO CARTAGO,76243 - EL ÁGUILA,ACUEDUCTO RURAL VEREDA LA GUERRA,42,41
Cartago,16232927,20260520-8421-VIG,20/05/2026,20/05/2026,3:23 PM,,Agua,VIG,UESVALLE - ARO CARTAGO,4,0,Analizando,NO,7,,En término,No calculado,27/05/2026,https://gestion-muestras.valledelcauca.gov.co/home/simple-list-samples,1,23,SI,,20260520-8421-VIG,VIGILANCIA RUTINARIA,20/05/2026,00595,0005,GRIFO SALIDA FILTRO EKOFIL,FILTRO VIVIENDA JORGE WINGLER SANCHEZ,76400 - LA UNIÓN,RURAL,VEREDA AGUADA BAJA,,QUEBRADA,Q LA AGUADITA,23.8,7.21,SD,0.82,"MICROBIOLOGÍA (E. COLI Y COLIFORMES TOTALES), FISICOQUÍMICO (RUTINA), FISICOQUÍMICO (RUTINA 2), FISICOQUÍMICO (CROMATOGRAFIA IONICA IC)",76400 - LA UNIÓN,ACUEDUCTO VEREDAL LA AGUADA BAJA,UESVALLE - ARO CARTAGO,76400 - LA UNIÓN,ACUEDUCTO VEREDAL LA AGUADA BAJA,42,41
Cartago,16232927,20260520-8425-VIG,20/05/2026,20/05/2026,3:23 PM,,Agua,VIG,UESVALLE - ARO CARTAGO,4,0,Analizando,NO,7,,En término,No calculado,27/05/2026,https://gestion-muestras.valledelcauca.gov.co/home/simple-list-samples,1,15,SI,,20260520-8425-VIG,VIGILANCIA RUTINARIA,20/05/2026,00596,0005,SALIDA FILTRO EKOFIL,FILTRO VIVIENDA EDILBERTO RAMOS BEDOYA,76400 - LA UNIÓN,RURAL,V EL RINCON,,QUEBRADA,EL JORDAN-LA SONORA,24.3,7.63,SD,1.38,"MICROBIOLOGÍA (E. COLI Y COLIFORMES TOTALES), FISICOQUÍMICO (RUTINA), FISICOQUÍMICO (RUTINA 2), FISICOQUÍMICO (CROMATOGRAFIA IONICA IC)",76400 - LA UNIÓN,ASOCIACION DE USUARIOS ACUEDUCTO RURAL COMUNITARIO EL RINCON,UESVALLE - ARO CARTAGO,76400 - LA UNIÓN,ASOCIACION DE USUARIOS ACUEDUCTO RURAL COMUNITARIO EL RINCON,42,41
Cartago,16232927,20260520-8427-VIG,20/05/2026,20/05/2026,3:23 PM,,Agua,VIG,UESVALLE - ARO CARTAGO,4,0,Analizando,NO,7,,En término,No calculado,27/05/2026,https://gestion-muestras.valledelcauca.gov.co/home/simple-list-samples,1,17,SI,,20260520-8427-VIG,VIGILANCIA RUTINARIA,20/05/2026,00604,0006,SALIDA DE FILTRO EKOFIL,FILTRO DE ARCILLA ESCUELA SEDE DE JESUS OASIS QUINTERO,76400 - LA UNIÓN,RURAL,V LA TRINIDAD,,QUEBRADA,Q EL JORDAN,22.7,8.33,SD,1.20,"MICROBIOLOGÍA (E. COLI Y COLIFORMES TOTALES), FISICOQUÍMICO (RUTINA), FISICOQUÍMICO (RUTINA 2), FISICOQUÍMICO (CROMATOGRAFIA IONICA IC)",76400 - LA UNIÓN,ASOCIACION COMUNITARIA ADMINISTRADORA DEL ACUEDUCTO QUEBRADA GRANDE DEL MUNICIPIO DE LA UNION,UESVALLE - ARO CARTAGO,76400 - LA UNIÓN,ASOCIACION COMUNITARIA ADMINISTRADORA DEL ACUEDUCTO QUEBRADA GRANDE DEL MUNICIPIO DE LA UNION,42,41
Cartago,16232927,20260520-8441-VIG,20/05/2026,20/05/2026,3:23 PM,,Agua,VIG,UESVALLE - ARO CARTAGO,4,0,Analizando,NO,7,,En término,No calculado,27/05/2026,https://gestion-muestras.valledelcauca.gov.co/home/simple-list-samples,1,18,SI,,20260520-8441-VIG,VIGILANCIA RUTINARIA,20/05/2026,00853,0003,grifo,vivienda auremia segura,76243 - EL ÁGUILA,RURAL,santa marta,,QUEBRADA,la comosca,20.7,7.47,0.0,1.06,"MICROBIOLOGÍA (E. COLI Y COLIFORMES TOTALES), FISICOQUÍMICO (RUTINA), FISICOQUÍMICO (RUTINA 2), FISICOQUÍMICO (CROMATOGRAFIA IONICA IC)",76243 - EL ÁGUILA,JUNTA ADMINISTRADORA DEL ACUEDUCTO DE SANTA MARTA,UESVALLE - ARO CARTAGO,76243 - EL ÁGUILA,JUNTA ADMINISTRADORA DEL ACUEDUCTO DE SANTA MARTA,42,41
Cartago,16232927,20260520-8443-VIG,20/05/2026,20/05/2026,3:23 PM,,Agua,VIG,UESVALLE - ARO CARTAGO,4,0,Analizando,NO,7,,En término,No calculado,27/05/2026,https://gestion-muestras.valledelcauca.gov.co/home/simple-list-samples,1,20,SI,,20260520-8443-VIG,VIGILANCIA RUTINARIA,20/05/2026,00851,0002,grifo,puesto de salud- el cofre,76243 - EL ÁGUILA,RURAL,el cofre,,QUEBRADA,chorritos,21.8,7.95,0.0,1.84,"MICROBIOLOGÍA (E. COLI Y COLIFORMES TOTALES), FISICOQUÍMICO (RUTINA), FISICOQUÍMICO (RUTINA 2), FISICOQUÍMICO (CROMATOGRAFIA IONICA IC)",76243 - EL ÁGUILA,Asociación de Usuarios Vda el Cofre y San José,UESVALLE - ARO CARTAGO,76243 - EL ÁGUILA,Asociación de Usuarios Vda el Cofre y San José,42,41
Tulua,16551281,20260520-8436-VIG,20/05/2026,20/05/2026,3:23 PM,,Agua,VIG,UESVALLE - ARO TULUÁ,4,0,Analizando,NO,7,,En término,No calculado,27/05/2026,https://gestion-muestras.valledelcauca.gov.co/home/simple-list-samples,1,26,SI,,20260520-8436-VIG,VIGILANCIA RUTINARIA,20/05/2026,01089,76606,GRIFO LAVADERO,CASA SIXTO RODRIGUEZ,76606 - RESTREPO,RURAL,ALTO DEL OSO,,QUEBRADA,SAN MARTIN,21.3,8.0,0.0,6.87,"MICROBIOLOGÍA (E. COLI Y COLIFORMES TOTALES), FISICOQUÍMICO (RUTINA), FISICOQUÍMICO (RUTINA 2), FISICOQUÍMICO (CROMATOGRAFIA IONICA IC)",76606 - RESTREPO,ACUEDUCTO ALTO DEL OSO - LA ESPERANZA,UESVALLE - ARO TULUÁ,76606 - RESTREPO,ACUEDUCTO ALTO DEL OSO - LA ESPERANZA,42,42
Tulua,16551281,20260520-8437-VIG,20/05/2026,20/05/2026,3:23 PM,,Agua,VIG,UESVALLE - ARO TULUÁ,4,0,Analizando,NO,7,,En término,No calculado,27/05/2026,https://gestion-muestras.valledelcauca.gov.co/home/simple-list-samples,1,29,SI,,20260520-8437-VIG,VIGILANCIA RUTINARIA,20/05/2026,01091,76606,GRIFO SALIDA TANQUE,FINCA RAUL TORRES CASA RAMON TORRES,76606 - RESTREPO,RURAL,ALTO DEL OSO,,QUEBRADA,ALTO CIELO LA TESALIA,21.2,7.7,0.0,9.11,"MICROBIOLOGÍA (E. COLI Y COLIFORMES TOTALES), FISICOQUÍMICO (RUTINA), FISICOQUÍMICO (RUTINA 2), FISICOQUÍMICO (CROMATOGRAFIA IONICA IC)",76606 - RESTREPO,ASOCIACION DE USUARIOS DEL ACUEDUCTO DE LA CUENCA DEL ALTO CIELO Y LA TESALIA ESP,UESVALLE - ARO TULUÁ,76606 - RESTREPO,ASOCIACION DE USUARIOS DEL ACUEDUCTO DE LA CUENCA DEL ALTO CIELO Y LA TESALIA ESP,42,42
Tulua,16551281,20260520-8438-VIG,20/05/2026,20/05/2026,3:23 PM,,Agua,VIG,UESVALLE - ARO TULUÁ,4,0,Analizando,NO,7,,En término,No calculado,27/05/2026,https://gestion-muestras.valledelcauca.gov.co/home/simple-list-samples,1,28,SI,,20260520-8438-VIG,,20/05/2026,01088,76606-2,GRIFO LAVADERO,FINCA VILLA LUZ,76606 - RESTREPO,RURAL,ALTO DEL OSO LA FLORIDA,,QUEBRADA,LA FLORIDA,22.4,6.7,0.0,0.91,"MICROBIOLOGÍA (E. COLI Y COLIFORMES TOTALES), FISICOQUÍMICO (RUTINA), FISICOQUÍMICO (RUTINA 2), FISICOQUÍMICO (CROMATOGRAFIA IONICA IC)",76606 - RESTREPO,ACUEDUCTO ALTO DEL OSO LA FLORIDA,UESVALLE - ARO TULUÁ,76606 - RESTREPO,ACUEDUCTO ALTO DEL OSO LA FLORIDA,42,41
Tulua,16551281,20260520-8439-VIG,20/05/2026,20/05/2026,3:23 PM,,Agua,VIG,UESVALLE - ARO TULUÁ,4,0,Analizando,NO,7,,En término,No calculado,27/05/2026,https://gestion-muestras.valledelcauca.gov.co/home/simple-list-samples,1,27,SI,,20260520-8439-VIG,,20/05/2026,01090,76606-1,grifo lavadero,ie san pedro claver,76606 - RESTREPO,RURAL,alto del oso la camelia,,QUEBRADA,la camelia,21.6,6.8,0.0,1.20,"MICROBIOLOGÍA (E. COLI Y COLIFORMES TOTALES), FISICOQUÍMICO (RUTINA), FISICOQUÍMICO (RUTINA 2), FISICOQUÍMICO (CROMATOGRAFIA IONICA IC)",76606 - RESTREPO,ACUEDUCTO ALTO EL OSO - LA CAMELIA,UESVALLE - ARO TULUÁ,76606 - RESTREPO,ACUEDUCTO ALTO EL OSO - LA CAMELIA,42,41
Tulua,16551281,20260520-8440-VIG,20/05/2026,20/05/2026,3:23 PM,,Agua,VIG,UESVALLE - ARO TULUÁ,4,0,Analizando,NO,7,,En término,No calculado,27/05/2026,https://gestion-muestras.valledelcauca.gov.co/home/simple-list-samples,1,30,SI,,20260520-8440-VIG,,20/05/2026,01092,76606-1,GRIFO INSTALADO PUNTO FIJO,FINCA RAUL TORRES,76606 - RESTREPO,RURAL,LAS BRISAS,,QUEBRADA,CALABAZAS,22.4,6.8,1.12,2.0,"MICROBIOLOGÍA (E. COLI Y COLIFORMES TOTALES), FISICOQUÍMICO (RUTINA), FISICOQUÍMICO (RUTINA 2), FISICOQUÍMICO (CROMATOGRAFIA IONICA IC)",76606 - RESTREPO,ACUEDUCTO ACUACALABAZAS,UESVALLE - ARO TULUÁ,76606 - RESTREPO,ACUEDUCTO ACUACALABAZAS,42,41
Cali,31641854,20260519-8376-VIG,19/05/2026,19/05/2026,2:00 PM,,Agua,VIG,UESVALLE - ARO CALI,4,0,Analizando,NO,8,,En seguimiento,No calculado,27/05/2026,https://gestion-muestras.valledelcauca.gov.co/home/simple-list-samples,1,34,SI,,20260519-8376-VIG,VIGILANCIA RUTINARIA,19/05/2026,01169,2,PUNTO # 2. FINCA JUANISA,CRUCERO OCACHE,76869 - VIJES,RURAL,OCACHE ALTO,,QUEBRADA,LA ESPERANZA,21.8,7.62,0.0,15.9,"MICROBIOLOGÍA (E. COLI Y COLIFORMES TOTALES), FISICOQUÍMICO (RUTINA), FISICOQUÍMICO (RUTINA 2), FISICOQUÍMICO (CROMATOGRAFIA IONICA IC)",76869 - VIJES,JUNTA ADMINISTRADORA COMUNITARIA DE ACUEDUCTO J.A.C.A. NUEVO HORIZONTE,UESVALLE - ARO CALI,76869 - VIJES,JUNTA ADMINISTRADORA COMUNITARIA DE ACUEDUCTO J.A.C.A. NUEVO HORIZONTE,42,42
Cali,31641854,20260519-8377-VIG,19/05/2026,19/05/2026,2:00 PM,,Agua,VIG,UESVALLE - ARO CALI,4,0,Analizando,NO,8,,En seguimiento,No calculado,27/05/2026,https://gestion-muestras.valledelcauca.gov.co/home/simple-list-samples,1,36,SI,,20260519-8377-VIG,VIGILANCIA RUTINARIA,19/05/2026,01170,8001,AL LADO VIA FRENTE A ANTIGUA INSPECCION DE POLICIA,VIA VIJES - MONTAÑITAS,76869 - VIJES,RURAL,OCACHE PARTE ALTA,,QUEBRADA,LA ESPERANZA,21.7,7.42,0.0,17.8,"MICROBIOLOGÍA (E. COLI Y COLIFORMES TOTALES), FISICOQUÍMICO (RUTINA), FISICOQUÍMICO (RUTINA 2), FISICOQUÍMICO (CROMATOGRAFIA IONICA IC)",76869 - VIJES,JUNTA ADMINISTRADORA COMUNITARIA ACUEDUCTO OCACHE ALTO - NUEVO HORIZONTE - JACA N° 7,UESVALLE - ARO CALI,76869 - VIJES,JUNTA ADMINISTRADORA COMUNITARIA ACUEDUCTO OCACHE ALTO - NUEVO HORIZONTE - JACA N° 7,42,42
Cali,31641854,20260519-8383-VIG,19/05/2026,19/05/2026,2:00 PM,,Agua,VIG,UESVALLE - ARO CALI,4,0,Analizando,NO,8,,En seguimiento,No calculado,27/05/2026,https://gestion-muestras.valledelcauca.gov.co/home/simple-list-samples,1,37,SI,,20260519-8383-VIG,VIGILANCIA RUTINARIA,19/05/2026,01171,9004,AL LADO DE PIEDRA SOBRE VIA MONTAÑITAS (YUMBO),SECTOR VILLA NICOL,76869 - VIJES,RURAL,ocache parte baja,,QUEBRADA,san andres,24.8,7.63,2.0,9.41,"MICROBIOLOGÍA (E. COLI Y COLIFORMES TOTALES), FISICOQUÍMICO (RUTINA), FISICOQUÍMICO (RUTINA 2), FISICOQUÍMICO (CROMATOGRAFIA IONICA IC)",76869 - VIJES,JUNTA ADMINISTRADORA DEL ACUEDUCTO DEL CORREGIMIENTO DE OCACHE PARTE BAJA - J.A.A.C.O.B.,UESVALLE - ARO CALI,76869 - VIJES,JUNTA ADMINISTRADORA DEL ACUEDUCTO DEL CORREGIMIENTO DE OCACHE PARTE BAJA - J.A.A.C.O.B.,42,42
Cali,31641854,20260519-8387-VIG,19/05/2026,19/05/2026,2:00 PM,,Agua,VIG,UESVALLE - ARO CALI,4,0,Analizando,NO,8,,En seguimiento,No calculado,27/05/2026,https://gestion-muestras.valledelcauca.gov.co/home/simple-list-samples,1,38,SI,,20260519-8387-VIG,VIGILANCIA RUTINARIA,19/05/2026,01172,1,PUNTO # 1. JUNTO POSTE DE ENERGIA.,CALLEJON LA FATIMA ROMERITO,76869 - VIJES,RURAL,VEREDA ROMERITO,,QUEBRADA,LA URSULA,20.8,7.55,0.5,15.9,"MICROBIOLOGÍA (E. COLI Y COLIFORMES TOTALES), FISICOQUÍMICO (RUTINA), FISICOQUÍMICO (RUTINA 2), FISICOQUÍMICO (CROMATOGRAFIA IONICA IC)",76869 - VIJES,JUNTA ADMINISTRADORA COMUNITARIA DEL ACUEDUCTO N║6 VEREDA ROMERITO - LA JACA N║6,UESVALLE - ARO CALI,76869 - VIJES,JUNTA ADMINISTRADORA COMUNITARIA DEL ACUEDUCTO N║6 VEREDA ROMERITO - LA JACA N║6,42,42
Cali,31641854,20260519-8391-VIG,19/05/2026,19/05/2026,2:00 PM,,Agua,VIG,UESVALLE - ARO CALI,4,0,Analizando,NO,8,,En seguimiento,No calculado,27/05/2026,https://gestion-muestras.valledelcauca.gov.co/home/simple-list-samples,1,35,SI,,20260519-8391-VIG,VIGILANCIA RUTINARIA,19/05/2026,01173,9001,ESQUINA DE VIVIENDA VIA EL TAMBOR,VIVIENDA DEL SR. RICARDO MONTERO,76869 - VIJES,RURAL,MOZAMBIQUE,,QUEBRADA,CAIMITAL,22.6,7.81,0.0,23.8,"MICROBIOLOGÍA (E. COLI Y COLIFORMES TOTALES), FISICOQUÍMICO (RUTINA), FISICOQUÍMICO (RUTINA 2), FISICOQUÍMICO (CROMATOGRAFIA IONICA IC)",76869 - VIJES,JUNTA ADMINISTRADORA COMUNITARIA DEL ACUEDUCTO MOZAMBIQUE- J.A.C.A. N° 1,UESVALLE - ARO CALI,76869 - VIJES,JUNTA ADMINISTRADORA COMUNITARIA DEL ACUEDUCTO MOZAMBIQUE- J.A.C.A. N° 1,42,42
Cali,31641854,20260519-8412-VIG,19/05/2026,19/05/2026,3:20 PM,,Agua,VIG,UESVALLE - ARO CALI,4,0,Analizando,NO,8,,En seguimiento,No calculado,27/05/2026,https://gestion-muestras.valledelcauca.gov.co/home/simple-list-samples,1,33,SI,,20260519-8412-VIG,VIGILANCIA RUTINARIA,19/05/2026,01130,1,TIENDA DE CECI,VEREDA LAS HERMOSAS,76306 - GINEBRA,RURAL,LAS HERMOSAS,,QUEBRADA,CANTA RANA,23,7.98,0.0,0.92,"MICROBIOLOGÍA (E. COLI Y COLIFORMES TOTALES), FISICOQUÍMICO (RUTINA), FISICOQUÍMICO (RUTINA 2), FISICOQUÍMICO (CROMATOGRAFIA IONICA IC)",76306 - GINEBRA,JUNTA DE ACCIÓN COMUNAL VEREDA LAS HERMOSAS.,UESVALLE - ARO CALI,76306 - GINEBRA,JUNTA DE ACCIÓN COMUNAL VEREDA LAS HERMOSAS.,42,42
Cali,31641854,20260519-8413-VIG,19/05/2026,19/05/2026,3:20 PM,,Agua,VIG,UESVALLE - ARO CALI,4,0,Analizando,NO,8,,En seguimiento,No calculado,27/05/2026,https://gestion-muestras.valledelcauca.gov.co/home/simple-list-samples,1,30,SI,,20260519-8413-VIG,VIGILANCIA RUTINARIA,19/05/2026,01132,SIN DATO,FILTRO DE ARCILLA EKOFIL VIVIENDA SEÑORA GISELA HENAO,VEREDA PORTUGAL,76306 - GINEBRA,RURAL,PORTUGAL bajo,,NACIMIENTO,FINCA LOS LOPEZ,26,8.13,SD,0.26,"MICROBIOLOGÍA (E. COLI Y COLIFORMES TOTALES), FISICOQUÍMICO (RUTINA), FISICOQUÍMICO (RUTINA 2), FISICOQUÍMICO (CROMATOGRAFIA IONICA IC)",76306 - GINEBRA,COMITE DE PRO ACUEDUCTO PORTUGAL BAJO,UESVALLE - ARO CALI,76306 - GINEBRA,COMITE DE PRO ACUEDUCTO PORTUGAL BAJO,42,42
Cali,31641854,20260519-8414-VIG,19/05/2026,19/05/2026,3:20 PM,,Agua,VIG,UESVALLE - ARO CALI,4,0,Analizando,NO,8,,En seguimiento,No calculado,27/05/2026,https://gestion-muestras.valledelcauca.gov.co/home/simple-list-samples,1,31,SI,,20260519-8414-VIG,VIGILANCIA RUTINARIA,19/05/2026,01134,1,CASA EBER MORALES,VEREDA BETANIA,76306 - GINEBRA,RURAL,JUNTAS -sector BETANIA,,QUEBRADA,EL PARAGUA,28,7.80,0.0,4.12,"MICROBIOLOGÍA (E. COLI Y COLIFORMES TOTALES), FISICOQUÍMICO (RUTINA), FISICOQUÍMICO (RUTINA 2), FISICOQUÍMICO (CROMATOGRAFIA IONICA IC)",76306 - GINEBRA,JUNTA ADMINISTRADORA ACUEDUCTO RURAL BETANIA,UESVALLE - ARO CALI,76306 - GINEBRA,JUNTA ADMINISTRADORA ACUEDUCTO RURAL BETANIA,42,42
Cali,31641854,20260519-8415-VIG,19/05/2026,19/05/2026,3:20 PM,,Agua,VIG,UESVALLE - ARO CALI,4,0,Analizando,NO,8,,En seguimiento,No calculado,27/05/2026,https://gestion-muestras.valledelcauca.gov.co/home/simple-list-samples,1,32,SI,,20260519-8415-VIG,VIGILANCIA RUTINARIA,19/05/2026,01135,1,PUNTO DE MUESTREO TIENDA DON EVELIO,VEREDA EL JARDIN,76306 - GINEBRA,RURAL,EL JARDIN,,QUEBRADA,EL JARDIN,29,8.02,0.3,3.00,"MICROBIOLOGÍA (E. COLI Y COLIFORMES TOTALES), FISICOQUÍMICO (RUTINA), FISICOQUÍMICO (RUTINA 2), FISICOQUÍMICO (CROMATOGRAFIA IONICA IC)",76306 - GINEBRA,ASOCIACIËN DE USUARIOS ACUEDUCTO COLECTIVO - EL JARDIN,UESVALLE - ARO CALI,76306 - GINEBRA,ASOCIACIËN DE USUARIOS ACUEDUCTO COLECTIVO - EL JARDIN,42,42
Cali,31641854,20260519-8416-VIG,19/05/2026,19/05/2026,3:20 PM,,Agua,VIG,UESVALLE - ARO CALI,4,0,Analizando,NO,8,,En seguimiento,No calculado,27/05/2026,https://gestion-muestras.valledelcauca.gov.co/home/simple-list-samples,1,29,SI,,20260519-8416-VIG,VIGILANCIA RUTINARIA,19/05/2026,01136,0002,TIENDA PINILLA,JUNTAS,76306 - GINEBRA,RURAL,JUNTAS,,QUEBRADA,LAS CHORRERAS,24,7.76,0.0,4.40,"MICROBIOLOGÍA (E. COLI Y COLIFORMES TOTALES), FISICOQUÍMICO (RUTINA), FISICOQUÍMICO (RUTINA 2), FISICOQUÍMICO (CROMATOGRAFIA IONICA IC)",76306 - GINEBRA,JUNTA ADMINISTRADORA ACUEDUCTO DE JUNTAS,UESVALLE - ARO CALI,76306 - GINEBRA,JUNTA ADMINISTRADORA ACUEDUCTO DE JUNTAS,42,42
Cartago,16232927,20260519-8366-VIG,19/05/2026,19/05/2026,2:30 PM,,Agua,VIG,UESVALLE - ARO CARTAGO,4,0,Analizando,NO,8,,En seguimiento,No calculado,27/05/2026,https://gestion-muestras.valledelcauca.gov.co/home/simple-list-samples,1,28,SI,,20260519-8366-VIG,VIGILANCIA RUTINARIA,19/05/2026,00591,0001,GRIFO#0001 VIVIENDA FABIO,VIVIENDA FABIO ARBOLEDA,76041 - ANSERMANUEVO,RURAL,VEREDA EL CASTILLO,,QUEBRADA,EL CASTILLO,19.9,7.17,0.0,1.98,"MICROBIOLOGÍA (E. COLI Y COLIFORMES TOTALES), FISICOQUÍMICO (RUTINA), FISICOQUÍMICO (RUTINA 2), FISICOQUÍMICO (CROMATOGRAFIA IONICA IC)",76041 - ANSERMANUEVO,ACUEDUCTO RURAL EL CASTILLO ANSERMANUEVO,UESVALLE - ARO CARTAGO,76041 - ANSERMANUEVO,ACUEDUCTO RURAL EL CASTILLO ANSERMANUEVO,42,41
Cartago,16232927,20260519-8367-VIG,19/05/2026,19/05/2026,2:30 PM,,Agua,VIG,UESVALLE - ARO CARTAGO,4,0,Analizando,NO,8,,En seguimiento,No calculado,27/05/2026,https://gestion-muestras.valledelcauca.gov.co/home/simple-list-samples,1,25,SI,,20260519-8367-VIG,VIGILANCIA RUTINARIA,19/05/2026,00592,0002,GRIFO#0002 CASA,CASA CONSUELO SECTOR Y,76041 - ANSERMANUEVO,RURAL,VEREDA LA POPALITA,,QUEBRADA,LA POPALITA,20.3,7.71,0.0,5.59,"MICROBIOLOGÍA (E. COLI Y COLIFORMES TOTALES), FISICOQUÍMICO (RUTINA), FISICOQUÍMICO (RUTINA 2), FISICOQUÍMICO (CROMATOGRAFIA IONICA IC)",76041 - ANSERMANUEVO,ASOCIACION GESTION COMUNITARIA DEL AGUA DE LA COMUNIDAD RURAL LA POPALITA,UESVALLE - ARO CARTAGO,76041 - ANSERMANUEVO,ASOCIACION GESTION COMUNITARIA DEL AGUA DE LA COMUNIDAD RURAL LA POPALITA,42,41
Cartago,16232927,20260519-8369-VIG,19/05/2026,19/05/2026,2:30 PM,,Agua,VIG,UESVALLE - ARO CARTAGO,4,0,Analizando,NO,8,,En seguimiento,No calculado,27/05/2026,https://gestion-muestras.valledelcauca.gov.co/home/simple-list-samples,1,27,SI,,20260519-8369-VIG,VIGILANCIA RUTINARIA,19/05/2026,00602,0001,GRIFO#0001 FRENTE GALLERIA,FRENTE A GALLERA VDA LA HONDURA,76041 - ANSERMANUEVO,RURAL,LA HONDURA,,QUEBRADA,YORUMAL,19.9,7.29,0.0,4.83,"MICROBIOLOGÍA (E. COLI Y COLIFORMES TOTALES), FISICOQUÍMICO (RUTINA), FISICOQUÍMICO (RUTINA 2), FISICOQUÍMICO (CROMATOGRAFIA IONICA IC)",76041 - ANSERMANUEVO,ACUEDUCTO COMUNITARIO LA HONDURA,UESVALLE - ARO CARTAGO,76041 - ANSERMANUEVO,ACUEDUCTO COMUNITARIO LA HONDURA,42,41
Cartago,16232927,20260519-8371-VIG,19/05/2026,19/05/2026,2:30 PM,,Agua,VIG,UESVALLE - ARO CARTAGO,4,0,Analizando,NO,8,,En seguimiento,No calculado,27/05/2026,https://gestion-muestras.valledelcauca.gov.co/home/simple-list-samples,1,24,SI,,20260519-8371-VIG,VIGILANCIA RUTINARIA,19/05/2026,00603,0002,GRIFO#0002 FRENTE VIVIENDA,FRENTE A VIVIENDA AMALIA HENAO,76041 - ANSERMANUEVO,RURAL,LA CABAÑA,,QUEBRADA,AGUA CLARA,21.7,7.67,0.0,4.67,"MICROBIOLOGÍA (E. COLI Y COLIFORMES TOTALES), FISICOQUÍMICO (RUTINA), FISICOQUÍMICO (RUTINA 2), FISICOQUÍMICO (CROMATOGRAFIA IONICA IC)",76041 - ANSERMANUEVO,Asociacion Gestora Comunitaria del Agua Corregimiento la cabaña,UESVALLE - ARO CARTAGO,76041 - ANSERMANUEVO,Asociacion Gestora Comunitaria del Agua Corregimiento la cabaña,42,41
Cartago,16232927,20260519-8374-VIG,19/05/2026,19/05/2026,2:30 PM,,Agua,VIG,UESVALLE - ARO CARTAGO,4,0,Analizando,NO,8,,En seguimiento,No calculado,27/05/2026,https://gestion-muestras.valledelcauca.gov.co/home/simple-list-samples,1,26,SI,,20260519-8374-VIG,VIGILANCIA RUTINARIA,19/05/2026,00601,0002,GRIFO#0002 FRENTE A CANCHA,FRENTE A LA CANCHA BARRIO SALAZAR,76041 - ANSERMANUEVO,RURAL,LA CABAÑA,,QUEBRADA,LA RAIZ-SANAGUSTIN,24.6,7.86,0.6,4.11,"MICROBIOLOGÍA (E. COLI Y COLIFORMES TOTALES), FISICOQUÍMICO (RUTINA), FISICOQUÍMICO (RUTINA 2), FISICOQUÍMICO (CROMATOGRAFIA IONICA IC)",76041 - ANSERMANUEVO,ACUEDUCTO COMUNITARIO SALAZAR,UESVALLE - ARO CARTAGO,76041 - ANSERMANUEVO,ACUEDUCTO COMUNITARIO SALAZAR,42,41
Tulua,16551281,20260519-8380-VIG,19/05/2026,19/05/2026,2:30 PM,,Agua,VIG,UESVALLE - ARO TULUÁ,4,0,Analizando,NO,8,,En seguimiento,No calculado,27/05/2026,https://gestion-muestras.valledelcauca.gov.co/home/simple-list-samples,1,32,SI,,20260519-8380-VIG,VIGILANCIA RUTINARIA,19/05/2026,01087,76890,grifo lavaplatos,vivienda TESORERA,76890 - YOTOCO,RURAL,san juan,,QUEBRADA,santa rita la cristalina,23.5,7.4,0.0,4.36,"MICROBIOLOGÍA (E. COLI Y COLIFORMES TOTALES), FISICOQUÍMICO (RUTINA), FISICOQUÍMICO (RUTINA 2), FISICOQUÍMICO (CROMATOGRAFIA IONICA IC)",76890 - YOTOCO,ACUEDUCTO RURAL ALBANIA-SAN JUAN ARLAS,UESVALLE - ARO TULUÁ,76890 - YOTOCO,ACUEDUCTO RURAL ALBANIA-SAN JUAN ARLAS,42,42
Tulua,16551281,20260519-8381-VIG,19/05/2026,19/05/2026,2:30 PM,,Agua,VIG,UESVALLE - ARO TULUÁ,4,0,Analizando,NO,8,,En seguimiento,No calculado,27/05/2026,https://gestion-muestras.valledelcauca.gov.co/home/simple-list-samples,1,34,SI,,20260519-8381-VIG,VIGILANCIA RUTINARIA,19/05/2026,01083,76890-2,GRIFO INSTALADO PUNTO FIJO,VIA EL CANEY FRENTE A LA IGLESIA,76890 - YOTOCO,RURAL,MEDIA CANOA,,QUEBRADA,LA CRISTALINA LA VIRGEN,23.2,8.1,0.77,1.77,"MICROBIOLOGÍA (E. COLI Y COLIFORMES TOTALES), FISICOQUÍMICO (RUTINA), FISICOQUÍMICO (RUTINA 2), FISICOQUÍMICO (CROMATOGRAFIA IONICA IC)",76890 - YOTOCO,ACUEDUCTO RURAL MEDIACANOA ASOMEDIACANOA,UESVALLE - ARO TULUÁ,76890 - YOTOCO,ACUEDUCTO RURAL MEDIACANOA ASOMEDIACANOA,42,42
Tulua,16551281,20260519-8382-VIG,19/05/2026,19/05/2026,2:30 PM,,Agua,VIG,UESVALLE - ARO TULUÁ,4,0,Analizando,NO,8,,En seguimiento,No calculado,27/05/2026,https://gestion-muestras.valledelcauca.gov.co/home/simple-list-samples,1,33,SI,,20260519-8382-VIG,VIGILANCIA RUTINARIA,19/05/2026,01082,76890,GRIFO INSTALADO PUNTO FIJO,FRENTE CANCHA DE FUTBOL,76890 - YOTOCO,RURAL,SAN ANTONIO DE PIEDRAS,,QUEBRADA,QUEBRADA LA LETICIA,25.1,8.2,0.0,1.90,"MICROBIOLOGÍA (E. COLI Y COLIFORMES TOTALES), FISICOQUÍMICO (RUTINA), FISICOQUÍMICO (RUTINA 2), FISICOQUÍMICO (CROMATOGRAFIA IONICA IC)",76890 - YOTOCO,ACUEDUCTO RURAL SAN ANTONIO DE PIEDRAS ASUASAP,UESVALLE - ARO TULUÁ,76890 - YOTOCO,ACUEDUCTO RURAL SAN ANTONIO DE PIEDRAS ASUASAP,42,42
Tulua,16551281,20260519-8384-VIG,19/05/2026,19/05/2026,2:30 PM,,Agua,VIG,UESVALLE - ARO TULUÁ,4,0,Analizando,NO,8,,En seguimiento,No calculado,27/05/2026,https://gestion-muestras.valledelcauca.gov.co/home/simple-list-samples,1,36,SI,,20260519-8384-VIG,VIGILANCIA RUTINARIA,19/05/2026,01084,76890-1,GRIFO INSTALADO PUNTO FIJO,SALIDA TANQUE,76890 - YOTOCO,RURAL,JIGUALES,,QUEBRADA,LA FONTANA,21.2,7.3,0.39,2.0,"MICROBIOLOGÍA (E. COLI Y COLIFORMES TOTALES), FISICOQUÍMICO (RUTINA), FISICOQUÍMICO (RUTINA 2), FISICOQUÍMICO (CROMATOGRAFIA IONICA IC)",76890 - YOTOCO,ASOCIACION ADMINSITRADORA DEL ACUEDUCTO LA FONTANA-ACOFOMI,UESVALLE - ARO TULUÁ,76890 - YOTOCO,ASOCIACION ADMINSITRADORA DEL ACUEDUCTO LA FONTANA-ACOFOMI,42,42
Tulua,16551281,20260519-8385-VIG,19/05/2026,19/05/2026,2:30 PM,,Agua,VIG,UESVALLE - ARO TULUÁ,4,0,Analizando,NO,8,,En seguimiento,No calculado,27/05/2026,https://gestion-muestras.valledelcauca.gov.co/home/simple-list-samples,1,31,SI,,20260519-8385-VIG,VIGILANCIA RUTINARIA,19/05/2026,01085,76890-1,GRIFO PATIO,EL CRUCERO CASETA COMUNAL,76890 - YOTOCO,RURAL,EL CANEY,,QUEBRADA,CECILIA,23.1,7.6,0.0,2.79,"MICROBIOLOGÍA (E. COLI Y COLIFORMES TOTALES), FISICOQUÍMICO (RUTINA), FISICOQUÍMICO (RUTINA 2), FISICOQUÍMICO (CROMATOGRAFIA IONICA IC)",76890 - YOTOCO,ASOCIACION ACUAVITAL ESP CGTO CANEY,UESVALLE - ARO TULUÁ,76890 - YOTOCO,ASOCIACION ACUAVITAL ESP CGTO CANEY,42,42
Tulua,16551281,20260519-8388-VIG,19/05/2026,19/05/2026,2:30 PM,,Agua,VIG,UESVALLE - ARO TULUÁ,4,0,Analizando,NO,8,,En seguimiento,No calculado,27/05/2026,https://gestion-muestras.valledelcauca.gov.co/home/simple-list-samples,1,35,SI,,20260519-8388-VIG,VIGILANCIA RUTINARIA,19/05/2026,01086,76890-3,grifo lavaplatos,finca mi ranchito la playita,76890 - YOTOCO,RURAL,colonia baja,,NACIMIENTO,bella fuente,23.6,7.5,0.0,8.16,"MICROBIOLOGÍA (E. COLI Y COLIFORMES TOTALES), FISICOQUÍMICO (RUTINA), FISICOQUÍMICO (RUTINA 2), FISICOQUÍMICO (CROMATOGRAFIA IONICA IC)",76890 - YOTOCO,ACUEDUCTO COMUNITARIO BELLA FUENTE,UESVALLE - ARO TULUÁ,76890 - YOTOCO,ACUEDUCTO COMUNITARIO BELLA FUENTE,42,42
Cali,31641854,20260513-8315-VIG,13/05/2026,13/05/2026,2:00 PM,25/05/2026,Agua,VIG,UESVALLE - ARO CALI,4,0,Finalizada,SI,14,12.0,Finalizada,Normal,27/05/2026,https://gestion-muestras.valledelcauca.gov.co/home/simple-list-samples,1,43,NO,,,,,,,,,,,,,,,,,,,,,,,,,,
Cali,31641854,20260513-8319-VIG,13/05/2026,13/05/2026,2:00 PM,25/05/2026,Agua,VIG,UESVALLE - ARO CALI,4,0,Finalizada,SI,14,12.0,Finalizada,Normal,27/05/2026,https://gestion-muestras.valledelcauca.gov.co/home/simple-list-samples,1,42,NO,,,,,,,,,,,,,,,,,,,,,,,,,,
Cali,31641854,20260513-8325-VIG,13/05/2026,13/05/2026,2:00 PM,25/05/2026,Agua,VIG,UESVALLE - ARO CALI,4,0,Finalizada,SI,14,12.0,Finalizada,Normal,27/05/2026,https://gestion-muestras.valledelcauca.gov.co/home/simple-list-samples,1,41,NO,,,,,,,,,,,,,,,,,,,,,,,,,,
Cali,31641854,20260513-8329-VIG,13/05/2026,13/05/2026,2:00 PM,25/05/2026,Agua,VIG,UESVALLE - ARO CALI,4,0,Finalizada,SI,14,12.0,Finalizada,Normal,27/05/2026,https://gestion-muestras.valledelcauca.gov.co/home/simple-list-samples,1,44,NO,,,,,,,,,,,,,,,,,,,,,,,,,,
Cali,31641854,20260513-8332-VIG,13/05/2026,13/05/2026,2:00 PM,25/05/2026,Agua,VIG,UESVALLE - ARO CALI,4,0,Finalizada,SI,14,12.0,Finalizada,Normal,27/05/2026,https://gestion-muestras.valledelcauca.gov.co/home/simple-list-samples,1,45,NO,,,,,,,,,,,,,,,,,,,,,,,,,,
Cali,31641854,20260513-8336-VIG,13/05/2026,13/05/2026,2:00 PM,25/05/2026,Agua,VIG,UESVALLE - ARO CALI,4,0,Finalizada,SI,14,12.0,Finalizada,Normal,27/05/2026,https://gestion-muestras.valledelcauca.gov.co/home/simple-list-samples,1,39,NO,,,,,,,,,,,,,,,,,,,,,,,,,,
Cali,31641854,20260513-8341-VIG,13/05/2026,13/05/2026,2:00 PM,25/05/2026,Agua,VIG,UESVALLE - ARO CALI,4,0,Finalizada,SI,14,12.0,Finalizada,Normal,27/05/2026,https://gestion-muestras.valledelcauca.gov.co/home/simple-list-samples,1,40,NO,,,,,,,,,,,,,,,,,,,,,,,,,,
Tulua,16551281,20260513-8313-VIG,13/05/2026,13/05/2026,2:05 PM,25/05/2026,Agua,VIG,UESVALLE - ARO TULUÁ,4,0,Finalizada,SI,14,12.0,Finalizada,Normal,27/05/2026,https://gestion-muestras.valledelcauca.gov.co/home/simple-list-samples,1,43,NO,,,,,,,,,,,,,,,,,,,,,,,,,,
Tulua,16551281,20260513-8318-VIG,13/05/2026,13/05/2026,2:05 PM,25/05/2026,Agua,VIG,UESVALLE - ARO TULUÁ,4,0,Finalizada,SI,14,12.0,Finalizada,Normal,27/05/2026,https://gestion-muestras.valledelcauca.gov.co/home/simple-list-samples,1,37,NO,,,,,,,,,,,,,,,,,,,,,,,,,,
Tulua,16551281,20260513-8320-VIG,13/05/2026,13/05/2026,2:05 PM,25/05/2026,Agua,VIG,UESVALLE - ARO TULUÁ,4,0,Finalizada,SI,14,12.0,Finalizada,Normal,27/05/2026,https://gestion-muestras.valledelcauca.gov.co/home/simple-list-samples,1,39,NO,,,,,,,,,,,,,,,,,,,,,,,,,,
Tulua,16551281,20260513-8321-VIG,13/05/2026,13/05/2026,2:05 PM,25/05/2026,Agua,VIG,UESVALLE - ARO TULUÁ,4,0,Finalizada,SI,14,12.0,Finalizada,Normal,27/05/2026,https://gestion-muestras.valledelcauca.gov.co/home/simple-list-samples,1,40,NO,,,,,,,,,,,,,,,,,,,,,,,,,,
Tulua,16551281,20260513-8322-VIG,13/05/2026,13/05/2026,2:05 PM,25/05/2026,Agua,VIG,UESVALLE - ARO TULUÁ,4,0,Finalizada,SI,14,12.0,Finalizada,Normal,27/05/2026,https://gestion-muestras.valledelcauca.gov.co/home/simple-list-samples,1,41,NO,,,,,,,,,,,,,,,,,,,,,,,,,,
Tulua,16551281,20260513-8323-VIG,13/05/2026,13/05/2026,2:05 PM,25/05/2026,Agua,VIG,UESVALLE - ARO TULUÁ,4,0,Finalizada,SI,14,12.0,Finalizada,Normal,27/05/2026,https://gestion-muestras.valledelcauca.gov.co/home/simple-list-samples,1,38,NO,,,,,,,,,,,,,,,,,,,,,,,,,,
Tulua,16551281,20260513-8324-VIG,13/05/2026,13/05/2026,2:05 PM,25/05/2026,Agua,VIG,UESVALLE - ARO TULUÁ,4,0,Finalizada,SI,14,12.0,Finalizada,Normal,27/05/2026,https://gestion-muestras.valledelcauca.gov.co/home/simple-list-samples,1,44,NO,,,,,,,,,,,,,,,,,,,,,,,,,,
Tulua,16551281,20260513-8327-VIG,13/05/2026,13/05/2026,2:05 PM,25/05/2026,Agua,VIG,UESVALLE - ARO TULUÁ,4,0,Finalizada,SI,14,12.0,Finalizada,Normal,27/05/2026,https://gestion-muestras.valledelcauca.gov.co/home/simple-list-samples,1,42,NO,,,,,,,,,,,,,,,,,,,,,,,,,,
Cali,31641854,20260512-8282-VIG,12/05/2026,12/05/2026,2:40 PM,24/05/2026,Agua,VIG,UESVALLE - ARO CALI,4,0,Finalizada,SI,15,12.0,Finalizada,Normal,27/05/2026,https://gestion-muestras.valledelcauca.gov.co/home/simple-list-samples,1,46,NO,,,,,,,,,,,,,,,,,,,,,,,,,,
Cali,31641854,20260512-8287-VIG,12/05/2026,12/05/2026,2:40 PM,24/05/2026,Agua,VIG,UESVALLE - ARO CALI,4,0,Finalizada,SI,15,12.0,Finalizada,Normal,27/05/2026,https://gestion-muestras.valledelcauca.gov.co/home/simple-list-samples,1,50,NO,,,,,,,,,,,,,,,,,,,,,,,,,,
Cali,31641854,20260512-8291-VIG,12/05/2026,12/05/2026,2:40 PM,24/05/2026,Agua,VIG,UESVALLE - ARO CALI,4,0,Finalizada,SI,15,12.0,Finalizada,Normal,27/05/2026,https://gestion-muestras.valledelcauca.gov.co/home/simple-list-samples,1,49,NO,,,,,,,,,,,,,,,,,,,,,,,,,,
Cali,31641854,20260512-8301-VIG,12/05/2026,12/05/2026,2:40 PM,24/05/2026,Agua,VIG,UESVALLE - ARO CALI,4,0,Finalizada,SI,15,12.0,Finalizada,Normal,27/05/2026,https://gestion-muestras.valledelcauca.gov.co/home/simple-list-samples,1,47,NO,,,,,,,,,,,,,,,,,,,,,,,,,,
Cali,31641854,20260512-8311-VIG,12/05/2026,12/05/2026,2:40 PM,24/05/2026,Agua,VIG,UESVALLE - ARO CALI,4,0,Finalizada,SI,15,12.0,Finalizada,Normal,27/05/2026,https://gestion-muestras.valledelcauca.gov.co/home/simple-list-samples,1,51,NO,,,,,,,,,,,,,,,,,,,,,,,,,,
Cali,31641854,20260512-8312-VIG,12/05/2026,12/05/2026,2:40 PM,24/05/2026,Agua,VIG,UESVALLE - ARO CALI,4,0,Finalizada,SI,15,12.0,Finalizada,Normal,27/05/2026,https://gestion-muestras.valledelcauca.gov.co/home/simple-list-samples,1,48,NO,,,,,,,,,,,,,,,,,,,,,,,,,,
Cartago,16232927,20260512-8277-VIG,12/05/2026,12/05/2026,2:45 PM,24/05/2026,Agua,VIG,UESVALLE - ARO CARTAGO,4,0,Recepcionada,SI,15,12.0,Finalizada,Normal,27/05/2026,https://gestion-muestras.valledelcauca.gov.co/home/simple-list-samples,1,30,SI,,20260512-8277-VIG,,12/05/2026,00845,0002,grifo,vivienda jhon jairo muelas,76497 - OBANDO,RURAL,puerto samalia,,QUEBRADA,puerto samaria,22.1,7.24,0.0,5.42,"MICROBIOLOGÍA (E. COLI Y COLIFORMES TOTALES), FISICOQUÍMICO (RUTINA), FISICOQUÍMICO (RUTINA 2), FISICOQUÍMICO (CROMATOGRAFIA IONICA IC)",76497 - OBANDO,ACUEDUCTO RURAL VEREDA PUERTO SAMARIA,UESVALLE - ARO CARTAGO,76497 - OBANDO,ACUEDUCTO RURAL VEREDA PUERTO SAMARIA,42,40
Cartago,16232927,20260512-8279-VIG,12/05/2026,12/05/2026,2:45 PM,24/05/2026,Agua,VIG,UESVALLE - ARO CARTAGO,4,0,Finalizada,SI,15,12.0,Finalizada,Normal,27/05/2026,https://gestion-muestras.valledelcauca.gov.co/home/simple-list-samples,1,32,NO,,,,,,,,,,,,,,,,,,,,,,,,,,
Cartago,16232927,20260512-8280-VIG,12/05/2026,12/05/2026,2:45 PM,24/05/2026,Agua,VIG,UESVALLE - ARO CARTAGO,4,0,Finalizada,SI,15,12.0,Finalizada,Normal,27/05/2026,https://gestion-muestras.valledelcauca.gov.co/home/simple-list-samples,1,34,NO,,,,,,,,,,,,,,,,,,,,,,,,,,
Cartago,16232927,20260512-8281-VIG,12/05/2026,12/05/2026,2:45 PM,24/05/2026,Agua,VIG,UESVALLE - ARO CARTAGO,4,0,Finalizada,SI,15,12.0,Finalizada,Normal,27/05/2026,https://gestion-muestras.valledelcauca.gov.co/home/simple-list-samples,1,35,NO,,,,,,,,,,,,,,,,,,,,,,,,,,
Cartago,16232927,20260512-8283-VIG,12/05/2026,12/05/2026,2:45 PM,24/05/2026,Agua,VIG,UESVALLE - ARO CARTAGO,4,0,Finalizada,SI,15,12.0,Finalizada,Normal,27/05/2026,https://gestion-muestras.valledelcauca.gov.co/home/simple-list-samples,1,36,NO,,,,,,,,,,,,,,,,,,,,,,,,,,
Cartago,16232927,20260512-8286-VIG,12/05/2026,12/05/2026,2:45 PM,24/05/2026,Agua,VIG,UESVALLE - ARO CARTAGO,4,0,Finalizada,SI,15,12.0,Finalizada,Normal,27/05/2026,https://gestion-muestras.valledelcauca.gov.co/home/simple-list-samples,1,29,NO,,,,,,,,,,,,,,,,,,,,,,,,,,
Cartago,16232927,20260512-8294-VIG,12/05/2026,12/05/2026,2:45 PM,24/05/2026,Agua,VIG,UESVALLE - ARO CARTAGO,4,0,Finalizada,SI,15,12.0,Finalizada,Normal,27/05/2026,https://gestion-muestras.valledelcauca.gov.co/home/simple-list-samples,1,37,NO,,,,,,,,,,,,,,,,,,,,,,,,,,
Cartago,16232927,20260512-8306-VIG,12/05/2026,12/05/2026,2:45 PM,24/05/2026,Agua,VIG,UESVALLE - ARO CARTAGO,4,0,Finalizada,SI,15,12.0,Finalizada,Normal,27/05/2026,https://gestion-muestras.valledelcauca.gov.co/home/simple-list-samples,1,33,NO,,,,,,,,,,,,,,,,,,,,,,,,,,
Cartago,16232927,20260512-8307-VIG,12/05/2026,12/05/2026,2:45 PM,24/05/2026,Agua,VIG,UESVALLE - ARO CARTAGO,4,0,Finalizada,SI,15,12.0,Finalizada,Normal,27/05/2026,https://gestion-muestras.valledelcauca.gov.co/home/simple-list-samples,1,31,NO,,,,,,,,,,,,,,,,,,,,,,,,,,
Tulua,16551281,20260512-8296-VIG,12/05/2026,12/05/2026,2:45 PM,24/05/2026,Agua,VIG,UESVALLE - ARO TULUÁ,4,0,Finalizada,SI,15,12.0,Finalizada,Normal,27/05/2026,https://gestion-muestras.valledelcauca.gov.co/home/simple-list-samples,1,53,NO,,,,,,,,,,,,,,,,,,,,,,,,,,
Tulua,16551281,20260512-8297-VIG,12/05/2026,12/05/2026,2:45 PM,24/05/2026,Agua,VIG,UESVALLE - ARO TULUÁ,4,0,Finalizada,SI,15,12.0,Finalizada,Normal,27/05/2026,https://gestion-muestras.valledelcauca.gov.co/home/simple-list-samples,1,46,NO,,,,,,,,,,,,,,,,,,,,,,,,,,
Tulua,16551281,20260512-8298-VIG,12/05/2026,12/05/2026,2:45 PM,24/05/2026,Agua,VIG,UESVALLE - ARO TULUÁ,4,0,Finalizada,SI,15,12.0,Finalizada,Normal,27/05/2026,https://gestion-muestras.valledelcauca.gov.co/home/simple-list-samples,1,51,NO,,,,,,,,,,,,,,,,,,,,,,,,,,
Tulua,16551281,20260512-8299-VIG,12/05/2026,12/05/2026,2:45 PM,24/05/2026,Agua,VIG,UESVALLE - ARO TULUÁ,4,0,Finalizada,SI,15,12.0,Finalizada,Normal,27/05/2026,https://gestion-muestras.valledelcauca.gov.co/home/simple-list-samples,1,52,NO,,,,,,,,,,,,,,,,,,,,,,,,,,
Tulua,16551281,20260512-8300-VIG,12/05/2026,12/05/2026,2:45 PM,24/05/2026,Agua,VIG,UESVALLE - ARO TULUÁ,4,0,Finalizada,SI,15,12.0,Finalizada,Normal,27/05/2026,https://gestion-muestras.valledelcauca.gov.co/home/simple-list-samples,1,49,NO,,,,,,,,,,,,,,,,,,,,,,,,,,
Tulua,16551281,20260512-8302-VIG,12/05/2026,12/05/2026,2:45 PM,24/05/2026,Agua,VIG,UESVALLE - ARO TULUÁ,4,0,Finalizada,SI,15,12.0,Finalizada,Normal,27/05/2026,https://gestion-muestras.valledelcauca.gov.co/home/simple-list-samples,1,47,NO,,,,,,,,,,,,,,,,,,,,,,,,,,
Tulua,16551281,20260512-8303-VIG,12/05/2026,12/05/2026,2:45 PM,24/05/2026,Agua,VIG,UESVALLE - ARO TULUÁ,4,0,Finalizada,SI,15,12.0,Finalizada,Normal,27/05/2026,https://gestion-muestras.valledelcauca.gov.co/home/simple-list-samples,1,45,NO,,,,,,,,,,,,,,,,,,,,,,,,,,
Tulua,16551281,20260512-8304-VIG,12/05/2026,12/05/2026,2:45 PM,24/05/2026,Agua,VIG,UESVALLE - ARO TULUÁ,4,0,Finalizada,SI,15,12.0,Finalizada,Normal,27/05/2026,https://gestion-muestras.valledelcauca.gov.co/home/simple-list-samples,1,50,NO,,,,,,,,,,,,,,,,,,,,,,,,,,
Tulua,16551281,20260512-8305-VIG,12/05/2026,12/05/2026,2:45 PM,24/05/2026,Agua,VIG,UESVALLE - ARO TULUÁ,4,0,Finalizada,SI,15,12.0,Finalizada,Normal,27/05/2026,https://gestion-muestras.valledelcauca.gov.co/home/simple-list-samples,1,48,NO,,,,,,,,,,,,,,,,,,,,,,,,,,
Tulua,16551281,20260512-8309-VIG,12/05/2026,12/05/2026,2:45 PM,24/05/2026,Agua,VIG,UESVALLE - ARO TULUÁ,4,0,Finalizada,SI,15,12.0,Finalizada,Normal,27/05/2026,https://gestion-muestras.valledelcauca.gov.co/home/simple-list-samples,1,54,NO,,,,,,,,,,,,,,,,,,,,,,,,,,
