ACTIVIDAD,Actividad_Resumen,CODIGO_LLAVE,CODIGO_SISA_ORIGINAL,CODIGO_PROGRAMADO_CRUCE,TIPO_CRUCE_MPR,PUNTAJE_CRUCE_MPR,MUNICIPIO,LOCALIDADES_ABASTECIDAS,NOMBRE_SISTEMA,PERSONA_PRESTADORA,NOMBRE_ARO,FUNCIONARIO,FECHA_ACTIVIDAD,ACTA,CONSECUTIVO VISITA,ESTADO,PROGRAMADO,CODIGO_PROGRAMADO_ORIGINAL,FUNCIONARIO_PROGRAMADO,ARO_PROGRAMADO,MUNICIPIO_PROGRAMADO,LOCALIDAD_PROGRAMADA,COINCIDE_FUNCIONARIO_PROGRAMADO
1.3,Visita Mapas de Riesgo Ficah y Anexo Tecnico 1,113622,113622,113622,CODIGO,1.0,CAICEDONIA, SAN GERARDO,ASOCIACION DE USUARIOS DEL ACUEDUCTO DE LA VEREDA SAN GERARDO DE CAICEDONIA,ASOCIACION DE USUARIOS DEL ACUEDUCTO DE LA VEREDA SAN GERARDO DE CAICEDONIA,Aro Centro Tuluà,WILLIAM ALBERTO CARLOSAMA JIMENEZ,2026-04-22,WAC22042026,136,ABIERTO,SI,113622,WILLIAM ALBERTO CARLOSAMA JIMENEZ,TULUA,CAICEDONIA,SAN GERARDO,SI
1.3,Visita Mapas de Riesgo Ficah y Anexo Tecnico 1,60116,60116,60116,CODIGO,1.0,BOLÍVAR,LA TULIA,ASOCIACION DE USUARIOS ACUEDUCTO LA TULIA,ASOCIACION DE USUARIOS ACUEDUCTO LA TULIA,Aro Centro Tuluà,DIANA GIMENA MARTINEZ GONZALEZ,2026-04-04,DM-0404226-2,102,ABIERTO,SI,60116,DIANA GIMENA MARTINEZ GONZALEZ,TULUA,BOLIVAR,LA TULIA,SI
1.3,Visita Mapas de Riesgo Ficah y Anexo Tecnico 1,58644,58644,58644,CODIGO,1.0,SAN PEDRO, MONTERREDONDO,ASOCIACION DE USUARIOS DEL ACUEDUCTO MONTERREDONDO ESP,ASOCIACION DE USUARIOS DEL ACUEDUCTO MONTERREDONDO ESP,Aro Centro Tuluà,VALERIA PATIÑO HERNANDEZ,2026-04-22,VP22042026-01,130,ABIERTO,SI,58644,VALERIA PATIÑO HERNANDEZ,TULUA,SAN PEDRO,MONTERREDONDO,SI
1.3,Visita Mapas de Riesgo Ficah y Anexo Tecnico 1,15506,15506,15506,CODIGO,1.0,VERSALLES,VEREDA LA BALSORA,JUNTA ADMINISTRADORA DEL ACUEDUCTO LA BALSORA,JUNTA ADMINISTRADORA ACUEDUCTO RURAL VEREDA LA BALSORA           ,Aro Norte Cartago,ANA MILENA MENDEZ ARANA,2026-04-08,AMM080426,91,ABIERTO,SI,15506,ANA MILENA MENDEZ ARANA,CARTAGO,VERSALLES,LA BALSORA,SI
1.3,Visita Mapas de Riesgo Ficah y Anexo Tecnico 1,111988,111988,111988,CODIGO,1.0,BOLÍVAR,EL BOSQUE,ASOCIACION DE USUARIOS DEL ACUEDUCTO EL BOSQUE # 1,ASOCIACION DE USUARIOS DEL ACUEDUCTO EL BOSQUE # 1,Aro Centro Tuluà,DIANA GIMENA MARTINEZ GONZALEZ,2026-04-24,DM-24042026,118,ABIERTO,SI,111988,DIANA GIMENA MARTINEZ GONZALEZ,TULUA,BOLIVAR,EL BOSQUE,SI
1.3,Visita Mapas de Riesgo Ficah y Anexo Tecnico 1,64871,64871,64871,CODIGO,1.0,ANDALUCÍA, PARDO ALTO,ACUEDUCTO RURAL PARDO ALTO,ACUEDUCTO RURAL PARDO ALTO,Aro Centro Tuluà,WILLIAM ALBERTO CARLOSAMA JIMENEZ,2026-04-06,W060426,111,ABIERTO,SI,64871,WILLIAM ALBERTO CARLOSAMA JIMENEZ,TULUA,ANDALUCIA,PARDO ALTO,SI
1.3,Visita Mapas de Riesgo Ficah y Anexo Tecnico 1,151783,151783,151783,CODIGO,1.0,YOTOCO,BUENOS AIRES ,ACUEDUCTO RURAL EL SOBACO ,ACUEDUCTO RURAL EL SOBACO ,Aro Centro Tuluà,VALERIA PATIÑO HERNANDEZ,2026-04-07,VPH07042026,153,ABIERTO,SI,151783,VALERIA PATIÑO HERNANDEZ,TULUA,YOTOCO,EL SOBACO,SI
1.3,Visita Mapas de Riesgo Ficah y Anexo Tecnico 1,151783,151783,151783,CODIGO,1.0,YOTOCO,BUENOS AIRES ,ACUEDUCTO RURAL EL SOBACO ,ACUEDUCTO RURAL EL SOBACO ,Aro Centro Tuluà,VALERIA PATIÑO HERNANDEZ,2026-04-07,VPH07042026,110,ABIERTO,SI,151783,VALERIA PATIÑO HERNANDEZ,TULUA,YOTOCO,EL SOBACO,SI
1.3,Visita Mapas de Riesgo Ficah y Anexo Tecnico 1,32188,32188,32188,CODIGO,1.0,LA CUMBRE,CORREGIMIENTO BITACO,SUANABIT,ASOCIACION DE USUARIOS ANTIGUO ACUEDUCTO BITACO - SUANABIT,Aro Sur Cali,MAURICIO ALZATE DIAZ,2026-05-22,MPRCUMBRE02,141,ABIERTO,SI,32188,MAURICIO ALZATE DIAZ,CALI,LA CUMBRE,BITACO - ZONA DE ALTO RIESGO,SI
1.3,Visita Mapas de Riesgo Ficah y Anexo Tecnico 1,28230,105134,28230,TEXTO,0.75,DAGUA,KM 28 AMBICHINTE,ECASP. ESP. - KM 28 AMBICHINTE,ASOCIACION EMPRESA COMUNITARIA ACUEDUCTO BORRERO AYERBE - ECASP. ESP. - KM 28 AMBICHINTE,Aro Sur Cali,DIEGO FERNANDO HOYOS TABORDA,2026-04-27,MPRBAKM26,116,ABIERTO,SI,28230,DIEGO FERNANDO HOYOS TABORDA,CALI,DAGUA,BORRERO AYERBE (KM 26),SI
1.3,Visita Mapas de Riesgo Ficah y Anexo Tecnico 1,59620,59620,59620,CODIGO,1.0,GUACARÍ,"PUNTE ROJO, LA REUBICACION, SECTOR EL ALTO, VEREDA BELLO HORIZONTE, BARRIO LA CRISTALINA  I y II",ACUAPUERO,ASOCIACION ADMINISTRADORA DEL ACUEDUCTO RURAL COMUNITARIO DEL CORREGIMIENTO DE PUENTE ROJO ACUASALUD PUENTE ROJO - ACUAPUERO,Aro Sur Cali,LAURA SOFIA LOPEZ CUNDUMI,2026-03-20,MPRPR,89,ABIERTO,SI,59620,LAURA SOFIA LOPEZ CUNDUMI,CALI,GUACARI,PUENTE ROJO,SI
1.3,Visita Mapas de Riesgo Ficah y Anexo Tecnico 1,34209,34209,34209,CODIGO,1.0,EL CERRITO,CARRIZAL,CARRIZAL,ACUEDUCTO COMUNITARIO CARRIZAL,Aro Sur Cali,LAURA SOFIA LOPEZ CUNDUMI,2026-04-15,MPRCARR2026,114,ABIERTO,SI,34209,LAURA SOFIA LOPEZ CUNDUMI,CALI,EL CERRITO,EL CARRIZAL,SI
1.3,Visita Mapas de Riesgo Ficah y Anexo Tecnico 1,124804,124804,124804,CODIGO,1.0,BUGALAGRANDE,EL PORVENIR,ASOCIACION DE USUARIOS DEL ACUEDUCTO RURAL COMUNITARIO DE LAS VEREDAS CHICORAL Y EL PORVENIR - ASUACHIJAPOR,ASOCIACION DE USUARIOS DEL ACUEDUCTO RURAL COMUNITARIO DE LAS VEREDAS CHICORAL Y EL PORVENIR - ASUACHIJAPOR - EL PORVENIR,Aro Centro Tuluà,WILLIAM ALBERTO CARLOSAMA JIMENEZ,2026-04-21,WAC210426,134,ABIERTO,SI,124804,WILLIAM ALBERTO CARLOSAMA JIMENEZ,TULUA,BUGALAGRANDE,EL PORVENIR,SI
1.3,Visita Mapas de Riesgo Ficah y Anexo Tecnico 1,135187,135187,135187,CODIGO,1.0,VIJES,VEREDA MONTERREY ALTO FRESNEDA,MONTERREY ALTO FRESNEDA,ASOCIACIÓN DE USUARIOS DEL ACUEDUCTO RURAL COMUNITARIO MONTERREY ALTO FRESNEDA JACA # 13,Aro Sur Cali,DIEGO ANDRES SANCHEZ MUÑOZ,2026-02-16,AFMR001,137,ABIERTO,SI,135187,DIEGO SANCHEZ,CALI,VIJES,MONTERREY ALTOS DE LA FRESNEDA JACA 13,NO
1.3,Visita Mapas de Riesgo Ficah y Anexo Tecnico 1,61928,61928,61928,CODIGO,1.0,RIOFRIO,VEREDA CALABAZAS                                                                            ,ASOCIACION DE USUARIOS DEL ACUEDUCTO DE LA VEREDA DE CALABAZAS                                                                                  ,ASOCIACION DE USUARIOS DEL ACUEDUCTO DE LA VEREDA DE CALABAZAS,Aro Centro Tuluà,DIANA GIMENA MARTINEZ GONZALEZ,2026-04-25,DM25042026,124,ABIERTO,SI,61928,DIANA GIMENA MARTINEZ GONZALEZ,TULUA,RIOFRIO,CALABAZAS,SI
1.3,Visita Mapas de Riesgo Ficah y Anexo Tecnico 1,122659,122659,122659,CODIGO,1.0,ZARZAL,GUASIMAL BAJO - GUASIMAL ALTO- ALIZAL,ASOCIACION DE USUARIOS DE SERVICIOS PUBLICOS DEL ACUEDUCTO GUASIMAL-ALIZAL -ASERPUGAZ.,ASOCIACION DE USUARIOS DE SERVICIOS PUBLICOS DEL ACUEDUCTO GUASIMAL-ALIZAL -ASERPUGAZ.,Aro Centro Tuluà,DIANA GIMENA MARTINEZ GONZALEZ,2026-04-04,DM-040426-1,108,ABIERTO,SI,122659,DIANA GIMENA MARTINEZ GONZALEZ,TULUA,ZARZAL,GUASIMAL ALIZAL,SI
1.3,Visita Mapas de Riesgo Ficah y Anexo Tecnico 1,14638,14638,14638,CODIGO,1.0,OBANDO,CORREGIMIENTO VILLA RODAS,ASOCIACION DE USUARIOS DEL ACUEDUCTO Y ALCANTARILLADO VILLA RODAS #2,ASOCIACION DE USUARIOS DEL ACUEDUCTO Y ALCANTARILLADO DE VILLA RODAS # 2,Aro Norte Cartago,SAIR HAIRTON IBARGUEN RENTERIA,2026-04-01,SHIR01042026-2,99,ABIERTO,SI,14638,SAIR HAIRTON IBARGUEN RENTERIA,CARTAGO,OBANDO,VILLA RODAS 2,SI
1.3,Visita Mapas de Riesgo Ficah y Anexo Tecnico 1,88218,88218,88218,CODIGO,1.0,OBANDO,CORREGIMIENTO VILLA RODAS,ASOCIACION DE USUARIOS DEL ACUEDUCTO Y ALCANTARILLADO VILLA RODAS #1,ASOCIACION DE USUARIOS DEL ACUEDUCTO Y ALCANTARILLADO DE VILLA RODAS # 1,Aro Norte Cartago,SAIR HAIRTON IBARGUEN RENTERIA,2026-04-01,SHIR01042026,98,ABIERTO,SI,88218,SAIR HAIRTON IBARGUEN RENTERIA,CARTAGO,OBANDO,VILLARODAS 1,SI
1.3,Visita Mapas de Riesgo Ficah y Anexo Tecnico 1,87883,87883,87883,CODIGO,1.0,LA UNION,VEREDA AGUADA ALTA,ASOCIACION DE USUARIOS DE ACUEDUCTO RURAL LA AGUADA - LA CHICA- EL AJIZAL - TAMBORAL ,"ASOCIACION DE USUARIOS DEL ACUEDUCTO RURAL LA AGUADA LA CHICA, AJIZAL, TAMBORAL.",Aro Norte Cartago,ANA MILENA MENDEZ ARANA,2026-04-09,AMM090426,92,ABIERTO,SI,87883,ANA MILENA MENDEZ ARANA,CARTAGO,LA UNION,EL AJIZAL -TAMBORAL – LA CHICA – LA AGUADA,SI
1.3,Visita Mapas de Riesgo Ficah y Anexo Tecnico 1,116231,116231,116231,CODIGO,1.0,RESTREPO,LA ESPERANZA,ACUEDUCTO ALTO DEL OSO - LA ESPERANZA,ACUEDUCTO ALTO DEL OSO - LA ESPERANZA,Aro Centro Tuluà,VALERIA PATIÑO HERNANDEZ,2026-04-16,VP-16042026,109,ABIERTO,SI,116231,VALERIA PATIÑO HERNANDEZ,TULUA,RESTREPO,ALTO DEL OSO LA ESPERANZA,SI
1.3,Visita Mapas de Riesgo Ficah y Anexo Tecnico 1,80702,80702,80702,CODIGO,1.0,ANSERMANUEVO,LA CABAÑA,ACUEDUCTO LA CABAÑA,ASOCIACION GESTORA COMUNITARIA DEL AGUA DEL CORREGIMIENTO LA CABAÑA,Aro Norte Cartago,SAIR HAIRTON IBARGUEN RENTERIA,2026-04-04,SHIR04042026,95,ABIERTO,SI,80702,SAIR HAIRTON IBARGUEN RENTERIA,CARTAGO,ANSERMANUEVO,LA CABAÑA.,SI
1.3,Visita Mapas de Riesgo Ficah y Anexo Tecnico 1,127559,120229,127559,TEXTO,1.0,CAICEDONIA,EL SALADO,ASOCIACION DE USUARIOS DEL ACUEDUCTO RURAL PALOGRANDE EL SALADO,ASOCIACION DE USUARIOS DEL ACUEDUCTO RURAL PALOGRANDE EL SALADO,Aro Centro Tuluà,WILLIAM ALBERTO CARLOSAMA JIMENEZ,2026-04-15,WAC15042026,135,ABIERTO,SI,127559,WILLIAM ALBERTO CARLOSAMA JIMENEZ,TULUA,CAICEDONIA,EL SALADO,SI
1.3,Visita Mapas de Riesgo Ficah y Anexo Tecnico 1,43206,17834,43206,TEXTO,1.0,LA CUMBRE,VEREDAS SAN JOSE Y AGUA CLARA,VERSA,"ACUEDUCTO VERSA - ASOCIACION DE USUARIO DEL SERVICIO DEL ACUEDUCTO V.E.R.S.A. DE LAS VEREDAS,SAN JOSE Y AGUA CLARA MUNICIPIO DE YUMBO LA CUMBRE",Aro Sur Cali,MAURICIO ALZATE DIAZ,2026-04-22,MPCUMBRE01,113,ABIERTO,SI,43206,MAURICIO ALZATE DIAZ,CALI,LA CUMBRE,SAN JOSÉ Y AGUA CLARA,SI
1.3,Visita Mapas de Riesgo Ficah y Anexo Tecnico 1,59619,59619,59619,CODIGO,1.0,BOLÍVAR,LA HERRADURA,ASOCIACION DE USUARIOS DEL ACUEDUCTO LA HERRADURA,ASOCIACION DE USUARIOS DEL ACUEDUCTO LA HERRADURA  ASOAHER,Aro Centro Tuluà,DIANA GIMENA MARTINEZ GONZALEZ,2026-04-02,DM020426,103,ABIERTO,SI,59619,DIANA GIMENA MARTINEZ GONZALEZ,TULUA,BOLIVAR,LA HERRADURA,SI
1.3,Visita Mapas de Riesgo Ficah y Anexo Tecnico 1,33506,0,33506,TEXTO,1.0,VIJES,VEREDA VIDAL,ALJIBE VIDAL,ABASTECIMIENTO COMUNITARIO VIDAL,Aro Sur Cali,DIEGO ANDRES SANCHEZ MUÑOZ,2026-02-06,MPVIDAL01,139,ABIERTO,SI,33506,DIEGO SANCHEZ,CALI,VIJES,VIDAL,NO
1.3,Visita Mapas de Riesgo Ficah y Anexo Tecnico 1,88219,88219,88219,CODIGO,1.0,TORO,VEREDA LA QUIEBRA,ACUEDUCTO RURAL LA QUIEBRA,ACUEDUCTO RURAL VEREDA LA QUIEBRA,Aro Norte Cartago,SAIR HAIRTON IBARGUEN RENTERIA,2026-04-09,SHIR09042026,97,ABIERTO,SI,88219,SAIR HAIRTON IBARGUEN RENTERIA,CARTAGO,TORO,LA QUIEBRA,SI
1.3,Visita Mapas de Riesgo Ficah y Anexo Tecnico 1,114537,114537,114537,CODIGO,1.0,EL CAIRO,VEREDA SALMELIA,ACUEDUCTO RURAL VEREDA SALMELIA,ACUEDUCTO RURAL CORREGIMIENTO LA SALMELIA,Aro Norte Cartago,EDWARD RAUL JAIMES VERA,2026-05-27,ERJ27052026,142,ABIERTO,SI,114537,EDWARD RAUL JAIMES VERA,CARTAGO,EL CAIRO,SALMELIA,SI
1.3,Visita Mapas de Riesgo Ficah y Anexo Tecnico 1,68866,118184,68866,TEXTO,1.0,EL DOVIO,VEREDA DIAMANTE,VEREDA DIAMANTE ALTO,ASOCIACION DE USUARIOS DEL ACUEDUCTO RURAL COMUNIDAD DE LA VEREDA DIAMANTE ALTO,Aro Norte Cartago,ANA MILENA MENDEZ ARANA,2026-04-23,AMM23426,125,ABIERTO,SI,68866,ANA MILENA MENDEZ ARANA,CARTAGO,EL DOVIO,EL DIAMANTE Sector El Filo,SI
1.3,Visita Mapas de Riesgo Ficah y Anexo Tecnico 1,SIN_CODIGO_EL CERRITO_PARCELACION VENECIA ETAPAS 1-2-3 Y 4,0,SIN_CODIGO_EL CERRITO_PARCELACION VENECIA ETAPAS 1-2-3 Y 4,PRESTADOR,1.0,EL CERRITO,,,PARCELACIÓN VENECIA ETAPAS 1-2-3 Y 4,Aro Sur Cali,LAURA SOFIA LOPEZ CUNDUMI,2026-03-19,MPRVENE,88,ABIERTO,SI,,LAURA SOFIA LOPEZ CUNDUMI,CALI,EL CERRITO,PARCELACIÓN VENECIA ETAPAS 1-2-3 Y 4,SI
1.3,Visita Mapas de Riesgo Ficah y Anexo Tecnico 1,25332,0,25332,TEXTO,1.0,ARGELIA,,,ACUEDUCTO RURAL VEREDA LA MARINA ,Aro Norte Cartago,EDWARD RAUL JAIMES VERA,2026-04-06,ERJ060426,93,ABIERTO,SI,25332,EDWARD RAUL JAIMES VERA,CARTAGO,ARGELIA,ACUEDUCTO RURAL VEREDA LA MARINA,SI
1.3,Visita Mapas de Riesgo Ficah y Anexo Tecnico 1,68462,0,68462,TEXTO,1.0,EL DOVIO,,,ACUEDUTO RURAL MONTE AZUL - ACUAZAL ,Aro Norte Cartago,ANA MILENA MENDEZ ARANA,2026-04-22,AMM2426,126,ABIERTO,SI,68462,ANA MILENA MENDEZ ARANA,CARTAGO,EL DOVIO,MONTE AZUL,SI
1.3,Visita Mapas de Riesgo Ficah y Anexo Tecnico 1,110576,110576,110576,CODIGO,1.0,ALCALA,LA UNIÓN-EL HIGUERÓN-LA ESTRELLA-EL DINDE,SISTEMA # 5,COOPERATIVA MARAVELEZ ALCALA ESP - SISTEMA # 5,Aro Norte Cartago,SAIR HAIRTON IBARGUEN RENTERIA,2026-04-08,SHIR08042026,96,ABIERTO,SI,110576,SAIR HAIRTON IBARGUEN RENTERIA,CARTAGO,ALCALA,(S5) HIGUERON-LA UNION-SAN FELIPE-LA ESTRELLA,SI
1.3,Visita Mapas de Riesgo Ficah y Anexo Tecnico 1,108425,108425,108425,CODIGO,1.0,YOTOCO,PUENTETIERRA,JUNTA DE ACUEDUCTO PUENTE TIERRA - LA BOHEMIA,JUNTA DE ACUEDUCTO PUENTE TIERRA - LA BOHEMIA,Aro Centro Tuluà,VALERIA PATIÑO HERNANDEZ,2026-04-08,VP-08042026,104,ABIERTO,SI,108425,VALERIA PATIÑO HERNANDEZ,TULUA,YOTOCO,LA BOHEMIA - CORREGIMIENTO PUENTE TIERRA,SI
1.3,Visita Mapas de Riesgo Ficah y Anexo Tecnico 1,66187,66187,66187,CODIGO,1.0,RIOFRIO,LOS ALPES,JUNTA ADMINISTRADORA DEL ACUEDUCTO DE USUARIO DE LA ZULIA ACUAZULIA LOS ALPES,JUNTA ADMINISTRADORA DEL ACUEDUCTO DE USUARIO DE LA ZULIA ACUAZULIA LOS ALPES,Aro Centro Tuluà,DIANA GIMENA MARTINEZ GONZALEZ,2026-04-07,DM0407,129,ABIERTO,SI,66187,DIANA GIMENA MARTINEZ GONZALEZ,TULUA,RIOFRIO,LOS ALPES,SI
1.3,Visita Mapas de Riesgo Ficah y Anexo Tecnico 1,66187,66187,66187,CODIGO,1.0,RIOFRIO,LOS ALPES,JUNTA ADMINISTRADORA DEL ACUEDUCTO DE USUARIO DE LA ZULIA ACUAZULIA LOS ALPES,JUNTA ADMINISTRADORA DEL ACUEDUCTO DE USUARIO DE LA ZULIA ACUAZULIA LOS ALPES,Aro Centro Tuluà,DIANA GIMENA MARTINEZ GONZALEZ,2026-04-07,DM-07042026,101,ABIERTO,SI,66187,DIANA GIMENA MARTINEZ GONZALEZ,TULUA,RIOFRIO,LOS ALPES,SI
1.3,Visita Mapas de Riesgo Ficah y Anexo Tecnico 1,34631,120464,34631,TEXTO,1.0,DAGUA,VEREDA LAS DELICIAS PARTE ALTA,PTAP DELICIAS ALTA,ASOCIACION DE USUARIOS DE ACUEDUCTO VEREDA LAS DELICIAS - ASAD ESP - PARTE ALTA,Aro Sur Cali,DIEGO FERNANDO HOYOS TABORDA,2026-06-10,MPRDA01,154,ABIERTO,SI,34631,DIEGO FERNANDO HOYOS TABORDA,CALI,DAGUA,LAS DELICIAS,SI
1.3,Visita Mapas de Riesgo Ficah y Anexo Tecnico 1,88298,88298,88298,CODIGO,1.0,LA VICTORIA,CORREGIMIENTOMIRAVALLES,ASOCIACION JUNTA ADMINISTRADORA DEL ACUEDUCTO RURAL DE MIRAVALLES-ACUAMIR,ASOCIACION JUNTA ADMINISTRADORA DEL ACUEDUCTO RURAL DE MIRAVALLES- ACUAMIR,Aro Norte Cartago,ANA MILENA MENDEZ ARANA,2026-04-27,AMM27042026,131,ABIERTO,SI,88298,ANA MILENA MENDEZ ARANA,CARTAGO,LA VICTORIA,MIRAVALLES,SI
1.3,Visita Mapas de Riesgo Ficah y Anexo Tecnico 1,97356,97356,97356,CODIGO,1.0,LA VICTORIA,VEREDA SIBERIA,ACUEDUCTO RURAL LA SIBERIA,ACUEDUCTO RURAL VEREDA LA SIBERIA,Aro Norte Cartago,EDWARD RAUL JAIMES VERA,2026-05-20,ERJ20052026,138,ABIERTO,SI,97356,ANA MILENA MENDEZ ARANA,CARTAGO,LA VICTORIA,LA SIBERIA,NO
1.3,Visita Mapas de Riesgo Ficah y Anexo Tecnico 1,46017,46017,46017,CODIGO,1.0,DAGUA,EL CHIPRE KM 27,ASOCHIPRE,"ASOCIACION COMUNITARIA DE ACUEDUCTO DE CHIPRE, ASOCHIPRE",Aro Sur Cali,DIEGO FERNANDO HOYOS TABORDA,2026-05-23,MPRCHI01,140,ABIERTO,SI,46017,DIEGO FERNANDO HOYOS TABORDA,CALI,DAGUA,CHIPRE,SI
1.3,Visita Mapas de Riesgo Ficah y Anexo Tecnico 1,15191,15191,15191,CODIGO,1.0,ULLOA,BERLIN,SISTEMA # 2 - BERLIN ,ADMINISTRACION COOPERATIVA ULLOA E.S.P - SISTEMA #2  BERLIN - MOCTEZUMA ,Aro Norte Cartago,SAIR HAIRTON IBARGUEN RENTERIA,2026-04-22,SHIR22042026,123,ABIERTO,SI,15191,SAIR HAIRTON IBARGUEN RENTERIA,CARTAGO,ULLOA,SISTEMA # 2 - BERLIN,SI
1.3,Visita Mapas de Riesgo Ficah y Anexo Tecnico 1,60383,60383,60383,CODIGO,1.0,ROLDANILLO,VEREDA LA SOLEDAD,ASOCIACION  COMUNITARIA ADMINISTRADORA ACUEDUCTO LA SOLEDAD,ASOCIACION COMUNITARIA ADMINISTRADORA DEL ACUEDUCTO LA VEREDA LA SOLEDAD,Aro Norte Cartago,ANA MILENA MENDEZ ARANA,2026-04-17,AMM170426,128,ABIERTO,SI,60383,ANA MILENA MENDEZ ARANA,CARTAGO,ROLDANILLO,LA SOLEDAD,SI
1.3,Visita Mapas de Riesgo Ficah y Anexo Tecnico 1,61999,61999,61999,CODIGO,1.0,TRUJILLO,ANDINÁPOLIS,ASOCIACION DE USUARIOS DEL ACUEDUCTO DE ANDINAPOLIS - ARCA,ASOCIACION DE USUARIOS DEL ACUEDUCTO DE ANDINAPOLIS - ARCA,Aro Centro Tuluà,DIANA GIMENA MARTINEZ GONZALEZ,2026-04-14,DM14042026,120,ABIERTO,SI,61999,DIANA GIMENA MARTINEZ GONZALEZ,TULUA,TRUJILLO,ANDINÁPOLIS,SI
1.3,Visita Mapas de Riesgo Ficah y Anexo Tecnico 1,67724,67724,67724,CODIGO,1.0,GINEBRA,LOS MEDIOS,ASOMEDIOS,JUNTA ADMINISTRADORA DEL ACUEDUCTO LOS MEDIOS - ASOMEDIOS,Aro Sur Cali,DIEGO ANDRES SANCHEZ MUÑOZ,2026-04-15,DSMPG1504,100,ABIERTO,SI,67724,DIEGO ANDRES SANCHEZ MUÑOZ,CALI,GINEBRA,LOS MEDIOS,SI
1.3,Visita Mapas de Riesgo Ficah y Anexo Tecnico 1,144306,116907,144306,TEXTO,1.0,EL AGUILA,VEREDA EL NARANJO,ACUEDUCTO RURAL EL NARANJO ,ASOCIACIÓN DE USUARIOS ACUEDUCTO EL NARANJO,Aro Norte Cartago,EDWARD RAUL JAIMES VERA,2026-04-24,ERJV240426,127,ABIERTO,SI,144306,EDWARD RAUL JAIMES VERA,CARTAGO,EL AGUILA,EL NARANJO,SI
1.3,Visita Mapas de Riesgo Ficah y Anexo Tecnico 1,91938,91938,91938,CODIGO,1.0,ARGELIA,VEREDA LAS BRISAS,ADMINISTRACION COOPERATIVA SAN ROQUE ESP LAS BRISAS SISTEMA #2,COOPERATIVA SAN ROQUE LAS BRISAS RAIZAL LA AURORA -SISTEMA # 2,Aro Norte Cartago,EDWARD RAUL JAIMES VERA,2026-04-22,ERJV220426-01,117,ABIERTO,SI,91938,EDWARD RAUL JAIMES VERA,CARTAGO,ARGELIA,"LAS BRISAS, EL RAIZAL, LA AURORA, CAJONES, LA PAZ",SI
1.3,Visita Mapas de Riesgo Ficah y Anexo Tecnico 1,62248,62248,62248,CODIGO,1.0,TRUJILLO,CEDRALES,ASOCIACION DE USUARIOS DEL ACUEDUCTO RURAL COLECTIVO VEREDA CEDRALES ARCC,ASOCIACION DE USUARIOS DEL ACUEDUCTO RURAL COLECTIVO VEREDA CEDRALES ARCC,Aro Centro Tuluà,DIANA GIMENA MARTINEZ GONZALEZ,2026-04-20,DM20042026-01,122,ABIERTO,SI,62248,DIANA GIMENA MARTINEZ GONZALEZ,TULUA,TRUJILLO,CEDRALES,SI
1.3,Visita Mapas de Riesgo Ficah y Anexo Tecnico 1,41579,41579,41579,CODIGO,1.0,EL CERRITO,"VEREDAS CAMPOALEGRE, AMAIMITO.",AUSERACA,ASOCIACION DE USUARIOS DEL ACUEDUCTO Y/O ALCANTARILLADO Y/O ASEO DE CAMPO ALEGRE - AUSERACA,Aro Sur Cali,LAURA SOFIA LOPEZ CUNDUMI,2026-02-19,MPRLS01,87,ABIERTO,SI,41579,LAURA SOFIA LOPEZ CUNDUMI,CALI,EL CERRITO,CAMPOALEGRE,SI
1.3,Visita Mapas de Riesgo Ficah y Anexo Tecnico 1,65487,65487,65487,CODIGO,1.0,TRUJILLO,LA DIAMANTINA,ASOCIACION JUNTA ADMINISTRADORA DEL ACUEDUCTO LA DIAMANTINA,ASOCIACION JUNTA ADMINISTRADORA DEL ACUEDUCTO LA DIAMANTINA,Aro Centro Tuluà,DIANA GIMENA MARTINEZ GONZALEZ,2026-03-23,DM-23032026,121,ABIERTO,SI,65487,DIANA GIMENA MARTINEZ GONZALEZ,TULUA,TRUJILLO,LA DIAMANTINA,SI
1.3,Visita Mapas de Riesgo Ficah y Anexo Tecnico 1,65487,65487,65487,CODIGO,1.0,TRUJILLO,LA DIAMANTINA,ASOCIACION JUNTA ADMINISTRADORA DEL ACUEDUCTO LA DIAMANTINA,ASOCIACION JUNTA ADMINISTRADORA DEL ACUEDUCTO LA DIAMANTINA,Aro Centro Tuluà,DIANA GIMENA MARTINEZ GONZALEZ,2026-03-23,DM-23032026,105,ABIERTO,SI,65487,DIANA GIMENA MARTINEZ GONZALEZ,TULUA,TRUJILLO,LA DIAMANTINA,SI
1.3,Visita Mapas de Riesgo Ficah y Anexo Tecnico 1,36321,34259,36321,TEXTO,1.0,EL CERRITO,"EL CERRITO, SAN ANTONIO, ZABALETAS, GUACANAL",ACUAVALLE S.A. E.S.P. - EL CERRITO,ACUAVALLE S.A. E.S.P. - SECCIONAL EL CERRITO,Aro Sur Cali,LAURA SOFIA LOPEZ CUNDUMI,2026-03-18,MPRACVCERRITO,90,ABIERTO,SI,36321,LAURA SOFIA LOPEZ CUNDUMI,CALI,EL CERRITO,ACUAVALLE EL CERRITO,SI
1.3,Visita Mapas de Riesgo Ficah y Anexo Tecnico 1,60151,60151,60151,CODIGO,1.0,BUGALAGRANDE,CEILÁN,ASOCIACION DE USUARIOS DE LOS SERVICIOS PUBLICOS DEL CORREGIMIENTO DE CEILAN,ASOCIACION DE USUARIOS DE LOS SERVICIOS PUBLICOS DEL CORREGIMIENTO DE CEILAN,Aro Centro Tuluà,WILLIAM ALBERTO CARLOSAMA JIMENEZ,2026-04-06,W06042026,112,ABIERTO,SI,60151,WILLIAM ALBERTO CARLOSAMA JIMENEZ,TULUA,BUGALAGRANDE,CEILÁN,SI
1.3,Visita Mapas de Riesgo Ficah y Anexo Tecnico 1,115075,115075,115075,CODIGO,1.0,YOTOCO,EL BOSQUE,JUNTA ADMINISTRADORA ACUEDUCTO EL BOSQUE LIVERPOOL,JUNTA ADMINISTRADORA ACUEDUCTO EL BOSQUE LIVERPOOL,Aro Centro Tuluà,VALERIA PATIÑO HERNANDEZ,2026-04-15,VP150426,107,ABIERTO,SI,115075,VALERIA PATIÑO HERNANDEZ,TULUA,YOTOCO,EL BOSQUE,SI
1.3,Visita Mapas de Riesgo Ficah y Anexo Tecnico 1,58606,58606,58606,CODIGO,1.0,RIOFRIO,FENICIA,FENICIA,ACUEDUCTO RURAL FENICIA ACUAFENICIA,Aro Centro Tuluà,VALERIA PATIÑO HERNANDEZ,2026-05-05,VP005/26,133,ABIERTO,SI,58606,VALERIA PATIÑO HERNANDEZ,TULUA,RIOFRIO,FENICIA,SI
1.3,Visita Mapas de Riesgo Ficah y Anexo Tecnico 1,97410,97410,97410,CODIGO,1.0,ANSERMANUEVO,VEREDA LA ESPERANZA,ACUEDUCTO LA ESPERANZA,JUNTA DE ADMINISTRACION COMUNAL LA ESPERANZA,Aro Norte Cartago,EDWARD RAUL JAIMES VERA,2026-03-11,ERJ11032026-1,86,ABIERTO,SI,97410,EDWARD RAUL JAIMES VERA,CARTAGO,ANSERMANUEVO,LA ESPERANZA,SI
1.3,Visita Mapas de Riesgo Ficah y Anexo Tecnico 1,112090,112090,112090,CODIGO,1.0,RESTREPO,"BUEN VIVIR, TRES PUERTAS, COLEGURRE, VENTAQUEMADO, LA PALMA, MONTERREDONDO",ASOCIACION DE USUARIOS DEL ACUEDUCTO TRES PUERTAS - ACUAPALTRES,ACUAPALTRES  ASOCIACION DE USUARIOS DEL ACUEDUCTO TRES PUERTAS,Aro Centro Tuluà,VALERIA PATIÑO HERNANDEZ,2026-04-24,VP024/26,132,ABIERTO,SI,112090,VALERIA PATIÑO HERNANDEZ,TULUA,RESTREPO,ACUAPALTRES,SI
1.3,Visita Mapas de Riesgo Ficah y Anexo Tecnico 1,152043,152043,152043,CODIGO,1.0,EL CERRITO,REGADEROS,ACUEDUCTO REGADEROS,JUNTA DE ACCIÓN COMUNAL VEREDA REGADEROS,Aro Sur Cali,MAURICIO ALZATE DIAZ,2026-04-15,MPRREG2026,115,ABIERTO,SI,152043,LAURA SOFIA LOPEZ CUNDUMI,CALI,EL CERRITO,REGADEROS ALBECIA - CORREGIMIENTO AUJI,NO
1.3,Visita Mapas de Riesgo Ficah y Anexo Tecnico 1,86250,86250,86250,CODIGO,1.0,ULLOA,ULLOA,ACUAVALLE SA ULLOA,ACUAVALLE S.A. E.S.P. SUCURSAL ULLOA.   ,Aro Norte Cartago,SAIR HAIRTON IBARGUEN RENTERIA,2026-04-23,SHIR042026,119,ABIERTO,SI,86250,SAIR HAIRTON IBARGUEN RENTERIA,CARTAGO,ULLOA,ACUAVALLE ULLOA,SI
1.3,Visita Mapas de Riesgo Ficah y Anexo Tecnico 1,136356,136356,136356,CODIGO,1.0,YOTOCO,BUENOS AIRES ,ASOCIACION DE USUARIOS ACUEDUCTO BUENOS AIRES AJABA ,ASOCIACIÓN DE USUARIOS ACUEDUCTO BUENOS AIRES AJABA  ,Aro Centro Tuluà,VALERIA PATIÑO HERNANDEZ,2026-04-07,VP07042026,152,ABIERTO,SI,136356,VALERIA PATIÑO HERNANDEZ,TULUA,YOTOCO,BUENOS AIRES,SI
1.3,Visita Mapas de Riesgo Ficah y Anexo Tecnico 1,136356,136356,136356,CODIGO,1.0,YOTOCO,BUENOS AIRES ,ASOCIACION DE USUARIOS ACUEDUCTO BUENOS AIRES AJABA ,ASOCIACIÓN DE USUARIOS ACUEDUCTO BUENOS AIRES AJABA  ,Aro Centro Tuluà,VALERIA PATIÑO HERNANDEZ,2026-04-07,VP07042026,106,ABIERTO,SI,136356,VALERIA PATIÑO HERNANDEZ,TULUA,YOTOCO,BUENOS AIRES,SI
1.3,Visita Mapas de Riesgo Ficah y Anexo Tecnico 1,115502,115502,115502,CODIGO,1.0,ALCALA,CONGAL - MARAVELEZ PARTE ALTA,SISTEMA #1 ,COOPERATIVA MARAVELEZ ALCALA ESP (SISTEMA #1)   ,Aro Norte Cartago,SAIR HAIRTON IBARGUEN RENTERIA,2026-04-07,SHIR07042026,94,ABIERTO,SI,115502,SAIR HAIRTON IBARGUEN RENTERIA,CARTAGO,ALCALA,(S1) CONGAL - MARAVELEZ PARTE ALTA,SI
1.4,Toma de muestra elaboracion mapas de riesgo,60116,60116,60116,CODIGO,1.0,BOLÍVAR,LA TULIA,ASOCIACION DE USUARIOS ACUEDUCTO LA TULIA,ASOCIACION DE USUARIOS ACUEDUCTO LA TULIA,Aro Centro Tuluà,DIANA GIMENA MARTINEZ GONZALEZ,2026-04-24,DGM24042026,147,ABIERTO,SI,60116,DIANA GIMENA MARTINEZ GONZALEZ,TULUA,BOLIVAR,LA TULIA,SI
1.4,Toma de muestra elaboracion mapas de riesgo,60116,60116,60116,CODIGO,1.0,BOLÍVAR,LA TULIA,ASOCIACION DE USUARIOS ACUEDUCTO LA TULIA,ASOCIACION DE USUARIOS ACUEDUCTO LA TULIA,Aro Centro Tuluà,DIANA GIMENA MARTINEZ GONZALEZ,2026-04-04,DGM04,145,ABIERTO,SI,60116,DIANA GIMENA MARTINEZ GONZALEZ,TULUA,BOLIVAR,LA TULIA,SI
1.4,Toma de muestra elaboracion mapas de riesgo,60116,60116,60116,CODIGO,1.0,BOLÍVAR,LA TULIA,ASOCIACION DE USUARIOS ACUEDUCTO LA TULIA,ASOCIACION DE USUARIOS ACUEDUCTO LA TULIA,Aro Centro Tuluà,CARLOS IVAN ERAZO GUERRERO,2026-04-22,0539,70,ABIERTO,SI,60116,DIANA GIMENA MARTINEZ GONZALEZ,TULUA,BOLIVAR,LA TULIA,NO
1.4,Toma de muestra elaboracion mapas de riesgo,60116,60116,60116,CODIGO,1.0,BOLÍVAR,LA TULIA,ASOCIACION DE USUARIOS ACUEDUCTO LA TULIA,ASOCIACION DE USUARIOS ACUEDUCTO LA TULIA,Aro Centro Tuluà,CARLOS IVAN ERAZO GUERRERO,2026-04-21,0540,63,ABIERTO,SI,60116,DIANA GIMENA MARTINEZ GONZALEZ,TULUA,BOLIVAR,LA TULIA,NO
1.4,Toma de muestra elaboracion mapas de riesgo,36852,36852,36852,CODIGO,1.0,FLORIDA,EL PEDREGAL PRIMERA ETAPA,EL PEDREGAL PRIMERA ETAPA,ASOCIACION DE USUARIOS DEL ACUEDUCTO Y/O ALCANTARILLADO EL PEDREGAL E.S.P. - PRIMERA ETAPA,Aro Sur Cali,CARLOS ALBERTO CAICEDO GONZALEZ,2026-04-07,CACG-003,53,ABIERTO,SI,36852,DIEGO MARMOLEJO,CALI,FLORIDA,EL PEDREGAL 1,NO
1.4,Toma de muestra elaboracion mapas de riesgo,33117,33117,33117,CODIGO,1.0,PRADERA,CORREGIMIENTO EL RECREO,PTAP ACUAVIDA-EL RECREO,ASOCIACION COMUNITARIA ADMINISTRADORA DEL ACUEDUCTO DEL CORREGIMIENTO EL RECREO MUNICIPIO DE PRADERA - ACUAVIDA-EL RECREO,Aro Sur Cali,CARLOS ALBERTO CAICEDO GONZALEZ,2026-04-07,CACG-001,51,ABIERTO,SI,33117,DIEGO MARMOLEJO,CALI,PRADERA,EL RECREO,NO
1.4,Toma de muestra elaboracion mapas de riesgo,34629,34629,34629,CODIGO,1.0,PRADERA,POTRERITO,PTAP POTRERITO,ASOCIACION COMUNITARIA ADMINISTRADORA DEL ACUEDUCTO DOMESTICO DEL CORREGIMIENTO DE POTRERITO MUNICIPIO DE PRADERA VALLE,Aro Sur Cali,CARLOS ALBERTO CAICEDO GONZALEZ,2026-04-07,CACG-002,52,ABIERTO,SI,34629,DIEGO MARMOLEJO,CALI,PRADERA,POTRERITO,NO
1.4,Toma de muestra elaboracion mapas de riesgo,111988,111988,111988,CODIGO,1.0,BOLÍVAR,EL BOSQUE,ASOCIACION DE USUARIOS DEL ACUEDUCTO EL BOSQUE # 1,ASOCIACION DE USUARIOS DEL ACUEDUCTO EL BOSQUE # 1,Aro Centro Tuluà,CARLOS IVAN ERAZO GUERRERO,2026-04-21,0541,71,ABIERTO,SI,111988,DIANA GIMENA MARTINEZ GONZALEZ,TULUA,BOLIVAR,EL BOSQUE,NO
1.4,Toma de muestra elaboracion mapas de riesgo,64871,64871,64871,CODIGO,1.0,ANDALUCÍA, PARDO ALTO,ACUEDUCTO RURAL PARDO ALTO,ACUEDUCTO RURAL PARDO ALTO,Aro Centro Tuluà,WILLIAM ALBERTO CARLOSAMA JIMENEZ,2026-04-06,WC06042026,149,ABIERTO,SI,64871,WILLIAM ALBERTO CARLOSAMA JIMENEZ,TULUA,ANDALUCIA,PARDO ALTO,SI
1.4,Toma de muestra elaboracion mapas de riesgo,151783,151783,151783,CODIGO,1.0,YOTOCO,BUENOS AIRES ,ACUEDUCTO RURAL EL SOBACO ,ACUEDUCTO RURAL EL SOBACO ,Aro Centro Tuluà,NATALIA RAIGOSA MEDINA,2026-04-20,0535,72,ABIERTO,SI,151783,VALERIA PATIÑO HERNANDEZ,TULUA,YOTOCO,EL SOBACO,NO
1.4,Toma de muestra elaboracion mapas de riesgo,28230,105133,28230,TEXTO,1.0,DAGUA,KM 26 PALO ALTO,ECASP. ESP. - KM 26 PALO ALTO,ASOCIACION EMPRESA COMUNITARIA ACUEDUCTO BORRERO AYERBE - ECASP. ESP. - KM 26 PALO ALTO,Aro Sur Cali,CARLOS ALBERTO CAICEDO GONZALEZ,2026-04-21,CACG-007,65,ABIERTO,SI,28230,DIEGO FERNANDO HOYOS TABORDA,CALI,DAGUA,BORRERO AYERBE (KM 26),NO
1.4,Toma de muestra elaboracion mapas de riesgo,59620,59620,59620,CODIGO,1.0,GUACARÍ,"PUNTE ROJO, LA REUBICACION, SECTOR EL ALTO, VEREDA BELLO HORIZONTE, BARRIO LA CRISTALINA  I y II",ACUAPUERO,ASOCIACION ADMINISTRADORA DEL ACUEDUCTO RURAL COMUNITARIO DEL CORREGIMIENTO DE PUENTE ROJO ACUASALUD PUENTE ROJO - ACUAPUERO,Aro Sur Cali,CARLOS ALBERTO CAICEDO GONZALEZ,2026-04-27,CACG-009,74,ABIERTO,SI,59620,LAURA SOFIA LOPEZ CUNDUMI,CALI,GUACARI,PUENTE ROJO,NO
1.4,Toma de muestra elaboracion mapas de riesgo,37556,0,37556,TEXTO,0.666667,DAGUA,EL PIÑAL (DAGUA),ASOABASE,ASOCIACION ABASTO DE AGUA MARIA -PIÑAL- MUNICIPIO DE LA CUMBRE Y DAGUA VALLE DEL CAUCA - ASOABASE,Aro Sur Cali,CARLOS ALBERTO CAICEDO GONZALEZ,2026-04-21,CACG-004,61,ABIERTO,SI,37556,DIEGO FERNANDO HOYOS TABORDA,CALI,DAGUA,"LA MARÍA 430 (LA CUMBRE), EL PIÑAL 665 (DAGUA).",NO
1.4,Toma de muestra elaboracion mapas de riesgo,135187,135187,135187,CODIGO,1.0,VIJES,VEREDA MONTERREY ALTO FRESNEDA,MONTERREY ALTO FRESNEDA,ASOCIACIÓN DE USUARIOS DEL ACUEDUCTO RURAL COMUNITARIO MONTERREY ALTO FRESNEDA JACA # 13,Aro Sur Cali,CARLOS ALBERTO CAICEDO GONZALEZ,2026-04-27,CACG-012,77,ABIERTO,SI,135187,DIEGO SANCHEZ,CALI,VIJES,MONTERREY ALTOS DE LA FRESNEDA JACA 13,NO
1.4,Toma de muestra elaboracion mapas de riesgo,14638,14638,14638,CODIGO,1.0,OBANDO,CORREGIMIENTO VILLA RODAS,ASOCIACION DE USUARIOS DEL ACUEDUCTO Y ALCANTARILLADO VILLA RODAS #2,ASOCIACION DE USUARIOS DEL ACUEDUCTO Y ALCANTARILLADO DE VILLA RODAS # 2,Aro Norte Cartago,ANA MILENA MENDEZ ARANA,2026-04-06,0024,54,ABIERTO,SI,14638,SAIR HAIRTON IBARGUEN RENTERIA,CARTAGO,OBANDO,VILLA RODAS 2,NO
1.4,Toma de muestra elaboracion mapas de riesgo,88218,88218,88218,CODIGO,1.0,OBANDO,CORREGIMIENTO VILLA RODAS,ASOCIACION DE USUARIOS DEL ACUEDUCTO Y ALCANTARILLADO VILLA RODAS #1,ASOCIACION DE USUARIOS DEL ACUEDUCTO Y ALCANTARILLADO DE VILLA RODAS # 1,Aro Norte Cartago,ANA MILENA MENDEZ ARANA,2026-04-06,0001,56,ABIERTO,SI,88218,SAIR HAIRTON IBARGUEN RENTERIA,CARTAGO,OBANDO,VILLARODAS 1,NO
1.4,Toma de muestra elaboracion mapas de riesgo,58650,58650,,SIN_CRUCE,0.0,ANDALUCÍA,,,ACUAVALLE S.A (ESP),Aro Centro Tuluà,VALERIA PATIÑO HERNANDEZ,2026-04-28,0543,78,ABIERTO,NO,,,,,,SIN DATO
1.4,Toma de muestra elaboracion mapas de riesgo,80702,80702,80702,CODIGO,1.0,ANSERMANUEVO,LA CABAÑA,ACUEDUCTO LA CABAÑA,ASOCIACION GESTORA COMUNITARIA DEL AGUA DEL CORREGIMIENTO LA CABAÑA,Aro Norte Cartago,SAIR HAIRTON IBARGUEN RENTERIA,2026-04-06,0027,55,ABIERTO,SI,80702,SAIR HAIRTON IBARGUEN RENTERIA,CARTAGO,ANSERMANUEVO,LA CABAÑA.,SI
1.4,Toma de muestra elaboracion mapas de riesgo,59619,59619,59619,CODIGO,1.0,BOLÍVAR,LA HERRADURA,ASOCIACION DE USUARIOS DEL ACUEDUCTO LA HERRADURA,ASOCIACION DE USUARIOS DEL ACUEDUCTO LA HERRADURA  ASOAHER,Aro Centro Tuluà,DIANA GIMENA MARTINEZ GONZALEZ,2026-04-02,DGM-02042026,151,ABIERTO,SI,59619,DIANA GIMENA MARTINEZ GONZALEZ,TULUA,BOLIVAR,LA HERRADURA,SI
1.4,Toma de muestra elaboracion mapas de riesgo,59619,59619,59619,CODIGO,1.0,BOLÍVAR,LA HERRADURA,ASOCIACION DE USUARIOS DEL ACUEDUCTO LA HERRADURA,ASOCIACION DE USUARIOS DEL ACUEDUCTO LA HERRADURA  ASOAHER,Aro Centro Tuluà,NATALIA RAIGOSA MEDINA,2026-04-21,0542,69,ABIERTO,SI,59619,DIANA GIMENA MARTINEZ GONZALEZ,TULUA,BOLIVAR,LA HERRADURA,NO
1.4,Toma de muestra elaboracion mapas de riesgo,33506,0,33506,TEXTO,1.0,VIJES,VEREDA VIDAL,ALJIBE VIDAL,ABASTECIMIENTO COMUNITARIO VIDAL,Aro Sur Cali,CARLOS ALBERTO CAICEDO GONZALEZ,2026-04-27,CACG-011,76,ABIERTO,SI,33506,DIEGO SANCHEZ,CALI,VIJES,VIDAL,NO
1.4,Toma de muestra elaboracion mapas de riesgo,33506,0,33506,TEXTO,1.0,VIJES,VEREDA VIDAL,ALJIBE VIDAL,ABASTECIMIENTO COMUNITARIO VIDAL,Aro Sur Cali,CARLOS ALBERTO CAICEDO GONZALEZ,2026-04-27,CACG-010,75,ABIERTO,SI,33506,DIEGO SANCHEZ,CALI,VIJES,VIDAL,NO
1.4,Toma de muestra elaboracion mapas de riesgo,25332,0,25332,TEXTO,1.0,ARGELIA,,,ACUEDUCTO RURAL VEREDA LA MARINA ,Aro Norte Cartago,EDWARD RAUL JAIMES VERA,2026-04-06,0013,59,ABIERTO,SI,25332,EDWARD RAUL JAIMES VERA,CARTAGO,ARGELIA,ACUEDUCTO RURAL VEREDA LA MARINA,SI
1.4,Toma de muestra elaboracion mapas de riesgo,108425,108425,108425,CODIGO,1.0,YOTOCO,PUENTETIERRA,JUNTA DE ACUEDUCTO PUENTE TIERRA - LA BOHEMIA,JUNTA DE ACUEDUCTO PUENTE TIERRA - LA BOHEMIA,Aro Centro Tuluà,VALERIA PATIÑO HERNANDEZ,2026-04-08,VP08042026,150,ABIERTO,SI,108425,VALERIA PATIÑO HERNANDEZ,TULUA,YOTOCO,LA BOHEMIA - CORREGIMIENTO PUENTE TIERRA,SI
1.4,Toma de muestra elaboracion mapas de riesgo,108425,108425,108425,CODIGO,1.0,YOTOCO,PUENTETIERRA,JUNTA DE ACUEDUCTO PUENTE TIERRA - LA BOHEMIA,JUNTA DE ACUEDUCTO PUENTE TIERRA - LA BOHEMIA,Aro Centro Tuluà,NATALIA RAIGOSA MEDINA,2026-04-20,0536,67,ABIERTO,SI,108425,VALERIA PATIÑO HERNANDEZ,TULUA,YOTOCO,LA BOHEMIA - CORREGIMIENTO PUENTE TIERRA,NO
1.4,Toma de muestra elaboracion mapas de riesgo,34631,34631,34631,CODIGO,1.0,DAGUA,LAS DELICIAS PARTE BAJA,PTAP DELICIAS BAJA,ASOCIACION DE USUARIOS DE ACUEDUCTO VEREDA LAS DELICIAS - ASAD ESP - PARTE BAJA,Aro Sur Cali,CARLOS ALBERTO CAICEDO GONZALEZ,2026-04-21,CACG-005,62,ABIERTO,SI,34631,DIEGO FERNANDO HOYOS TABORDA,CALI,DAGUA,LAS DELICIAS,NO
1.4,Toma de muestra elaboracion mapas de riesgo,46017,46017,46017,CODIGO,1.0,DAGUA,EL CHIPRE KM 27,ASOCHIPRE,"ASOCIACION COMUNITARIA DE ACUEDUCTO DE CHIPRE, ASOCHIPRE",Aro Sur Cali,CARLOS ALBERTO CAICEDO GONZALEZ,2026-04-21,CACG-006,64,ABIERTO,SI,46017,DIEGO FERNANDO HOYOS TABORDA,CALI,DAGUA,CHIPRE,NO
1.4,Toma de muestra elaboracion mapas de riesgo,59615,132973,59615,TEXTO,1.0,GUACARÍ,"LA MAGDALENA, CHAFALOTE, ALTO DE LA JULIA",ASOJUMACHAGUA,"ASOCIACION DE USUARIOS DEL ACUEDUCTO Y ALCANTARILLADO DE LOS CORREGIMIENTOS DE ALTO DE LA JULIA, LA MAGDALENA Y LA VEREDA DE CHAFALOTE - ASOJUMACHAGUA",Aro Sur Cali,CARLOS ALBERTO CAICEDO GONZALEZ,2026-04-27,CACG-008,73,ABIERTO,SI,59615,LAURA SOFIA LOPEZ CUNDUMI,CALI,GUACARI,LA MAGDALENA,NO
1.4,Toma de muestra elaboracion mapas de riesgo,60151,60151,60151,CODIGO,1.0,BUGALAGRANDE,CEILÁN,ASOCIACION DE USUARIOS DE LOS SERVICIOS PUBLICOS DEL CORREGIMIENTO DE CEILAN,ASOCIACION DE USUARIOS DE LOS SERVICIOS PUBLICOS DEL CORREGIMIENTO DE CEILAN,Aro Centro Tuluà,WILLIAM ALBERTO CARLOSAMA JIMENEZ,2026-04-06,WC06042026,146,ABIERTO,SI,60151,WILLIAM ALBERTO CARLOSAMA JIMENEZ,TULUA,BUGALAGRANDE,CEILÁN,SI
1.4,Toma de muestra elaboracion mapas de riesgo,115075,115075,115075,CODIGO,1.0,YOTOCO,EL BOSQUE,JUNTA ADMINISTRADORA ACUEDUCTO EL BOSQUE LIVERPOOL,JUNTA ADMINISTRADORA ACUEDUCTO EL BOSQUE LIVERPOOL,Aro Centro Tuluà,VICTOR HUGO TASCON TASCON,2026-06-09,0544,79,ABIERTO,SI,115075,VALERIA PATIÑO HERNANDEZ,TULUA,YOTOCO,EL BOSQUE,NO
1.4,Toma de muestra elaboracion mapas de riesgo,115075,115075,115075,CODIGO,1.0,YOTOCO,EL BOSQUE,JUNTA ADMINISTRADORA ACUEDUCTO EL BOSQUE LIVERPOOL,JUNTA ADMINISTRADORA ACUEDUCTO EL BOSQUE LIVERPOOL,Aro Centro Tuluà,NATALIA RAIGOSA MEDINA,2026-04-20,0537,66,ABIERTO,SI,115075,VALERIA PATIÑO HERNANDEZ,TULUA,YOTOCO,EL BOSQUE,NO
1.4,Toma de muestra elaboracion mapas de riesgo,115075,115075,115075,CODIGO,1.0,YOTOCO,EL BOSQUE,JUNTA ADMINISTRADORA ACUEDUCTO EL BOSQUE LIVERPOOL,JUNTA ADMINISTRADORA ACUEDUCTO EL BOSQUE LIVERPOOL,Aro Centro Tuluà,NATALIA RAIGOSA MEDINA,2026-04-20,0538,60,ABIERTO,SI,115075,VALERIA PATIÑO HERNANDEZ,TULUA,YOTOCO,EL BOSQUE,NO
1.4,Toma de muestra elaboracion mapas de riesgo,97410,97410,97410,CODIGO,1.0,ANSERMANUEVO,VEREDA LA ESPERANZA,ACUEDUCTO LA ESPERANZA,JUNTA DE ADMINISTRACION COMUNAL LA ESPERANZA,Aro Norte Cartago,EDWARD RAUL JAIMES VERA,2026-04-06,0012,58,ABIERTO,SI,97410,EDWARD RAUL JAIMES VERA,CARTAGO,ANSERMANUEVO,LA ESPERANZA,SI
1.4,Toma de muestra elaboracion mapas de riesgo,97410,97410,97410,CODIGO,1.0,ANSERMANUEVO,VEREDA LA ESPERANZA,ACUEDUCTO LA ESPERANZA,JUNTA DE ADMINISTRACION COMUNAL LA ESPERANZA,Aro Norte Cartago,EDWARD RAUL JAIMES VERA,2026-04-06,0011,57,ABIERTO,SI,97410,EDWARD RAUL JAIMES VERA,CARTAGO,ANSERMANUEVO,LA ESPERANZA,SI
1.4,Toma de muestra elaboracion mapas de riesgo,136356,136356,136356,CODIGO,1.0,YOTOCO,BUENOS AIRES ,ASOCIACION DE USUARIOS ACUEDUCTO BUENOS AIRES AJABA ,ASOCIACIÓN DE USUARIOS ACUEDUCTO BUENOS AIRES AJABA  ,Aro Centro Tuluà,NATALIA RAIGOSA MEDINA,2026-04-20,0534,68,ABIERTO,SI,136356,VALERIA PATIÑO HERNANDEZ,TULUA,YOTOCO,BUENOS AIRES,NO
