ID,ARO,MUNICIPIO,LOCALIDAD,CODIGO ANTERIOR,FUNCIONARIO,PERSONA_PRESTADORA
25,CARTAGO,EL DOVIO,MONTE AZUL,68462,ANA MILENA MENDEZ ARANA,ACUEDUTO RURAL MONTE AZUL - ACUAZAL
26,CARTAGO,EL DOVIO,EL DIAMANTE Sector El Filo,68866,ANA MILENA MENDEZ ARANA,ASOCIACION DE USUARIOS DEL ACUEDUCTO RURAL COMUNIDAD DE LA VEREDA DIAMANTE ALTO
38,CARTAGO,LA UNION,EL AJIZAL -TAMBORAL – LA CHICA – LA AGUADA,87883,ANA MILENA MENDEZ ARANA,
39,CARTAGO,LA VICTORIA,LA SIBERIA,97356,ANA MILENA MENDEZ ARANA,
40,CARTAGO,LA VICTORIA,MIRAVALLES,88298,ANA MILENA MENDEZ ARANA,ASOCIACION JUNTA ADMINISTRADORA DEL ACUEDUCTO RURAL DE MIRAVALLES-ACUAMIR
49,CARTAGO,ROLDANILLO,LA SOLEDAD,60383,ANA MILENA MENDEZ ARANA,ASOCIACION COMUNITARIA ADMINISTRADORA ACUEDUCTO LA SOLEDAD
59,CARTAGO,VERSALLES,LA BALSORA,15506,ANA MILENA MENDEZ ARANA,JUNTA ADMINISTRADORA ACUEDUCTO RURAL VEREDA LA BALSORA
8,TULUA,BOLIVAR,LA HERRADURA,59619,DIANA GIMENA MARTINEZ GONZALEZ,ASOCIACION DE USUARIOS DEL ACUEDUCTO LA HERRADURA ASOAHER
9,TULUA,BOLIVAR,EL BOSQUE,111988,DIANA GIMENA MARTINEZ GONZALEZ,ASOCIACION DE USUARIOS DEL ACUEDUCTO EL BOSQUE # 1
10,TULUA,BOLIVAR,LA TULIA,60116,DIANA GIMENA MARTINEZ GONZALEZ,ASOCIACION DE USUARIOS ACUEDUCTO LA TULIA
47,TULUA,RIOFRIO,CALABAZAS,61928,DIANA GIMENA MARTINEZ GONZALEZ,ASOCIACION DE USUARIOS DEL ACUEDUCTO DE LA VEREDA DE CALABAZAS
48,TULUA,RIOFRIO,LOS ALPES,66187,DIANA GIMENA MARTINEZ GONZALEZ,JUNTA ADMINISTRADORA DEL ACUEDUCTO DE USUARIO DE LA ZULIA ACUAZULIA LOS ALPES
54,TULUA,TRUJILLO,LA DIAMANTINA,65487,DIANA GIMENA MARTINEZ GONZALEZ,ASOCIACION DE USUARIOS DEL ACUEDUCTO DE ANDINAPOLIS - ARCA
55,TULUA,TRUJILLO,CEDRALES,62248,DIANA GIMENA MARTINEZ GONZALEZ,ASOCIACION DE USUARIOS DEL ACUEDUCTO RURAL COLECTIVO VEREDA CEDRALES ARCC
56,TULUA,TRUJILLO,ANDINÁPOLIS,61999,DIANA GIMENA MARTINEZ GONZALEZ,ASOCIACION DE USUARIOS DEL ACUEDUCTO DE ANDINAPOLIS - ARCA
65,TULUA,ZARZAL,GUASIMAL ALIZAL,122659,DIANA GIMENA MARTINEZ GONZALEZ,ASOCIACION DE USUARIOS DE SERVICIOS PUBLICOS DEL ACUEDUCTO GUASIMAL-ALIZAL -ASERPUGAZ.
31,CALI,GINEBRA,LOS MEDIOS,67724,DIEGO ANDRES SANCHEZ MUÑOZ,
32,CALI,GINEBRA,LA FLORESTA,6844,DIEGO ANDRES SANCHEZ MUÑOZ,
33,CALI,GINEBRA,PARCELACION PARAISO ESCONDIDO,,DIEGO ANDRES SANCHEZ MUÑOZ,PARCELACION PARAISO ESCONDIDO
18,CALI,DAGUA,BORRERO AYERBE (KM 26),28230,DIEGO FERNANDO HOYOS TABORDA,
19,CALI,DAGUA,CHIPRE,46017,DIEGO FERNANDO HOYOS TABORDA,
20,CALI,DAGUA,LAS DELICIAS,34631,DIEGO FERNANDO HOYOS TABORDA,
23,CALI,DAGUA,"LA MARÍA 430 (LA CUMBRE), EL PIÑAL 665 (DAGUA).",37556,DIEGO FERNANDO HOYOS TABORDA,
73,CALI,PRADERA,RIO PAILA CASTILLA,,DIEGO FERNANDO HOYOS TABORDA,RIO PAILA CASTILLA
30,CALI,FLORIDA,EL PEDREGAL 1,36852,DIEGO FERNANDO MARMOLEJO CAMACHO,
43,CALI,PRADERA,POTRERITO,34629,DIEGO FERNANDO MARMOLEJO CAMACHO,
44,CALI,PRADERA,EL RECREO,33117,DIEGO FERNANDO MARMOLEJO CAMACHO,
67,CALI,FLORIDA,ACUAVALLE FLORIDA (Prioritaria),36332,DIEGO FERNANDO MARMOLEJO CAMACHO,
68,CALI,PRADERA,ACUAVALLE PRADERA,30210,DIEGO FERNANDO MARMOLEJO CAMACHO,
60,CALI,VIJES,MONTERREY ALTOS DE LA FRESNEDA JACA 13,135187,DIEGO ANDRES SANCHEZ MUÑOZ,
61,CALI,VIJES,VIDAL,33506,DIEGO ANDRES SANCHEZ MUÑOZ,
70,CALI,GINEBRA,ACUAVALLE GINEBRA,70675,DIEGO ANDRES SANCHEZ MUÑOZ,
5,CARTAGO,ANSERMANUEVO,LA ESPERANZA,97410,EDWARD RAUL JAIMES VERA,JUNTA DE ADMINISTRACION COMUNAL LA ESPERANZA
6,CARTAGO,ARGELIA,ACUEDUCTO RURAL VEREDA LA MARINA,25332,EDWARD RAUL JAIMES VERA,ACUEDUCTO RURAL VEREDA LA MARINA
7,CARTAGO,ARGELIA,"LAS BRISAS, EL RAIZAL, LA AURORA, CAJONES, LA PAZ",91938,EDWARD RAUL JAIMES VERA,COOPERATIVA SAN ROQUE LAS BRISAS RAIZAL LA AURORA -SISTEMA # 2
21,CARTAGO,EL AGUILA,EL NARANJO,144306,EDWARD RAUL JAIMES VERA,ASOCIACIÓN DE USUARIOS ACUEDUCTO EL NARANJO
22,CARTAGO,EL CAIRO,SALMELIA,114537,EDWARD RAUL JAIMES VERA,
24,CALI,EL CERRITO,REGADEROS ALBECIA - CORREGIMIENTO AUJI,152043,LAURA SOFIA LOPEZ CUNDUMI,
27,CALI,EL CERRITO,EL CARRIZAL,34209,LAURA SOFIA LOPEZ CUNDUMI,
28,CALI,EL CERRITO,CAMPOALEGRE,41579,LAURA SOFIA LOPEZ CUNDUMI,
29,CALI,EL CERRITO,PARCELACIÓN VENECIA ETAPAS 1-2-3 Y 4,,LAURA SOFIA LOPEZ CUNDUMI,PARCELACIÓN VENECIA ETAPAS 1-2-3 Y 4
34,CALI,GUACARÍ,PUENTE ROJO,59620,LAURA SOFIA LOPEZ CUNDUMI,ASOCIACION ADMINISTRADORA DEL ACUEDUCTO RURAL COMUNITARIO DEL CORREGIMIENTO DE PUENTE ROJO ACUASALUD PUENTE ROJO - ACUAPUERO
35,CALI,GUACARÍ,LA MAGDALENA,59615,LAURA SOFIA LOPEZ CUNDUMI,
69,CALI,EL CERRITO,ACUAVALLE EL CERRITO,36321,LAURA SOFIA LOPEZ CUNDUMI,
36,CALI,LA CUMBRE,BITACO - ZONA DE ALTO RIESGO,32188,MAURICIO ALZATE DIAZ,
37,CALI,LA CUMBRE,SAN JOSÉ Y AGUA CLARA,43206,MAURICIO ALZATE DIAZ,
66,CALI,LA CUMBRE,ACUAVALLE LA CUMBRE (Prioritaria),31843,MAURICIO ALZATE DIAZ,
1,CARTAGO,ALCALA,(S1) CONGAL - MARAVELEZ PARTE ALTA,115502,SAIR HAIRTON IBARGUEN RENTERIA,COOPERATIVA MARAVELEZ ALCALA ESP (SISTEMA #1)
2,CARTAGO,ALCALA,(S5) HIGUERON-LA UNION-SAN FELIPE-LA ESTRELLA,110576,SAIR HAIRTON IBARGUEN RENTERIA,COOPERATIVA MARAVELEZ ALCALA ESP - SISTEMA # 5
4,CARTAGO,ANSERMANUEVO,LA CABAÑA.,80702,SAIR HAIRTON IBARGUEN RENTERIA,ASOCIACION GESTORA COMUNITARIA DEL AGUA DEL CORREGIMIENTO LA CABAÑA
41,CARTAGO,OBANDO,VILLA RODAS 2,14638,SAIR HAIRTON IBARGUEN RENTERIA,ASOCIACION DE USUARIOS DEL ACUEDUCTO Y ALCANTARILLADO DE VILLA RODAS # 2
42,CARTAGO,OBANDO,VILLARODAS 1,88218,SAIR HAIRTON IBARGUEN RENTERIA,ASOCIACION DE USUARIOS DEL ACUEDUCTO Y ALCANTARILLADO DE VILLA RODAS # 1
53,CARTAGO,TORO,LA QUIEBRA,88219,SAIR HAIRTON IBARGUEN RENTERIA,ACUEDUCTO RURAL VEREDA LA QUIEBRA
57,CARTAGO,ULLOA,ACUAVALLE ULLOA,86250,SAIR HAIRTON IBARGUEN RENTERIA,ACUAVALLE S.A. E.S.P. SUCURSAL ULLOA.
58,CARTAGO,ULLOA,SISTEMA # 2 - BERLIN,15191,SAIR HAIRTON IBARGUEN RENTERIA,ADMINISTRACION COOPERATIVA ULLOA E.S.P - SISTEMA #2 BERLIN - MOCTEZUMA
16,TULUA,CALIMA,LA PRIMAVERA,59613,VALERIA PATIÑO HERNANDEZ,
17,TULUA,CALIMA,LA GAVIOTA BAJO,122665,VALERIA PATIÑO HERNANDEZ,
45,TULUA,RESTREPO,ACUAPALTRES,112090,VALERIA PATIÑO HERNANDEZ,ACUAPALTRES ASOCIACION DE USUARIOS DEL ACUEDUCTO TRES PUERTAS
46,TULUA,RESTREPO,ALTO DEL OSO LA ESPERANZA,116231,VALERIA PATIÑO HERNANDEZ,ACUEDUCTO ALTO DEL OSO - LA ESPERANZA
50,TULUA,SAN PEDRO,MONTERREDONDO,58644,VALERIA PATIÑO HERNANDEZ,ASOCIACION DE USUARIOS DEL ACUEDUCTO MONTERREDONDO ESP
62,TULUA,YOTOCO,LA BOHEMIA - CORREGIMIENTO PUENTE TIERRA,108425,VALERIA PATIÑO HERNANDEZ,JUNTA DE ACUEDUCTO PUENTE TIERRA - LA BOHEMIA
63,TULUA,YOTOCO,EL BOSQUE,115075,VALERIA PATIÑO HERNANDEZ,JUNTA ADMINISTRADORA ACUEDUCTO EL BOSQUE LIVERPOOL
64,TULUA,YOTOCO,BUENOS AIRES,136356,VALERIA PATIÑO HERNANDEZ,ASOCIACIÓN DE USUARIOS ACUEDUCTO BUENOS AIRES AJABA
71,TULUA,YOTOCO,EL SOBACO,151783,VALERIA PATIÑO HERNANDEZ,ACUEDUCTO RURAL EL SOBACO
72,TULUA,CALIMA,PARCELACION AGUA DULCE,,VALERIA PATIÑO HERNANDEZ,PARCELACION AGUA DULCE
74,TULUA,RIOFRIO,FENICIA,58606,VALERIA PATIÑO HERNANDEZ,ACUEDUCTO RURAL FENICIA ACUAFENICIA
3,TULUA,ANDALUCÍA,PARDO ALTO,64871,WILLIAM ALBERTO CARLOSAMA JIMENEZ,ACUEDUCTO RURAL PARDO ALTO
11,TULUA,BUGALAGRANDE,CEILÁN,60151,WILLIAM ALBERTO CARLOSAMA JIMENEZ,ASOCIACION DE USUARIOS DE LOS SERVICIOS PUBLICOS DEL CORREGIMIENTO DE CEILAN
12,TULUA,BUGALAGRANDE,EL PORVENIR,124804,WILLIAM ALBERTO CARLOSAMA JIMENEZ,ASOCIACION DE USUARIOS DEL ACUEDUCTO RURAL COMUNITARIO DE LAS VEREDAS CHICORAL Y EL PORVENIR - ASUACHIJAPOR - EL PORVENIR
13,TULUA,CAICEDONIA,EL SALADO,127559,WILLIAM ALBERTO CARLOSAMA JIMENEZ,ASOCIACION DE USUARIOS DEL ACUEDUCTO RURAL PALOGRANDE EL SALADO
14,TULUA,CAICEDONIA,LAS DELICIAS,58636,WILLIAM ALBERTO CARLOSAMA JIMENEZ,
15,TULUA,CAICEDONIA,SAN GERARDO,113622,WILLIAM ALBERTO CARLOSAMA JIMENEZ,ASOCIACION DE USUARIOS DEL ACUEDUCTO DE LA VEREDA SAN GERARDO DE CAICEDONIA
51,TULUA,SEVILLA,EL VENADO,58792,WILLIAM ALBERTO CARLOSAMA JIMENEZ,
52,TULUA,SEVILLA,ALTO RECREO,115587,WILLIAM ALBERTO CARLOSAMA JIMENEZ,
