codigo_dane_fuente,municipio,aro_uesvalle,servicio,averiado_raw,averiado_estado,destruido_raw,destruido_estado,uso_restringido_raw,uso_restringido_estado,fuera_servicio_raw,fuera_servicio_estado,familias_sin_servicio,personas_sin_servicio,descripcion_afectacion,perspectiva_recuperacion,estado_informacion_afectacion,recuperacion_clasificada,afectacion_identificada,dependencia_energia,sara_brut,carrotanque,ptap,ptar,red_tuberia_aduccion,calidad_registro,fila_fuente,columnas_fuente
76001,Santiago de Cali,ARO Sur - Cali,Acueducto,,SIN MARCA,,SIN MARCA,,SIN MARCA,,SIN MARCA,,,,,SIN DATO,SIN DATO,0,0,0,0,0,0,0,,5,FQ-FX
76001,Santiago de Cali,ARO Sur - Cali,Alcantarillado,,SIN MARCA,,SIN MARCA,,SIN MARCA,,SIN MARCA,,,,,SIN DATO,SIN DATO,0,0,0,0,0,0,0,,5,FY-GF
76001,Santiago de Cali,ARO Sur - Cali,Saneamiento básico,,SIN MARCA,,SIN MARCA,,SIN MARCA,,SIN MARCA,,,,,SIN DATO,SIN DATO,0,0,0,0,0,0,0,,5,GG-GN
76001,Santiago de Cali,ARO Sur - Cali,Recolección de basuras,,SIN MARCA,,SIN MARCA,,SIN MARCA,,SIN MARCA,,,,,SIN DATO,SIN DATO,0,0,0,0,0,0,0,,5,GO-GV
76001,Santiago de Cali,ARO Sur - Cali,Energía eléctrica,,SIN MARCA,,SIN MARCA,,SIN MARCA,,SIN MARCA,,,,,SIN DATO,SIN DATO,0,0,0,0,0,0,0,,5,GW-HD
76001,Santiago de Cali,ARO Sur - Cali,Gas,,SIN MARCA,,SIN MARCA,,SIN MARCA,,SIN MARCA,,,,,SIN DATO,SIN DATO,0,0,0,0,0,0,0,,5,HE-HL
76020,Alcalá,ARO Norte - Cartago,Acueducto,,SIN MARCA,,SIN MARCA,,SIN MARCA,,SIN MARCA,0,0,"Se realiza contacto, no se tiene información de afectaciones hasta el momento ","Se realiza contacto, no se tiene información de afectaciones hasta el momento ",SIN INFORMACIÓN / EN VERIFICACIÓN,SIN INFORMACIÓN / EN VERIFICACIÓN,0,0,0,0,0,0,0,,6,FQ-FX
76020,Alcalá,ARO Norte - Cartago,Alcantarillado,,SIN MARCA,,SIN MARCA,,SIN MARCA,,SIN MARCA,,,"Se realiza contacto, no se tiene información de afectaciones hasta el momento ","Se realiza contacto, no se tiene información de afectaciones hasta el momento ",SIN INFORMACIÓN / EN VERIFICACIÓN,SIN INFORMACIÓN / EN VERIFICACIÓN,0,0,0,0,0,0,0,,6,FY-GF
76020,Alcalá,ARO Norte - Cartago,Saneamiento básico,,SIN MARCA,,SIN MARCA,,SIN MARCA,,SIN MARCA,,,Sin informacion,Sin informacion,SIN INFORMACIÓN / EN VERIFICACIÓN,SIN INFORMACIÓN / EN VERIFICACIÓN,0,0,0,0,0,0,0,,6,GG-GN
76020,Alcalá,ARO Norte - Cartago,Recolección de basuras,,SIN MARCA,,SIN MARCA,,SIN MARCA,,SIN MARCA,,,"Se realiza contacto, no se tiene información de afectaciones hasta el momento ","Se realiza contacto, no se tiene información de afectaciones hasta el momento ",SIN INFORMACIÓN / EN VERIFICACIÓN,SIN INFORMACIÓN / EN VERIFICACIÓN,0,0,0,0,0,0,0,,6,GO-GV
76020,Alcalá,ARO Norte - Cartago,Energía eléctrica,,SIN MARCA,,SIN MARCA,,SIN MARCA,,SIN MARCA,,,Sin informacion,Sin informacion,SIN INFORMACIÓN / EN VERIFICACIÓN,SIN INFORMACIÓN / EN VERIFICACIÓN,0,0,0,0,0,0,0,,6,GW-HD
76020,Alcalá,ARO Norte - Cartago,Gas,,SIN MARCA,,SIN MARCA,,SIN MARCA,,SIN MARCA,,,Sin informacion,Sin informacion,SIN INFORMACIÓN / EN VERIFICACIÓN,SIN INFORMACIÓN / EN VERIFICACIÓN,0,0,0,0,0,0,0,,6,HE-HL
76036,Andalucía,ARO Centro - Tuluá,Acueducto,,SIN MARCA,,SIN MARCA,,SIN MARCA,,SIN MARCA,0,0,"Se presentaron daños menores en algunas estructuras y se registró la interrupción del servicio de abastecimiento de agua en la zona urbana, debido a la falta de suministro de energía eléctrica.","Hoy 11/08/2026 el sistema se encuentra operando con normalidad, sin afectaciones en la infraestructura. ",REPORTADO,RESTABLECIDO / NORMAL,1,1,0,0,0,0,0,,7,FQ-FX
76036,Andalucía,ARO Centro - Tuluá,Alcantarillado,,SIN MARCA,,SIN MARCA,,SIN MARCA,,SIN MARCA,,,"Se realiza contacto, no se tiene información de afectaciones hasta el momento ","Se realiza contacto, no se tiene información de afectaciones hasta el momento ",SIN INFORMACIÓN / EN VERIFICACIÓN,SIN INFORMACIÓN / EN VERIFICACIÓN,0,0,0,0,0,0,0,,7,FY-GF
76036,Andalucía,ARO Centro - Tuluá,Saneamiento básico,,SIN MARCA,,SIN MARCA,,SIN MARCA,,SIN MARCA,,,Sin información,Sin información,SIN INFORMACIÓN / EN VERIFICACIÓN,SIN INFORMACIÓN / EN VERIFICACIÓN,0,0,0,0,0,0,0,,7,GG-GN
76036,Andalucía,ARO Centro - Tuluá,Recolección de basuras,,SIN MARCA,,SIN MARCA,,SIN MARCA,,SIN MARCA,,,"Se realiza contacto, no se tiene información de afectaciones hasta el momento ","Se realiza contacto, no se tiene información de afectaciones hasta el momento ",SIN INFORMACIÓN / EN VERIFICACIÓN,SIN INFORMACIÓN / EN VERIFICACIÓN,0,0,0,0,0,0,0,,7,GO-GV
76036,Andalucía,ARO Centro - Tuluá,Energía eléctrica,,SIN MARCA,,SIN MARCA,,SIN MARCA,,SIN MARCA,,,Sin información,Sin información,SIN INFORMACIÓN / EN VERIFICACIÓN,SIN INFORMACIÓN / EN VERIFICACIÓN,0,0,0,0,0,0,0,,7,GW-HD
76036,Andalucía,ARO Centro - Tuluá,Gas,,SIN MARCA,,SIN MARCA,,SIN MARCA,,SIN MARCA,,,Sin información,Sin información,SIN INFORMACIÓN / EN VERIFICACIÓN,SIN INFORMACIÓN / EN VERIFICACIÓN,0,0,0,0,0,0,0,,7,HE-HL
76041,Ansermanuevo,ARO Norte - Cartago,Acueducto,X,MARCADO,,SIN MARCA,,SIN MARCA,,SIN MARCA,0,0,"PTAP urbana, con daños significativos en edificacion que alberga a operarios, pero sin afectaciones al personal y al suministro del servicio de acueducto",Sin información,REPORTADO,SIN INFORMACIÓN / EN VERIFICACIÓN,1,0,0,0,1,0,0,,8,FQ-FX
76041,Ansermanuevo,ARO Norte - Cartago,Alcantarillado,,SIN MARCA,,SIN MARCA,,SIN MARCA,,SIN MARCA,,,"Se realiza contacto, no se tiene información de afectaciones hasta el momento ","Se realiza contacto, no se tiene información de afectaciones hasta el momento ",SIN INFORMACIÓN / EN VERIFICACIÓN,SIN INFORMACIÓN / EN VERIFICACIÓN,0,0,0,0,0,0,0,,8,FY-GF
76041,Ansermanuevo,ARO Norte - Cartago,Saneamiento básico,,SIN MARCA,,SIN MARCA,,SIN MARCA,,SIN MARCA,,,"La PTAP de Acuavalle continúa prestando el servicio de acueducto sin afectaciones reportadas en el suministro. Se recomienda realizar seguimiento a los daños presentados en la infraestructura de la planta, especialmente en la edificación destinada a los operarios, con el fin de garantizar condiciones adecuadas de seguridad y operación.
",Sin informacion,SIN INFORMACIÓN / EN VERIFICACIÓN,SIN INFORMACIÓN / EN VERIFICACIÓN,0,0,0,0,1,0,0,,8,GG-GN
76041,Ansermanuevo,ARO Norte - Cartago,Recolección de basuras,,SIN MARCA,,SIN MARCA,,SIN MARCA,,SIN MARCA,,,"Se realiza contacto, no se tiene información de afectaciones hasta el momento ","Se realiza contacto, no se tiene información de afectaciones hasta el momento ",SIN INFORMACIÓN / EN VERIFICACIÓN,SIN INFORMACIÓN / EN VERIFICACIÓN,0,0,0,0,0,0,0,,8,GO-GV
76041,Ansermanuevo,ARO Norte - Cartago,Energía eléctrica,,SIN MARCA,,SIN MARCA,,SIN MARCA,,SIN MARCA,,,Sin informacion,Sin informacion,SIN INFORMACIÓN / EN VERIFICACIÓN,SIN INFORMACIÓN / EN VERIFICACIÓN,0,0,0,0,0,0,0,,8,GW-HD
76041,Ansermanuevo,ARO Norte - Cartago,Gas,,SIN MARCA,,SIN MARCA,,SIN MARCA,,SIN MARCA,,,Sin informacion,Sin informacion,SIN INFORMACIÓN / EN VERIFICACIÓN,SIN INFORMACIÓN / EN VERIFICACIÓN,0,0,0,0,0,0,0,,8,HE-HL
76054,Argelia,ARO Norte - Cartago,Acueducto,,SIN MARCA,,SIN MARCA,,SIN MARCA,,SIN MARCA,0,0,"Se realiza contacto, no se tiene información de afectaciones hasta el momento ","Se realiza contacto, no se tiene información de afectaciones hasta el momento ",SIN INFORMACIÓN / EN VERIFICACIÓN,SIN INFORMACIÓN / EN VERIFICACIÓN,0,0,0,0,0,0,0,,9,FQ-FX
76054,Argelia,ARO Norte - Cartago,Alcantarillado,,SIN MARCA,,SIN MARCA,,SIN MARCA,,SIN MARCA,,,"Se realiza contacto, no se tiene información de afectaciones hasta el momento ","Se realiza contacto, no se tiene información de afectaciones hasta el momento ",SIN INFORMACIÓN / EN VERIFICACIÓN,SIN INFORMACIÓN / EN VERIFICACIÓN,0,0,0,0,0,0,0,,9,FY-GF
76054,Argelia,ARO Norte - Cartago,Saneamiento básico,,SIN MARCA,,SIN MARCA,,SIN MARCA,,SIN MARCA,,,,,SIN DATO,SIN DATO,0,0,0,0,0,0,0,,9,GG-GN
76054,Argelia,ARO Norte - Cartago,Recolección de basuras,,SIN MARCA,,SIN MARCA,,SIN MARCA,,SIN MARCA,,,"Se realiza contacto, no se tiene información de afectaciones hasta el momento ","Se realiza contacto, no se tiene información de afectaciones hasta el momento ",SIN INFORMACIÓN / EN VERIFICACIÓN,SIN INFORMACIÓN / EN VERIFICACIÓN,0,0,0,0,0,0,0,,9,GO-GV
76054,Argelia,ARO Norte - Cartago,Energía eléctrica,,SIN MARCA,,SIN MARCA,,SIN MARCA,,SIN MARCA,,,,,SIN DATO,SIN DATO,0,0,0,0,0,0,0,,9,GW-HD
76054,Argelia,ARO Norte - Cartago,Gas,,SIN MARCA,,SIN MARCA,,SIN MARCA,,SIN MARCA,,,,,SIN DATO,SIN DATO,0,0,0,0,0,0,0,,9,HE-HL
76100,Bolívar,ARO Centro - Tuluá,Acueducto,,SIN MARCA,,SIN MARCA,X,MARCADO,,SIN MARCA,,,"Por daños en Sara BRUT a la planta solo ingresan 19 L/s dificultando el acceso al servicio, el cual de momento es intermiitente ",Se estima que mañana en la noche entre en normal funcionamiento,REPORTADO,OTRA / REVISAR,1,0,1,0,0,0,0,,10,FQ-FX
76100,Bolívar,ARO Centro - Tuluá,Alcantarillado,,SIN MARCA,,SIN MARCA,,SIN MARCA,,SIN MARCA,,,"Se realiza contacto, no se tiene información de afectaciones hasta el momento ","Se realiza contacto, no se tiene información de afectaciones hasta el momento ",SIN INFORMACIÓN / EN VERIFICACIÓN,SIN INFORMACIÓN / EN VERIFICACIÓN,0,0,0,0,0,0,0,,10,FY-GF
76100,Bolívar,ARO Centro - Tuluá,Saneamiento básico,,SIN MARCA,,SIN MARCA,,SIN MARCA,,SIN MARCA,,,Afectaciones en infraestructura habitacional. diicultades en prestación de servicios públicos. Ausencia o intermitencia del suministro de agua potable,,REPORTADO,SIN DATO,1,0,0,0,0,0,0,,10,GG-GN
76100,Bolívar,ARO Centro - Tuluá,Recolección de basuras,,SIN MARCA,,SIN MARCA,,SIN MARCA,,SIN MARCA,,,"Se realiza contacto, no se tiene información de afectaciones hasta el momento ","Se realiza contacto, no se tiene información de afectaciones hasta el momento ",SIN INFORMACIÓN / EN VERIFICACIÓN,SIN INFORMACIÓN / EN VERIFICACIÓN,0,0,0,0,0,0,0,,10,GO-GV
76100,Bolívar,ARO Centro - Tuluá,Energía eléctrica,,SIN MARCA,,SIN MARCA,,SIN MARCA,,SIN MARCA,,,,,SIN DATO,SIN DATO,0,0,0,0,0,0,0,,10,GW-HD
76100,Bolívar,ARO Centro - Tuluá,Gas,,SIN MARCA,,SIN MARCA,,SIN MARCA,,SIN MARCA,,,,,SIN DATO,SIN DATO,0,0,0,0,0,0,0,,10,HE-HL
76109,Buenaventura,ARO Sur - Cali,Acueducto,,SIN MARCA,,SIN MARCA,,SIN MARCA,,SIN MARCA,,,"Se realiza contacto, no se tiene información de afectaciones hasta el momento ","Se realiza contacto, no se tiene información de afectaciones hasta el momento ",SIN INFORMACIÓN / EN VERIFICACIÓN,SIN INFORMACIÓN / EN VERIFICACIÓN,0,0,0,0,0,0,0,,11,FQ-FX
76109,Buenaventura,ARO Sur - Cali,Alcantarillado,,SIN MARCA,,SIN MARCA,,SIN MARCA,,SIN MARCA,,,"Se realiza contacto, no se tiene información de afectaciones hasta el momento ","Se realiza contacto, no se tiene información de afectaciones hasta el momento ",SIN INFORMACIÓN / EN VERIFICACIÓN,SIN INFORMACIÓN / EN VERIFICACIÓN,0,0,0,0,0,0,0,,11,FY-GF
76109,Buenaventura,ARO Sur - Cali,Saneamiento básico,,SIN MARCA,,SIN MARCA,,SIN MARCA,,SIN MARCA,,,,,SIN DATO,SIN DATO,0,0,0,0,0,0,0,,11,GG-GN
76109,Buenaventura,ARO Sur - Cali,Recolección de basuras,,SIN MARCA,,SIN MARCA,,SIN MARCA,,SIN MARCA,,,"Se realiza contacto, no se tiene información de afectaciones hasta el momento ","Se realiza contacto, no se tiene información de afectaciones hasta el momento ",SIN INFORMACIÓN / EN VERIFICACIÓN,SIN INFORMACIÓN / EN VERIFICACIÓN,0,0,0,0,0,0,0,,11,GO-GV
76109,Buenaventura,ARO Sur - Cali,Energía eléctrica,,SIN MARCA,,SIN MARCA,X,MARCADO,,SIN MARCA,,,,"Se reestableció 11 de agosto.
Algunos barrios persiste",REPORTADO,OTRA / REVISAR,1,0,0,0,0,0,0,,11,GW-HD
76109,Buenaventura,ARO Sur - Cali,Gas,,SIN MARCA,,SIN MARCA,,SIN MARCA,,SIN MARCA,,,,Vehículo que envíe gas,REPORTADO,OTRA / REVISAR,1,0,0,0,0,0,0,,11,HE-HL
76111,Guadalajara de Buga,ARO Centro - Tuluá,Acueducto,X,MARCADO,,SIN MARCA,,SIN MARCA,,SIN MARCA,,,"Se realiza contacto, no se tiene información de afectaciones hasta el momento ","Se realiza contacto, no se tiene información de afectaciones hasta el momento ",REPORTADO,SIN INFORMACIÓN / EN VERIFICACIÓN,1,0,0,0,0,0,0,,12,FQ-FX
76111,Guadalajara de Buga,ARO Centro - Tuluá,Alcantarillado,,SIN MARCA,,SIN MARCA,,SIN MARCA,,SIN MARCA,,,"EN ZONAS URBANAS:
* CANAL DE ADUCCIÓN GRIETAS EN DOS PUNTOS
* INESTABILIDAD TALUD VIADUCTO SUR
* DAÑO TECHO ALMACÉN SEDE TANQUES ANTIGUOS 
*  INESTABILIDAD TALUD VIADUCTO AGUA CRUDA 
(BRISAS)
* FISURAS EN TANQUES DE ALMACENAMIENTO DE AGUA 
POTABLE

ZONAS RURALES:
*TANQUE ALMACENAMIENTO CHAMBIMBAL (SAN 
ANTONIO) PENDIENTE VISITA SEC OBRAS
*  FISURA MURO DE CONTENCIÓN CANAL DE 
ADUCCIÓN (CERCA A VILLA DEL RÍO)",,REPORTADO,SIN DATO,1,0,0,0,0,0,1,,12,FY-GF
76111,Guadalajara de Buga,ARO Centro - Tuluá,Saneamiento básico,,SIN MARCA,,SIN MARCA,,SIN MARCA,,SIN MARCA,,,,,SIN DATO,SIN DATO,0,0,0,0,0,0,0,,12,GG-GN
76111,Guadalajara de Buga,ARO Centro - Tuluá,Recolección de basuras,,SIN MARCA,,SIN MARCA,,SIN MARCA,,SIN MARCA,,,"Se realiza contacto, no se tiene información de afectaciones hasta el momento ","Se realiza contacto, no se tiene información de afectaciones hasta el momento ",SIN INFORMACIÓN / EN VERIFICACIÓN,SIN INFORMACIÓN / EN VERIFICACIÓN,0,0,0,0,0,0,0,,12,GO-GV
76111,Guadalajara de Buga,ARO Centro - Tuluá,Energía eléctrica,,SIN MARCA,,SIN MARCA,,SIN MARCA,,SIN MARCA,,,,,SIN DATO,SIN DATO,0,0,0,0,0,0,0,,12,GW-HD
76111,Guadalajara de Buga,ARO Centro - Tuluá,Gas,,SIN MARCA,,SIN MARCA,,SIN MARCA,,SIN MARCA,,,,,SIN DATO,SIN DATO,0,0,0,0,0,0,0,,12,HE-HL
76113,Bugalagrande,ARO Centro - Tuluá,Acueducto,X,MARCADO,,SIN MARCA,,SIN MARCA,,SIN MARCA,0,0,"URBANO: Se presentaron daños menores en algunas estructuras y se registró la interrupción del servicio de abastecimiento de agua en la zona urbana, debido a la falta de suministro de energía eléctrica. 

RURAL: 
Acueducto Ceilan, reporta operación normal. Sin afectación en infraestructura.
Acueductos El Guayabo y San Antonio, no reportan daños en infraestructura. Suspensión temporal por fluido eléctrico. 
Acueducto Mestizal. Se presentó afectación de la infraestructura de soporte del tanque. Por lo cual no hay servicio continuo. Al parecer las afectaciones comprometen la estabilidad de la estructura. ","URBANO: Hoy 11/08/2026 el sistema se encuentra operando con normalidad, sin afectaciones en la infraestructura.

RURAL: Hoy 11/08/2026 los acueductos de El Guayabo y San Antonio, se restableció el servicio.
En el acueducto Mestizal, se está prestando servicio durante 1 hora al día. Sin generar peso al tanque.",REPORTADO,RESTABLECIDO / NORMAL,1,1,0,0,0,0,0,,13,FQ-FX
76113,Bugalagrande,ARO Centro - Tuluá,Alcantarillado,,SIN MARCA,,SIN MARCA,,SIN MARCA,,SIN MARCA,,,"Se realiza contacto, no se tiene información de afectaciones hasta el momento ","Se realiza contacto, no se tiene información de afectaciones hasta el momento ",SIN INFORMACIÓN / EN VERIFICACIÓN,SIN INFORMACIÓN / EN VERIFICACIÓN,0,0,0,0,0,0,0,,13,FY-GF
76113,Bugalagrande,ARO Centro - Tuluá,Saneamiento básico,,SIN MARCA,,SIN MARCA,,SIN MARCA,,SIN MARCA,,,,,SIN DATO,SIN DATO,0,0,0,0,0,0,0,,13,GG-GN
76113,Bugalagrande,ARO Centro - Tuluá,Recolección de basuras,,SIN MARCA,,SIN MARCA,,SIN MARCA,,SIN MARCA,,,"Se realiza contacto, no se tiene información de afectaciones hasta el momento ","Se realiza contacto, no se tiene información de afectaciones hasta el momento ",SIN INFORMACIÓN / EN VERIFICACIÓN,SIN INFORMACIÓN / EN VERIFICACIÓN,0,0,0,0,0,0,0,,13,GO-GV
76113,Bugalagrande,ARO Centro - Tuluá,Energía eléctrica,X,MARCADO,,SIN MARCA,,SIN MARCA,,SIN MARCA,,,sin fluido electrico desde ayer en el barrio pablo sexto,,REPORTADO,SIN DATO,1,1,0,0,0,0,0,,13,GW-HD
76113,Bugalagrande,ARO Centro - Tuluá,Gas,,SIN MARCA,,SIN MARCA,,SIN MARCA,,SIN MARCA,,,,,SIN DATO,SIN DATO,0,0,0,0,0,0,0,,13,HE-HL
76122,Caicedonia,ARO Centro - Tuluá,Acueducto,X,MARCADO,,SIN MARCA,,SIN MARCA,,SIN MARCA,0,0,FUNCIONAN INTERMITENTES POR QUE NO HAY FLUIDO ELECTRICO ,,REPORTADO,SIN DATO,1,1,0,0,0,0,0,,14,FQ-FX
76122,Caicedonia,ARO Centro - Tuluá,Alcantarillado,,SIN MARCA,,SIN MARCA,,SIN MARCA,,SIN MARCA,,,"Se realiza contacto, no se tiene información de afectaciones hasta el momento ","Se realiza contacto, no se tiene información de afectaciones hasta el momento ",SIN INFORMACIÓN / EN VERIFICACIÓN,SIN INFORMACIÓN / EN VERIFICACIÓN,0,0,0,0,0,0,0,,14,FY-GF
76122,Caicedonia,ARO Centro - Tuluá,Saneamiento básico,,SIN MARCA,,SIN MARCA,,SIN MARCA,,SIN MARCA,,,,,SIN DATO,SIN DATO,0,0,0,0,0,0,0,,14,GG-GN
76122,Caicedonia,ARO Centro - Tuluá,Recolección de basuras,,SIN MARCA,,SIN MARCA,X,MARCADO,,SIN MARCA,,,"se está realizando la recolección de basuras pero la vía para la deposición  final ubicada en el departamento del Quindio está cerrada por daños en puente
",,REPORTADO,SIN DATO,1,0,0,0,0,0,0,,14,GO-GV
76122,Caicedonia,ARO Centro - Tuluá,Energía eléctrica,X,MARCADO,,SIN MARCA,,SIN MARCA,X,MARCADO,5000,29000,Afectaciones en postes y cableado eléctrico.,,REPORTADO,SIN DATO,1,1,0,0,0,0,0,,14,GW-HD
76122,Caicedonia,ARO Centro - Tuluá,Gas,,SIN MARCA,,SIN MARCA,,SIN MARCA,,SIN MARCA,,,,,SIN DATO,SIN DATO,0,0,0,0,0,0,0,,14,HE-HL
76126,Calima (El Darién),ARO Centro - Tuluá,Acueducto,,SIN MARCA,,SIN MARCA,,SIN MARCA,,SIN MARCA,0,0,funcionando,,REPORTADO,SIN DATO,1,0,0,0,0,0,0,,15,FQ-FX
76126,Calima (El Darién),ARO Centro - Tuluá,Alcantarillado,,SIN MARCA,,SIN MARCA,,SIN MARCA,,SIN MARCA,,,"Se realiza contacto, no se tiene información de afectaciones hasta el momento ","Se realiza contacto, no se tiene información de afectaciones hasta el momento ",SIN INFORMACIÓN / EN VERIFICACIÓN,SIN INFORMACIÓN / EN VERIFICACIÓN,0,0,0,0,0,0,0,,15,FY-GF
76126,Calima (El Darién),ARO Centro - Tuluá,Saneamiento básico,,SIN MARCA,,SIN MARCA,,SIN MARCA,,SIN MARCA,,,"El albergue cuenta con acceso a agua para consumo humano. Se reportan afectaciones en la PTAR del municipio, por lo que se requiere realizar seguimiento a su estado y funcionamiento, así como verificar las condiciones de manejo y disposición de aguas residuales. Se recomienda mantener vigilancia sobre las condiciones sanitarias del albergue y garantizar la continuidad del suministro de agua para las personas alojadas.

",,REPORTADO,SIN DATO,1,0,0,0,0,1,0,,15,GG-GN
76126,Calima (El Darién),ARO Centro - Tuluá,Recolección de basuras,,SIN MARCA,,SIN MARCA,,SIN MARCA,,SIN MARCA,,,funcionando,,REPORTADO,SIN DATO,1,0,0,0,0,0,0,,15,GO-GV
76126,Calima (El Darién),ARO Centro - Tuluá,Energía eléctrica,,SIN MARCA,,SIN MARCA,,SIN MARCA,X,MARCADO,,,,,REPORTADO,SIN DATO,1,0,0,0,0,0,0,,15,GW-HD
76126,Calima (El Darién),ARO Centro - Tuluá,Gas,X,MARCADO,,SIN MARCA,,SIN MARCA,,SIN MARCA,,,,,REPORTADO,SIN DATO,1,0,0,0,0,0,0,,15,HE-HL
76130,Candelaria,ARO Sur - Cali,Acueducto,,SIN MARCA,,SIN MARCA,,SIN MARCA,,SIN MARCA,0,0,,NO SE REPORTAN DAÑOS Y/O AFECTACIÓN,REPORTADO,OTRA / REVISAR,1,0,0,0,0,0,0,,16,FQ-FX
76130,Candelaria,ARO Sur - Cali,Alcantarillado,,SIN MARCA,,SIN MARCA,,SIN MARCA,,SIN MARCA,0,0,"Se realiza contacto, no se tiene información de afectaciones hasta el momento ","Se realiza contacto, no se tiene información de afectaciones hasta el momento ",SIN INFORMACIÓN / EN VERIFICACIÓN,SIN INFORMACIÓN / EN VERIFICACIÓN,0,0,0,0,0,0,0,,16,FY-GF
76130,Candelaria,ARO Sur - Cali,Saneamiento básico,,SIN MARCA,,SIN MARCA,,SIN MARCA,,SIN MARCA,0,0,NO SE REPORTAN DAÑOS Y/O AFECTACIÓN,N/A,REPORTADO,OTRA / REVISAR,1,0,0,0,0,0,0,,16,GG-GN
76130,Candelaria,ARO Sur - Cali,Recolección de basuras,,SIN MARCA,,SIN MARCA,,SIN MARCA,,SIN MARCA,0,0,"Se realiza contacto, no se tiene información de afectaciones hasta el momento ","Se realiza contacto, no se tiene información de afectaciones hasta el momento ",SIN INFORMACIÓN / EN VERIFICACIÓN,SIN INFORMACIÓN / EN VERIFICACIÓN,0,0,0,0,0,0,0,,16,GO-GV
76130,Candelaria,ARO Sur - Cali,Energía eléctrica,,SIN MARCA,,SIN MARCA,,SIN MARCA,X,MARCADO,,,"5 SECTORES SIN ENERGIA DESDE EL DIA DE AYER, CORREGIMIENTO EL CABUYAL, VILLAGORGONA, EL ARENAL, CABECERA MUNICIPAL, EL TIPLE - AL MOMENTO NO ESTÁ CALCULADO CUANTAS FAMILIAS O PERSONAS NO TIENEN EL SERVICIO",EL DIA DE HOY 11 DE AGOSTO EL CONSEJO MPAL DE GESTION DEL RIESGO CONVOCA A CELSIA (EMPRESA RESPONSABLE DE LA PRESTACIÓN DE SERVICIO DE ENERGIA) Y HACE EL REQUERIMIENTO PARA LA RECONEXIÓN DEL SERVICIO Y LA EMPRESA CONFIRMA QUE SE ESPERA QUE EN HORAS DE LA TARDE SE REESTABLESCA EL SERVICIO,REPORTADO,OTRA / REVISAR,1,1,0,0,0,0,0,,16,GW-HD
76130,Candelaria,ARO Sur - Cali,Gas,,SIN MARCA,,SIN MARCA,,SIN MARCA,,SIN MARCA,0,0,NO SE REPORTAN DAÑOS Y/O AFECTACIÓN,N/A,REPORTADO,OTRA / REVISAR,1,0,0,0,0,0,0,,16,HE-HL
76147,Cartago,ARO Norte - Cartago,Acueducto,,SIN MARCA,,SIN MARCA,,SIN MARCA,,SIN MARCA,,,"Se realiza contacto, no se tiene información de afectaciones hasta el momento ","Se realiza contacto, no se tiene información de afectaciones hasta el momento ",SIN INFORMACIÓN / EN VERIFICACIÓN,SIN INFORMACIÓN / EN VERIFICACIÓN,0,0,0,0,0,0,0,,17,FQ-FX
76147,Cartago,ARO Norte - Cartago,Alcantarillado,,SIN MARCA,,SIN MARCA,,SIN MARCA,,SIN MARCA,,,"Se realiza contacto, no se tiene información de afectaciones hasta el momento ","Se realiza contacto, no se tiene información de afectaciones hasta el momento ",SIN INFORMACIÓN / EN VERIFICACIÓN,SIN INFORMACIÓN / EN VERIFICACIÓN,0,0,0,0,0,0,0,,17,FY-GF
76147,Cartago,ARO Norte - Cartago,Saneamiento básico,,SIN MARCA,,SIN MARCA,,SIN MARCA,,SIN MARCA,,,,,SIN DATO,SIN DATO,0,0,0,0,0,0,0,,17,GG-GN
76147,Cartago,ARO Norte - Cartago,Recolección de basuras,,SIN MARCA,,SIN MARCA,,SIN MARCA,,SIN MARCA,,,"Se realiza contacto, no se tiene información de afectaciones hasta el momento ","Se realiza contacto, no se tiene información de afectaciones hasta el momento ",SIN INFORMACIÓN / EN VERIFICACIÓN,SIN INFORMACIÓN / EN VERIFICACIÓN,0,0,0,0,0,0,0,,17,GO-GV
76147,Cartago,ARO Norte - Cartago,Energía eléctrica,,SIN MARCA,,SIN MARCA,,SIN MARCA,,SIN MARCA,,,Durante la emergencia se presentaron afectaciones que fueron superadas con éxito dentro de las primeras horas.,,REPORTADO,SIN DATO,1,0,0,0,0,0,0,,17,GW-HD
76147,Cartago,ARO Norte - Cartago,Gas,,SIN MARCA,,SIN MARCA,,SIN MARCA,,SIN MARCA,,,,,SIN DATO,SIN DATO,0,0,0,0,0,0,0,,17,HE-HL
76233,Dagua,ARO Sur - Cali,Acueducto,,SIN MARCA,,SIN MARCA,X,MARCADO,,SIN MARCA,,1400,"Porvernir parte baja, hospital, bellavista parte baja tienen agua.

Sin agua: toda la parte alta ( Barrio Remedios, Bellavista, Ricaurte) se reparte en carrotanque","Motobomba: 
Laumayer / Siemens 40 caballos de fuerza con 2 arrancadores, trifasica/tres fases, 5 hilos. Tensión operacional: 220, tension nominal: 600, IQ 40, IP 54, Frecuencia 60.",REPORTADO,OTRA / REVISAR,1,0,0,1,0,0,0,,18,FQ-FX
76233,Dagua,ARO Sur - Cali,Alcantarillado,,SIN MARCA,,SIN MARCA,,SIN MARCA,,SIN MARCA,,,"Se realiza contacto, no se tiene información de afectaciones hasta el momento ","Se realiza contacto, no se tiene información de afectaciones hasta el momento ",SIN INFORMACIÓN / EN VERIFICACIÓN,SIN INFORMACIÓN / EN VERIFICACIÓN,0,0,0,0,0,0,0,,18,FY-GF
76233,Dagua,ARO Sur - Cali,Saneamiento básico,,SIN MARCA,,SIN MARCA,,SIN MARCA,,SIN MARCA,,,Sin información,Sin información,SIN INFORMACIÓN / EN VERIFICACIÓN,SIN INFORMACIÓN / EN VERIFICACIÓN,0,0,0,0,0,0,0,,18,GG-GN
76233,Dagua,ARO Sur - Cali,Recolección de basuras,,SIN MARCA,,SIN MARCA,X,MARCADO,,SIN MARCA,,,"Se realiza contacto, no se tiene información de afectaciones hasta el momento","Se realiza contacto, no se tiene información de afectaciones hasta el momento",REPORTADO,SIN INFORMACIÓN / EN VERIFICACIÓN,1,0,0,0,0,0,0,,18,GO-GV
76233,Dagua,ARO Sur - Cali,Energía eléctrica,,SIN MARCA,,SIN MARCA,,SIN MARCA,,SIN MARCA,,,,,SIN DATO,SIN DATO,0,0,0,0,0,0,0,,18,GW-HD
76233,Dagua,ARO Sur - Cali,Gas,,SIN MARCA,,SIN MARCA,X,MARCADO,,SIN MARCA,,,,Recarga de gas con vehículo para suministro,REPORTADO,OTRA / REVISAR,1,0,0,0,0,0,0,,18,HE-HL
76243,El Águila,ARO Norte - Cartago,Acueducto,,SIN MARCA,,SIN MARCA,,SIN MARCA,,SIN MARCA,0,0,"se realiza contacto, no se indican afectaciones hasta el momento",Restablecimiento del servicio el dia 11/08/2026 con parametros de cloro dentro de la norma ,REPORTADO,OTRA / REVISAR,1,0,0,0,0,0,0,,19,FQ-FX
76243,El Águila,ARO Norte - Cartago,Alcantarillado,,SIN MARCA,,SIN MARCA,,SIN MARCA,,SIN MARCA,,,"Se realiza contacto, no se tiene información de afectaciones hasta el momento ","Se realiza contacto, no se tiene información de afectaciones hasta el momento ",SIN INFORMACIÓN / EN VERIFICACIÓN,SIN INFORMACIÓN / EN VERIFICACIÓN,0,0,0,0,0,0,0,,19,FY-GF
76243,El Águila,ARO Norte - Cartago,Saneamiento básico,,SIN MARCA,,SIN MARCA,,SIN MARCA,,SIN MARCA,,,,,SIN DATO,SIN DATO,0,0,0,0,0,0,0,,19,GG-GN
76243,El Águila,ARO Norte - Cartago,Recolección de basuras,,SIN MARCA,,SIN MARCA,,SIN MARCA,,SIN MARCA,,,"Se realiza contacto, no se tiene información de afectaciones hasta el momento ","Se realiza contacto, no se tiene información de afectaciones hasta el momento ",SIN INFORMACIÓN / EN VERIFICACIÓN,SIN INFORMACIÓN / EN VERIFICACIÓN,0,0,0,0,0,0,0,,19,GO-GV
76243,El Águila,ARO Norte - Cartago,Energía eléctrica,,SIN MARCA,,SIN MARCA,,SIN MARCA,,SIN MARCA,,,No hay servicio de energía desde el 10 de agosto de 2026,,REPORTADO,SIN DATO,1,1,0,0,0,0,0,,19,GW-HD
76243,El Águila,ARO Norte - Cartago,Gas,,SIN MARCA,,SIN MARCA,,SIN MARCA,,SIN MARCA,,,,,SIN DATO,SIN DATO,0,0,0,0,0,0,0,,19,HE-HL
76246,El Cairo,ARO Norte - Cartago,Acueducto,,SIN MARCA,,SIN MARCA,,SIN MARCA,,SIN MARCA,192,768,"se cuenta con suministro a aproximadamente el 80% de la zona urbana 

Se cuenta con un equipo de emergencia para apoyar la reparación de los daños causados en la red",Sin información,REPORTADO,SIN INFORMACIÓN / EN VERIFICACIÓN,1,0,0,0,0,0,0,,20,FQ-FX
76246,El Cairo,ARO Norte - Cartago,Alcantarillado,,SIN MARCA,,SIN MARCA,,SIN MARCA,,SIN MARCA,,,"se realiza contacto, no se indican afectaciones hasta el momento ","se realiza contacto, no se indican afectaciones hasta el momento ",REPORTADO SIN AFECTACIÓN / SIN MARCA,OTRA / REVISAR,0,0,0,0,0,0,0,,20,FY-GF
76246,El Cairo,ARO Norte - Cartago,Saneamiento básico,,SIN MARCA,,SIN MARCA,,SIN MARCA,,SIN MARCA,,,,"Mantener disponibles los equipos y recursos necesarios para atender oportunamente las afectaciones que puedan presentarse en las redes de acueducto y saneamiento. Asimismo, se debe realizar seguimiento a las condiciones de prestación del servicio y a las zonas que aún no cuentan con cobertura de acueducto, con el fin de identificar necesidades y gestionar acciones de mejora.",REPORTADO,OTRA / REVISAR,1,0,0,0,0,0,0,,20,GG-GN
76246,El Cairo,ARO Norte - Cartago,Recolección de basuras,,SIN MARCA,,SIN MARCA,,SIN MARCA,,SIN MARCA,,,"Se realiza contacto, no se tiene información de afectaciones hasta el momento ","Se realiza contacto, no se tiene información de afectaciones hasta el momento ",SIN INFORMACIÓN / EN VERIFICACIÓN,SIN INFORMACIÓN / EN VERIFICACIÓN,0,0,0,0,0,0,0,,20,GO-GV
76246,El Cairo,ARO Norte - Cartago,Energía eléctrica,,SIN MARCA,,SIN MARCA,,SIN MARCA,X,MARCADO,,,Sin información,Sin información,REPORTADO,SIN INFORMACIÓN / EN VERIFICACIÓN,1,0,0,0,0,0,0,,20,GW-HD
76246,El Cairo,ARO Norte - Cartago,Gas,,SIN MARCA,,SIN MARCA,,SIN MARCA,,SIN MARCA,,,Sin información,Sin información,SIN INFORMACIÓN / EN VERIFICACIÓN,SIN INFORMACIÓN / EN VERIFICACIÓN,0,0,0,0,0,0,0,,20,HE-HL
76248,El Cerrito,ARO Sur - Cali,Acueducto,,SIN MARCA,,SIN MARCA,,SIN MARCA,,SIN MARCA,,,, El 11/08/2026 se reestableció el servicio de acueducto en la zona urbana del municipio,REPORTADO,OTRA / REVISAR,1,0,0,0,0,0,0,,21,FQ-FX
76248,El Cerrito,ARO Sur - Cali,Alcantarillado,,SIN MARCA,,SIN MARCA,,SIN MARCA,,SIN MARCA,,,"Se realiza contacto, no se tiene información de afectaciones hasta el momento ","Se realiza contacto, no se tiene información de afectaciones hasta el momento ",SIN INFORMACIÓN / EN VERIFICACIÓN,SIN INFORMACIÓN / EN VERIFICACIÓN,0,0,0,0,0,0,0,,21,FY-GF
76248,El Cerrito,ARO Sur - Cali,Saneamiento básico,,SIN MARCA,,SIN MARCA,,SIN MARCA,,SIN MARCA,,,,,SIN DATO,SIN DATO,0,0,0,0,0,0,0,,21,GG-GN
76248,El Cerrito,ARO Sur - Cali,Recolección de basuras,,SIN MARCA,,SIN MARCA,,SIN MARCA,,SIN MARCA,,,"Se realiza contacto, no se tiene información de afectaciones hasta el momento ","Se realiza contacto, no se tiene información de afectaciones hasta el momento ",SIN INFORMACIÓN / EN VERIFICACIÓN,SIN INFORMACIÓN / EN VERIFICACIÓN,0,0,0,0,0,0,0,,21,GO-GV
76248,El Cerrito,ARO Sur - Cali,Energía eléctrica,,SIN MARCA,,SIN MARCA,,SIN MARCA,X,MARCADO,,,,,REPORTADO,SIN DATO,1,0,0,0,0,0,0,,21,GW-HD
76248,El Cerrito,ARO Sur - Cali,Gas,,SIN MARCA,,SIN MARCA,,SIN MARCA,,SIN MARCA,,,,,SIN DATO,SIN DATO,0,0,0,0,0,0,0,,21,HE-HL
76250,El Dovio,ARO Norte - Cartago,Acueducto,,SIN MARCA,,SIN MARCA,,SIN MARCA,,SIN MARCA,0,0,"Se realiza contacto, no se tiene información de afectaciones hasta el momento ","Se realiza contacto, no se tiene información de afectaciones hasta el momento ",SIN INFORMACIÓN / EN VERIFICACIÓN,SIN INFORMACIÓN / EN VERIFICACIÓN,0,0,0,0,0,0,0,,22,FQ-FX
76250,El Dovio,ARO Norte - Cartago,Alcantarillado,,SIN MARCA,,SIN MARCA,,SIN MARCA,,SIN MARCA,,,"Se realiza contacto, no se tiene información de afectaciones hasta el momento ","Se realiza contacto, no se tiene información de afectaciones hasta el momento ",SIN INFORMACIÓN / EN VERIFICACIÓN,SIN INFORMACIÓN / EN VERIFICACIÓN,0,0,0,0,0,0,0,,22,FY-GF
76250,El Dovio,ARO Norte - Cartago,Saneamiento básico,,SIN MARCA,,SIN MARCA,,SIN MARCA,,SIN MARCA,,,,,SIN DATO,SIN DATO,0,0,0,0,0,0,0,,22,GG-GN
76250,El Dovio,ARO Norte - Cartago,Recolección de basuras,,SIN MARCA,,SIN MARCA,,SIN MARCA,,SIN MARCA,,,"Se realiza contacto, no se tiene información de afectaciones hasta el momento ","Se realiza contacto, no se tiene información de afectaciones hasta el momento ",SIN INFORMACIÓN / EN VERIFICACIÓN,SIN INFORMACIÓN / EN VERIFICACIÓN,0,0,0,0,0,0,0,,22,GO-GV
76250,El Dovio,ARO Norte - Cartago,Energía eléctrica,,SIN MARCA,,SIN MARCA,,SIN MARCA,,SIN MARCA,,,NO HAY SUMINSTRO ELECTRICO NI ENTERNET. - Verificar la informacion,,REPORTADO,SIN DATO,1,1,0,0,0,0,0,,22,GW-HD
76250,El Dovio,ARO Norte - Cartago,Gas,,SIN MARCA,,SIN MARCA,,SIN MARCA,,SIN MARCA,,,,,SIN DATO,SIN DATO,0,0,0,0,0,0,0,,22,HE-HL
76275,Florida,ARO Sur - Cali,Acueducto,,SIN MARCA,,SIN MARCA,,SIN MARCA,,SIN MARCA,0,0,"Se realiza contacto, no se tiene información de afectaciones hasta el momento ","Se realiza contacto, no se tiene información de afectaciones hasta el momento ",SIN INFORMACIÓN / EN VERIFICACIÓN,SIN INFORMACIÓN / EN VERIFICACIÓN,0,0,0,0,0,0,0,,23,FQ-FX
76275,Florida,ARO Sur - Cali,Alcantarillado,,SIN MARCA,,SIN MARCA,,SIN MARCA,,SIN MARCA,,,"Se realiza contacto, no se tiene información de afectaciones hasta el momento ","Se realiza contacto, no se tiene información de afectaciones hasta el momento ",SIN INFORMACIÓN / EN VERIFICACIÓN,SIN INFORMACIÓN / EN VERIFICACIÓN,0,0,0,0,0,0,0,,23,FY-GF
76275,Florida,ARO Sur - Cali,Saneamiento básico,,SIN MARCA,,SIN MARCA,,SIN MARCA,,SIN MARCA,,,,,SIN DATO,SIN DATO,0,0,0,0,0,0,0,,23,GG-GN
76275,Florida,ARO Sur - Cali,Recolección de basuras,,SIN MARCA,,SIN MARCA,,SIN MARCA,,SIN MARCA,,,"se realiza contacto, no se indican afectaciones hasta el momento ","se realiza contacto, no se indican afectaciones hasta el momento ",REPORTADO SIN AFECTACIÓN / SIN MARCA,OTRA / REVISAR,0,0,0,0,0,0,0,,23,GO-GV
76275,Florida,ARO Sur - Cali,Energía eléctrica,,SIN MARCA,,SIN MARCA,,SIN MARCA,,SIN MARCA,,,,,SIN DATO,SIN DATO,0,0,0,0,0,0,0,,23,GW-HD
76275,Florida,ARO Sur - Cali,Gas,,SIN MARCA,,SIN MARCA,,SIN MARCA,,SIN MARCA,,,,,SIN DATO,SIN DATO,0,0,0,0,0,0,0,,23,HE-HL
76306,Ginebra,ARO Sur - Cali,Acueducto,,SIN MARCA,,SIN MARCA,,SIN MARCA,,SIN MARCA,0,0,,"No se presentan afectaciones en el acueducto urbano, el cual opera con normalidad. La planta de tratamiento presentó algunas grietas en una de sus paredes, sin que esto haya generado mayores afectaciones en su funcionamiento.

El acueducto de Costa Rica también opera con normalidad.",REPORTADO,RESTABLECIDO / NORMAL,1,0,0,0,0,0,0,,24,FQ-FX
76306,Ginebra,ARO Sur - Cali,Alcantarillado,,SIN MARCA,,SIN MARCA,,SIN MARCA,,SIN MARCA,,,"Se realiza contacto, no se tiene información de afectaciones hasta el momento ","Se realiza contacto, no se tiene información de afectaciones hasta el momento ",SIN INFORMACIÓN / EN VERIFICACIÓN,SIN INFORMACIÓN / EN VERIFICACIÓN,0,0,0,0,0,0,0,,24,FY-GF
76306,Ginebra,ARO Sur - Cali,Saneamiento básico,,SIN MARCA,,SIN MARCA,,SIN MARCA,,SIN MARCA,,,,,SIN DATO,SIN DATO,0,0,0,0,0,0,0,,24,GG-GN
76306,Ginebra,ARO Sur - Cali,Recolección de basuras,,SIN MARCA,,SIN MARCA,,SIN MARCA,,SIN MARCA,,,"Se realiza contacto, no se tiene información de afectaciones hasta el momento ","Se realiza contacto, no se tiene información de afectaciones hasta el momento ",SIN INFORMACIÓN / EN VERIFICACIÓN,SIN INFORMACIÓN / EN VERIFICACIÓN,0,0,0,0,0,0,0,,24,GO-GV
76306,Ginebra,ARO Sur - Cali,Energía eléctrica,,SIN MARCA,,SIN MARCA,,SIN MARCA,,SIN MARCA,,,,,SIN DATO,SIN DATO,0,0,0,0,0,0,0,,24,GW-HD
76306,Ginebra,ARO Sur - Cali,Gas,,SIN MARCA,,SIN MARCA,,SIN MARCA,,SIN MARCA,,,,,SIN DATO,SIN DATO,0,0,0,0,0,0,0,,24,HE-HL
76318,Guacarí,ARO Sur - Cali,Acueducto,,SIN MARCA,,SIN MARCA,,SIN MARCA,,SIN MARCA,0,0,,sin afectacion en la prestacion del servicio y con disponibilidad de carrotanques para cubrir emergencias ,REPORTADO SIN AFECTACIÓN / SIN MARCA,ALTERNATIVA TEMPORAL,0,0,0,1,0,0,0,,25,FQ-FX
76318,Guacarí,ARO Sur - Cali,Alcantarillado,,SIN MARCA,,SIN MARCA,,SIN MARCA,,SIN MARCA,,,"Se realiza contacto, no se tiene información de afectaciones hasta el momento ","Se realiza contacto, no se tiene información de afectaciones hasta el momento ",SIN INFORMACIÓN / EN VERIFICACIÓN,SIN INFORMACIÓN / EN VERIFICACIÓN,0,0,0,0,0,0,0,,25,FY-GF
76318,Guacarí,ARO Sur - Cali,Saneamiento básico,,SIN MARCA,,SIN MARCA,,SIN MARCA,,SIN MARCA,,,,,SIN DATO,SIN DATO,0,0,0,0,0,0,0,,25,GG-GN
76318,Guacarí,ARO Sur - Cali,Recolección de basuras,,SIN MARCA,,SIN MARCA,,SIN MARCA,,SIN MARCA,,,"Se realiza contacto, no se tiene información de afectaciones hasta el momento ","Se realiza contacto, no se tiene información de afectaciones hasta el momento ",SIN INFORMACIÓN / EN VERIFICACIÓN,SIN INFORMACIÓN / EN VERIFICACIÓN,0,0,0,0,0,0,0,,25,GO-GV
76318,Guacarí,ARO Sur - Cali,Energía eléctrica,,SIN MARCA,,SIN MARCA,,SIN MARCA,,SIN MARCA,,,,,SIN DATO,SIN DATO,0,0,0,0,0,0,0,,25,GW-HD
76318,Guacarí,ARO Sur - Cali,Gas,,SIN MARCA,,SIN MARCA,,SIN MARCA,,SIN MARCA,,,,,SIN DATO,SIN DATO,0,0,0,0,0,0,0,,25,HE-HL
76364,Jamundí,ARO Sur - Cali,Acueducto,,SIN MARCA,,SIN MARCA,,SIN MARCA,,SIN MARCA,0,0,"se realiza contacto, no se indican afectaciones hasta el momento","Se realiza contacto, no se tiene información de afectaciones hasta el momento ",SIN INFORMACIÓN / EN VERIFICACIÓN,SIN INFORMACIÓN / EN VERIFICACIÓN,0,0,0,0,0,0,0,,26,FQ-FX
76364,Jamundí,ARO Sur - Cali,Alcantarillado,,SIN MARCA,,SIN MARCA,,SIN MARCA,,SIN MARCA,0,0,"Se realiza contacto, no se tiene información de afectaciones hasta el momento ","Se realiza contacto, no se tiene información de afectaciones hasta el momento ",SIN INFORMACIÓN / EN VERIFICACIÓN,SIN INFORMACIÓN / EN VERIFICACIÓN,0,0,0,0,0,0,0,,26,FY-GF
76364,Jamundí,ARO Sur - Cali,Saneamiento básico,,SIN MARCA,,SIN MARCA,,SIN MARCA,,SIN MARCA,0,0,SIN REPORTE,0,REPORTADO,OTRA / REVISAR,1,0,0,0,0,0,0,,26,GG-GN
76364,Jamundí,ARO Sur - Cali,Recolección de basuras,,SIN MARCA,,SIN MARCA,,SIN MARCA,,SIN MARCA,0,0,"Se realiza contacto, no se tiene información de afectaciones hasta el momento ","Se realiza contacto, no se tiene información de afectaciones hasta el momento ",SIN INFORMACIÓN / EN VERIFICACIÓN,SIN INFORMACIÓN / EN VERIFICACIÓN,0,0,0,0,0,0,0,,26,GO-GV
76364,Jamundí,ARO Sur - Cali,Energía eléctrica,,SIN MARCA,,SIN MARCA,X,MARCADO,,SIN MARCA,,,SIN SERVICIO E INTERMITENCIAS,0,REPORTADO,OTRA / REVISAR,1,0,0,0,0,0,0,,26,GW-HD
76364,Jamundí,ARO Sur - Cali,Gas,,SIN MARCA,,SIN MARCA,,SIN MARCA,,SIN MARCA,0,0,,,REPORTADO SIN AFECTACIÓN / SIN MARCA,SIN DATO,0,0,0,0,0,0,0,,26,HE-HL
76377,La Cumbre,ARO Sur - Cali,Acueducto,,SIN MARCA,,SIN MARCA,X,MARCADO,,SIN MARCA,400,800,DISMINUCION EN LA OPERACION DEBIDO A LA FALTA DE FLUIDO ELECTRICO,RESTABLECIMIENTO DEL SERVICIO EN EL MENOR TIEMPO POSIBLE,REPORTADO,OTRA / REVISAR,1,1,0,0,0,0,0,,27,FQ-FX
76377,La Cumbre,ARO Sur - Cali,Alcantarillado,,SIN MARCA,,SIN MARCA,,SIN MARCA,,SIN MARCA,,,"Se realiza contacto, no se tiene información de afectaciones hasta el momento ","Se realiza contacto, no se tiene información de afectaciones hasta el momento ",SIN INFORMACIÓN / EN VERIFICACIÓN,SIN INFORMACIÓN / EN VERIFICACIÓN,0,0,0,0,0,0,0,,27,FY-GF
76377,La Cumbre,ARO Sur - Cali,Saneamiento básico,,SIN MARCA,,SIN MARCA,,SIN MARCA,,SIN MARCA,,,,,SIN DATO,SIN DATO,0,0,0,0,0,0,0,,27,GG-GN
76377,La Cumbre,ARO Sur - Cali,Recolección de basuras,,SIN MARCA,,SIN MARCA,,SIN MARCA,,SIN MARCA,,,"Se realiza contacto, no se tiene información de afectaciones hasta el momento ","Se realiza contacto, no se tiene información de afectaciones hasta el momento ",SIN INFORMACIÓN / EN VERIFICACIÓN,SIN INFORMACIÓN / EN VERIFICACIÓN,0,0,0,0,0,0,0,,27,GO-GV
76377,La Cumbre,ARO Sur - Cali,Energía eléctrica,X,MARCADO,,SIN MARCA,,SIN MARCA,,SIN MARCA,,,CERCA DEL 60% DEL MUNICIPIO SE ENCUENTRA SIN FLUIDO ELECTRICO,ATENCION INMEDIATA DE LA EMPRESA CELSIA,REPORTADO,OTRA / REVISAR,1,1,0,0,0,0,0,,27,GW-HD
76377,La Cumbre,ARO Sur - Cali,Gas,,SIN MARCA,,SIN MARCA,,SIN MARCA,,SIN MARCA,0,0,,,REPORTADO SIN AFECTACIÓN / SIN MARCA,SIN DATO,0,0,0,0,0,0,0,,27,HE-HL
76400,La Unión,ARO Norte - Cartago,Acueducto,X,MARCADO,,SIN MARCA,,SIN MARCA,X,MARCADO,0,0,Se encuentran con suministro por carrotanques debido a las afectaciones en SARA BRUT,"Hoy 11/08/2026 se abastecio con un Carrotanque algunos barrios de la zona urbana. A las 8:00 p.m. entra en operación la planta que se abastece del pozo profundo para abastecer el hospital del municipio y el 70% de la zona urbana. El 30% se abastecera el dia de mañana 12/08/2026 con un carrotanque. Se proyecta mañana 12/08/2026 en la noche, reestablecer la operación del  SARA- BRUT.  ",REPORTADO,ALTERNATIVA TEMPORAL,1,0,1,1,0,0,0,,28,FQ-FX
76400,La Unión,ARO Norte - Cartago,Alcantarillado,,SIN MARCA,,SIN MARCA,,SIN MARCA,,SIN MARCA,,,"Se realiza contacto, no se tiene información de afectaciones hasta el momento ","Se realiza contacto, no se tiene información de afectaciones hasta el momento ",SIN INFORMACIÓN / EN VERIFICACIÓN,SIN INFORMACIÓN / EN VERIFICACIÓN,0,0,0,0,0,0,0,,28,FY-GF
76400,La Unión,ARO Norte - Cartago,Saneamiento básico,,SIN MARCA,,SIN MARCA,,SIN MARCA,,SIN MARCA,,,,,SIN DATO,SIN DATO,0,0,0,0,0,0,0,,28,GG-GN
76400,La Unión,ARO Norte - Cartago,Recolección de basuras,,SIN MARCA,,SIN MARCA,,SIN MARCA,,SIN MARCA,,,"Se realiza contacto, no se tiene información de afectaciones hasta el momento ","Se realiza contacto, no se tiene información de afectaciones hasta el momento ",SIN INFORMACIÓN / EN VERIFICACIÓN,SIN INFORMACIÓN / EN VERIFICACIÓN,0,0,0,0,0,0,0,,28,GO-GV
76400,La Unión,ARO Norte - Cartago,Energía eléctrica,,SIN MARCA,,SIN MARCA,,SIN MARCA,,SIN MARCA,,,,,SIN DATO,SIN DATO,0,0,0,0,0,0,0,,28,GW-HD
76400,La Unión,ARO Norte - Cartago,Gas,,SIN MARCA,,SIN MARCA,,SIN MARCA,,SIN MARCA,,,,,SIN DATO,SIN DATO,0,0,0,0,0,0,0,,28,HE-HL
76403,La Victoria,ARO Norte - Cartago,Acueducto,,SIN MARCA,,SIN MARCA,,SIN MARCA,X,MARCADO,4100,16400,"Suspensión temporal del acueducto por daños en tubería del SARA BRUT, una vez se reestablezca el fluido eléctrico se iniciará operaciones del acuedu cto con el pozo de La Dominga","Se proyecta mañana 12/08/2026 en la noche, reestablecer la operación del  SARA- BRUT.  ",REPORTADO,OTRA / REVISAR,1,1,1,0,0,0,1,,29,FQ-FX
76403,La Victoria,ARO Norte - Cartago,Alcantarillado,,SIN MARCA,,SIN MARCA,,SIN MARCA,,SIN MARCA,,,"Se realiza contacto, no se tiene información de afectaciones hasta el momento ","Se realiza contacto, no se tiene información de afectaciones hasta el momento ",SIN INFORMACIÓN / EN VERIFICACIÓN,SIN INFORMACIÓN / EN VERIFICACIÓN,0,0,0,0,0,0,0,,29,FY-GF
76403,La Victoria,ARO Norte - Cartago,Saneamiento básico,,SIN MARCA,,SIN MARCA,,SIN MARCA,,SIN MARCA,,,,,SIN DATO,SIN DATO,0,0,0,0,0,0,0,,29,GG-GN
76403,La Victoria,ARO Norte - Cartago,Recolección de basuras,,SIN MARCA,,SIN MARCA,,SIN MARCA,,SIN MARCA,,,"Se realiza contacto, no se tiene información de afectaciones hasta el momento ","Se realiza contacto, no se tiene información de afectaciones hasta el momento ",SIN INFORMACIÓN / EN VERIFICACIÓN,SIN INFORMACIÓN / EN VERIFICACIÓN,0,0,0,0,0,0,0,,29,GO-GV
76403,La Victoria,ARO Norte - Cartago,Energía eléctrica,,SIN MARCA,,SIN MARCA,,SIN MARCA,,SIN MARCA,,,,,SIN DATO,SIN DATO,0,0,0,0,0,0,0,,29,GW-HD
76403,La Victoria,ARO Norte - Cartago,Gas,,SIN MARCA,,SIN MARCA,,SIN MARCA,,SIN MARCA,,,,,SIN DATO,SIN DATO,0,0,0,0,0,0,0,,29,HE-HL
76497,Obando,ARO Norte - Cartago,Acueducto,X,MARCADO,,SIN MARCA,X,MARCADO,,SIN MARCA,120,250,"Redes de distribucion afectadas, Suspensión temporal del acueducto por daños en el Sara Brut, fuente alterna de la quebrada El Naranjo esta en reparación, por problemas meses atrás con muros","tuberia y materiales

Abastecimiento temporal de agua potable mediante carrotanque en la zona urbana del municipio.

Se proyecta mañana 12/08/2026 en la noche, reestablecer la operación del  SARA- BRUT.  ",REPORTADO,ALTERNATIVA TEMPORAL,1,0,1,1,0,0,1,,30,FQ-FX
76497,Obando,ARO Norte - Cartago,Alcantarillado,,SIN MARCA,,SIN MARCA,,SIN MARCA,,SIN MARCA,,,"Se realiza contacto, no se tiene información de afectaciones hasta el momento ","Se realiza contacto, no se tiene información de afectaciones hasta el momento ",SIN INFORMACIÓN / EN VERIFICACIÓN,SIN INFORMACIÓN / EN VERIFICACIÓN,0,0,0,0,0,0,0,,30,FY-GF
76497,Obando,ARO Norte - Cartago,Saneamiento básico,,SIN MARCA,,SIN MARCA,,SIN MARCA,,SIN MARCA,,,,,SIN DATO,SIN DATO,0,0,0,0,0,0,0,,30,GG-GN
76497,Obando,ARO Norte - Cartago,Recolección de basuras,,SIN MARCA,,SIN MARCA,,SIN MARCA,,SIN MARCA,,,"Se realiza contacto, no se tiene información de afectaciones hasta el momento ","Se realiza contacto, no se tiene información de afectaciones hasta el momento ",SIN INFORMACIÓN / EN VERIFICACIÓN,SIN INFORMACIÓN / EN VERIFICACIÓN,0,0,0,0,0,0,0,,30,GO-GV
76497,Obando,ARO Norte - Cartago,Energía eléctrica,,SIN MARCA,,SIN MARCA,,SIN MARCA,,SIN MARCA,,,,,SIN DATO,SIN DATO,0,0,0,0,0,0,0,,30,GW-HD
76497,Obando,ARO Norte - Cartago,Gas,,SIN MARCA,,SIN MARCA,,SIN MARCA,,SIN MARCA,,,,,SIN DATO,SIN DATO,0,0,0,0,0,0,0,,30,HE-HL
76520,Palmira,ARO Sur - Cali,Acueducto,,SIN MARCA,,SIN MARCA,,SIN MARCA,,SIN MARCA,,,"Se realiza contacto, no se tiene información de afectaciones hasta el momento ","Se realiza contacto, no se tiene información de afectaciones hasta el momento ",SIN INFORMACIÓN / EN VERIFICACIÓN,SIN INFORMACIÓN / EN VERIFICACIÓN,0,0,0,0,0,0,0,,31,FQ-FX
76520,Palmira,ARO Sur - Cali,Alcantarillado,,SIN MARCA,,SIN MARCA,,SIN MARCA,,SIN MARCA,,,"Se realiza contacto, no se tiene información de afectaciones hasta el momento ","Se realiza contacto, no se tiene información de afectaciones hasta el momento ",SIN INFORMACIÓN / EN VERIFICACIÓN,SIN INFORMACIÓN / EN VERIFICACIÓN,0,0,0,0,0,0,0,,31,FY-GF
76520,Palmira,ARO Sur - Cali,Saneamiento básico,,SIN MARCA,,SIN MARCA,,SIN MARCA,,SIN MARCA,,,,,SIN DATO,SIN DATO,0,0,0,0,0,0,0,,31,GG-GN
76520,Palmira,ARO Sur - Cali,Recolección de basuras,,SIN MARCA,,SIN MARCA,,SIN MARCA,,SIN MARCA,,,"Se realiza contacto, no se tiene información de afectaciones hasta el momento ","Se realiza contacto, no se tiene información de afectaciones hasta el momento ",SIN INFORMACIÓN / EN VERIFICACIÓN,SIN INFORMACIÓN / EN VERIFICACIÓN,0,0,0,0,0,0,0,,31,GO-GV
76520,Palmira,ARO Sur - Cali,Energía eléctrica,,SIN MARCA,,SIN MARCA,,SIN MARCA,,SIN MARCA,,,,,SIN DATO,SIN DATO,0,0,0,0,0,0,0,,31,GW-HD
76520,Palmira,ARO Sur - Cali,Gas,,SIN MARCA,,SIN MARCA,,SIN MARCA,,SIN MARCA,,,,,SIN DATO,SIN DATO,0,0,0,0,0,0,0,,31,HE-HL
76563,Pradera,ARO Sur - Cali,Acueducto,,SIN MARCA,,SIN MARCA,,SIN MARCA,,SIN MARCA,0,0,"Se realiza contacto, no se tiene información de afectaciones hasta el momento ","Se realiza contacto, no se tiene información de afectaciones hasta el momento ",SIN INFORMACIÓN / EN VERIFICACIÓN,SIN INFORMACIÓN / EN VERIFICACIÓN,0,0,0,0,0,0,0,,32,FQ-FX
76563,Pradera,ARO Sur - Cali,Alcantarillado,,SIN MARCA,,SIN MARCA,,SIN MARCA,,SIN MARCA,,,"Se realiza contacto, no se tiene información de afectaciones hasta el momento ","Se realiza contacto, no se tiene información de afectaciones hasta el momento ",SIN INFORMACIÓN / EN VERIFICACIÓN,SIN INFORMACIÓN / EN VERIFICACIÓN,0,0,0,0,0,0,0,,32,FY-GF
76563,Pradera,ARO Sur - Cali,Saneamiento básico,,SIN MARCA,,SIN MARCA,,SIN MARCA,,SIN MARCA,,,,,SIN DATO,SIN DATO,0,0,0,0,0,0,0,,32,GG-GN
76563,Pradera,ARO Sur - Cali,Recolección de basuras,,SIN MARCA,,SIN MARCA,,SIN MARCA,,SIN MARCA,,,"Se realiza contacto, no se tiene información de afectaciones hasta el momento ","Se realiza contacto, no se tiene información de afectaciones hasta el momento ",SIN INFORMACIÓN / EN VERIFICACIÓN,SIN INFORMACIÓN / EN VERIFICACIÓN,0,0,0,0,0,0,0,,32,GO-GV
76563,Pradera,ARO Sur - Cali,Energía eléctrica,,SIN MARCA,,SIN MARCA,,SIN MARCA,,SIN MARCA,,,,,SIN DATO,SIN DATO,0,0,0,0,0,0,0,,32,GW-HD
76563,Pradera,ARO Sur - Cali,Gas,,SIN MARCA,,SIN MARCA,,SIN MARCA,,SIN MARCA,,,,,SIN DATO,SIN DATO,0,0,0,0,0,0,0,,32,HE-HL
76606,Restrepo,ARO Centro - Tuluá,Acueducto,,SIN MARCA,,SIN MARCA,,SIN MARCA,X,MARCADO,4350,17400,Suspensión temporal del acueducto,SIN REPORTE ,REPORTADO,OTRA / REVISAR,1,0,0,0,0,0,0,,33,FQ-FX
76606,Restrepo,ARO Centro - Tuluá,Alcantarillado,,SIN MARCA,,SIN MARCA,,SIN MARCA,,SIN MARCA,,,"Se realiza contacto, no se tiene información de afectaciones hasta el momento ","Se realiza contacto, no se tiene información de afectaciones hasta el momento ",SIN INFORMACIÓN / EN VERIFICACIÓN,SIN INFORMACIÓN / EN VERIFICACIÓN,0,0,0,0,0,0,0,,33,FY-GF
76606,Restrepo,ARO Centro - Tuluá,Saneamiento básico,,SIN MARCA,,SIN MARCA,,SIN MARCA,,SIN MARCA,,,,,SIN DATO,SIN DATO,0,0,0,0,0,0,0,,33,GG-GN
76606,Restrepo,ARO Centro - Tuluá,Recolección de basuras,,SIN MARCA,,SIN MARCA,,SIN MARCA,,SIN MARCA,,,"Se realiza contacto, no se tiene información de afectaciones hasta el momento ","Se realiza contacto, no se tiene información de afectaciones hasta el momento ",SIN INFORMACIÓN / EN VERIFICACIÓN,SIN INFORMACIÓN / EN VERIFICACIÓN,0,0,0,0,0,0,0,,33,GO-GV
76606,Restrepo,ARO Centro - Tuluá,Energía eléctrica,,SIN MARCA,,SIN MARCA,,SIN MARCA,,SIN MARCA,,,,,SIN DATO,SIN DATO,0,0,0,0,0,0,0,,33,GW-HD
76606,Restrepo,ARO Centro - Tuluá,Gas,,SIN MARCA,,SIN MARCA,,SIN MARCA,,SIN MARCA,,,,,SIN DATO,SIN DATO,0,0,0,0,0,0,0,,33,HE-HL
76616,Riofrío,ARO Centro - Tuluá,Acueducto,X,MARCADO,,SIN MARCA,X,MARCADO,,SIN MARCA,,,colapsado,,REPORTADO,SIN DATO,1,0,0,0,0,0,0,,34,FQ-FX
76616,Riofrío,ARO Centro - Tuluá,Alcantarillado,,SIN MARCA,,SIN MARCA,,SIN MARCA,,SIN MARCA,,,"Se realiza contacto, no se tiene información de afectaciones hasta el momento ","Se realiza contacto, no se tiene información de afectaciones hasta el momento ",SIN INFORMACIÓN / EN VERIFICACIÓN,SIN INFORMACIÓN / EN VERIFICACIÓN,0,0,0,0,0,0,0,,34,FY-GF
76616,Riofrío,ARO Centro - Tuluá,Saneamiento básico,,SIN MARCA,,SIN MARCA,,SIN MARCA,,SIN MARCA,,,,,SIN DATO,SIN DATO,0,0,0,0,0,0,0,,34,GG-GN
76616,Riofrío,ARO Centro - Tuluá,Recolección de basuras,,SIN MARCA,,SIN MARCA,,SIN MARCA,,SIN MARCA,,,"Se realiza contacto, no se tiene información de afectaciones hasta el momento ","Se realiza contacto, no se tiene información de afectaciones hasta el momento ",SIN INFORMACIÓN / EN VERIFICACIÓN,SIN INFORMACIÓN / EN VERIFICACIÓN,0,0,0,0,0,0,0,,34,GO-GV
76616,Riofrío,ARO Centro - Tuluá,Energía eléctrica,,SIN MARCA,,SIN MARCA,,SIN MARCA,X,MARCADO,,,,,REPORTADO,SIN DATO,1,0,0,0,0,0,0,,34,GW-HD
76616,Riofrío,ARO Centro - Tuluá,Gas,,SIN MARCA,,SIN MARCA,,SIN MARCA,,SIN MARCA,,,,,SIN DATO,SIN DATO,0,0,0,0,0,0,0,,34,HE-HL
76622,Roldanillo,ARO Norte - Cartago,Acueducto,X,MARCADO,,SIN MARCA,,SIN MARCA,,SIN MARCA,,,"Tubo madre averiado, afectando el suministro de agua potable en zona urbana","Se proyecta mañana 12/08/2026 en la noche, reestablecer la operación del  SARA- BRUT.  ",REPORTADO,OTRA / REVISAR,1,0,0,0,0,0,0,,35,FQ-FX
76622,Roldanillo,ARO Norte - Cartago,Alcantarillado,,SIN MARCA,,SIN MARCA,,SIN MARCA,,SIN MARCA,,,"Se realiza contacto, no se tiene información de afectaciones hasta el momento ","Se realiza contacto, no se tiene información de afectaciones hasta el momento ",SIN INFORMACIÓN / EN VERIFICACIÓN,SIN INFORMACIÓN / EN VERIFICACIÓN,0,0,0,0,0,0,0,,35,FY-GF
76622,Roldanillo,ARO Norte - Cartago,Saneamiento básico,,SIN MARCA,,SIN MARCA,X,MARCADO,,SIN MARCA,,,El municipio se encuentra sin servicio de agua potable,Recuperable,REPORTADO,OTRA / REVISAR,1,0,0,0,0,0,0,,35,GG-GN
76622,Roldanillo,ARO Norte - Cartago,Recolección de basuras,,SIN MARCA,,SIN MARCA,,SIN MARCA,X,MARCADO,,,"Se realiza contacto, no se tiene información de afectaciones hasta el momento ","Se realiza contacto, no se tiene información de afectaciones hasta el momento ",REPORTADO,SIN INFORMACIÓN / EN VERIFICACIÓN,1,0,0,0,0,0,0,,35,GO-GV
76622,Roldanillo,ARO Norte - Cartago,Energía eléctrica,,SIN MARCA,,SIN MARCA,,SIN MARCA,X,MARCADO,,,Municipio sin energía eléctrica desde el día del sismo,sin información ,REPORTADO,SIN INFORMACIÓN / EN VERIFICACIÓN,1,1,0,0,0,0,0,,35,GW-HD
76622,Roldanillo,ARO Norte - Cartago,Gas,,SIN MARCA,,SIN MARCA,,SIN MARCA,X,MARCADO,,,Fuga de gas en zona urbana,Sin información ,REPORTADO,SIN INFORMACIÓN / EN VERIFICACIÓN,1,0,0,0,0,0,0,,35,HE-HL
76670,San Pedro,ARO Centro - Tuluá,Acueducto,,SIN MARCA,,SIN MARCA,,SIN MARCA,,SIN MARCA,0,0,Acueducto San José de San Pedro. No sé reporta afectación en la infraestructura del tanque. Suspensión del servicio por 24 horas por corte en el fluido eléctrico. ,Hoy 11/08/2026 se restableció el servicio.,REPORTADO,RESTABLECIDO / NORMAL,1,1,0,0,0,0,0,,36,FQ-FX
76670,San Pedro,ARO Centro - Tuluá,Alcantarillado,,SIN MARCA,,SIN MARCA,,SIN MARCA,,SIN MARCA,,,"Se realiza contacto, no se tiene información de afectaciones hasta el momento ","Se realiza contacto, no se tiene información de afectaciones hasta el momento ",SIN INFORMACIÓN / EN VERIFICACIÓN,SIN INFORMACIÓN / EN VERIFICACIÓN,0,0,0,0,0,0,0,,36,FY-GF
76670,San Pedro,ARO Centro - Tuluá,Saneamiento básico,,SIN MARCA,,SIN MARCA,,SIN MARCA,,SIN MARCA,,,,"Se realiza contacto, a la espera de confirmacion de plan de contingencia y capacidad para recepcionar RCD",REPORTADO,OTRA / REVISAR,1,0,0,0,0,0,0,,36,GG-GN
76670,San Pedro,ARO Centro - Tuluá,Recolección de basuras,,SIN MARCA,,SIN MARCA,,SIN MARCA,,SIN MARCA,,,"Se realiza contacto, no se tiene información de afectaciones hasta el momento ","Se realiza contacto, no se tiene información de afectaciones hasta el momento ",SIN INFORMACIÓN / EN VERIFICACIÓN,SIN INFORMACIÓN / EN VERIFICACIÓN,0,0,0,0,0,0,0,,36,GO-GV
76670,San Pedro,ARO Centro - Tuluá,Energía eléctrica,,SIN MARCA,,SIN MARCA,,SIN MARCA,,SIN MARCA,,,,,SIN DATO,SIN DATO,0,0,0,0,0,0,0,,36,GW-HD
76670,San Pedro,ARO Centro - Tuluá,Gas,,SIN MARCA,,SIN MARCA,,SIN MARCA,,SIN MARCA,,,,,SIN DATO,SIN DATO,0,0,0,0,0,0,0,,36,HE-HL
76736,Sevilla,ARO Centro - Tuluá,Acueducto,,SIN MARCA,,SIN MARCA,,SIN MARCA,,SIN MARCA,0,0,La tuberia de aduccion de la plata de la zona urbana sufrio daños,El 11/08/2026 se solucionó el daño de la tuberia de aducción de la planta y el servicio de abastecimiento de la zona urbana esta completamente reestablecido. ,REPORTADO,OTRA / REVISAR,1,0,0,0,0,0,1,,37,FQ-FX
76736,Sevilla,ARO Centro - Tuluá,Alcantarillado,,SIN MARCA,,SIN MARCA,,SIN MARCA,,SIN MARCA,,,"Se realiza contacto, no se tiene información de afectaciones hasta el momento ","Se realiza contacto, no se tiene información de afectaciones hasta el momento ",SIN INFORMACIÓN / EN VERIFICACIÓN,SIN INFORMACIÓN / EN VERIFICACIÓN,0,0,0,0,0,0,0,,37,FY-GF
76736,Sevilla,ARO Centro - Tuluá,Saneamiento básico,,SIN MARCA,,SIN MARCA,,SIN MARCA,,SIN MARCA,,,,,SIN DATO,SIN DATO,0,0,0,0,0,0,0,,37,GG-GN
76736,Sevilla,ARO Centro - Tuluá,Recolección de basuras,,SIN MARCA,,SIN MARCA,,SIN MARCA,,SIN MARCA,,,"Se realiza contacto, no se tiene información de afectaciones hasta el momento ","Se realiza contacto, no se tiene información de afectaciones hasta el momento ",SIN INFORMACIÓN / EN VERIFICACIÓN,SIN INFORMACIÓN / EN VERIFICACIÓN,0,0,0,0,0,0,0,,37,GO-GV
76736,Sevilla,ARO Centro - Tuluá,Energía eléctrica,,SIN MARCA,,SIN MARCA,,SIN MARCA,,SIN MARCA,,,,,SIN DATO,SIN DATO,0,0,0,0,0,0,0,,37,GW-HD
76736,Sevilla,ARO Centro - Tuluá,Gas,,SIN MARCA,,SIN MARCA,,SIN MARCA,,SIN MARCA,,,,,SIN DATO,SIN DATO,0,0,0,0,0,0,0,,37,HE-HL
76823,Toro,ARO Norte - Cartago,Acueducto,,SIN MARCA,,SIN MARCA,,SIN MARCA,X,MARCADO,0,0,Se Opera el acueducto a través de las 2 fuentes alternas al SARA BRUT. Por recalentamiento de las bombas del pozo proundo se suspendió la recarga de la PTAP de esta fuente.,"Suspensión temporal de la recarga de la PTAP desde el pozo profundo, mientras se realizan adecuaciones al sistema de refrigeración.

Se proyecta mañana 12/08/2026 en la noche, reestablecer la operación del  SARA- BRUT.  ",REPORTADO,OTRA / REVISAR,1,0,1,0,1,0,0,,38,FQ-FX
76823,Toro,ARO Norte - Cartago,Alcantarillado,,SIN MARCA,,SIN MARCA,,SIN MARCA,,SIN MARCA,,,"Se realiza contacto, no se tiene información de afectaciones hasta el momento ","Se realiza contacto, no se tiene información de afectaciones hasta el momento ",SIN INFORMACIÓN / EN VERIFICACIÓN,SIN INFORMACIÓN / EN VERIFICACIÓN,0,0,0,0,0,0,0,,38,FY-GF
76823,Toro,ARO Norte - Cartago,Saneamiento básico,,SIN MARCA,,SIN MARCA,,SIN MARCA,,SIN MARCA,,,,,SIN DATO,SIN DATO,0,0,0,0,0,0,0,,38,GG-GN
76823,Toro,ARO Norte - Cartago,Recolección de basuras,,SIN MARCA,,SIN MARCA,,SIN MARCA,,SIN MARCA,,,"Se realiza contacto, no se tiene información de afectaciones hasta el momento ","Se realiza contacto, no se tiene información de afectaciones hasta el momento ",SIN INFORMACIÓN / EN VERIFICACIÓN,SIN INFORMACIÓN / EN VERIFICACIÓN,0,0,0,0,0,0,0,,38,GO-GV
76823,Toro,ARO Norte - Cartago,Energía eléctrica,,SIN MARCA,,SIN MARCA,,SIN MARCA,,SIN MARCA,,,,,SIN DATO,SIN DATO,0,0,0,0,0,0,0,,38,GW-HD
76823,Toro,ARO Norte - Cartago,Gas,,SIN MARCA,,SIN MARCA,,SIN MARCA,,SIN MARCA,,,,,SIN DATO,SIN DATO,0,0,0,0,0,0,0,,38,HE-HL
76828,Trujillo,ARO Centro - Tuluá,Acueducto,,SIN MARCA,,SIN MARCA,,SIN MARCA,,SIN MARCA,0,0,"Se realiza contacto, no se tiene información de afectaciones hasta el momento ","Se realiza contacto, no se tiene información de afectaciones hasta el momento ",SIN INFORMACIÓN / EN VERIFICACIÓN,SIN INFORMACIÓN / EN VERIFICACIÓN,0,0,0,0,0,0,0,,39,FQ-FX
76828,Trujillo,ARO Centro - Tuluá,Alcantarillado,,SIN MARCA,,SIN MARCA,,SIN MARCA,,SIN MARCA,,,"Se realiza contacto, no se tiene información de afectaciones hasta el momento ","Se realiza contacto, no se tiene información de afectaciones hasta el momento ",SIN INFORMACIÓN / EN VERIFICACIÓN,SIN INFORMACIÓN / EN VERIFICACIÓN,0,0,0,0,0,0,0,,39,FY-GF
76828,Trujillo,ARO Centro - Tuluá,Saneamiento básico,,SIN MARCA,,SIN MARCA,,SIN MARCA,,SIN MARCA,,,,,SIN DATO,SIN DATO,0,0,0,0,0,0,0,,39,GG-GN
76828,Trujillo,ARO Centro - Tuluá,Recolección de basuras,,SIN MARCA,,SIN MARCA,,SIN MARCA,,SIN MARCA,,,"Se realiza contacto, no se tiene información de afectaciones hasta el momento ","Se realiza contacto, no se tiene información de afectaciones hasta el momento ",SIN INFORMACIÓN / EN VERIFICACIÓN,SIN INFORMACIÓN / EN VERIFICACIÓN,0,0,0,0,0,0,0,,39,GO-GV
76828,Trujillo,ARO Centro - Tuluá,Energía eléctrica,,SIN MARCA,,SIN MARCA,,SIN MARCA,X,MARCADO,2300,9850,Sin servicio por caida de postes y daños en redes electricas,"Celsia indica que es prograsivo la recuperacion, priorizando la zona urbana",REPORTADO,OTRA / REVISAR,1,1,0,0,0,0,0,,39,GW-HD
76828,Trujillo,ARO Centro - Tuluá,Gas,,SIN MARCA,,SIN MARCA,,SIN MARCA,,SIN MARCA,,,,,SIN DATO,SIN DATO,0,0,0,0,0,0,0,,39,HE-HL
76834,Tuluá,ARO Centro - Tuluá,Acueducto,,SIN MARCA,,SIN MARCA,,SIN MARCA,,SIN MARCA,,,"Se realiza contacto, no se tiene información de afectaciones hasta el momento ","Se realiza contacto, no se tiene información de afectaciones hasta el momento ",SIN INFORMACIÓN / EN VERIFICACIÓN,SIN INFORMACIÓN / EN VERIFICACIÓN,0,0,0,0,0,0,0,,40,FQ-FX
76834,Tuluá,ARO Centro - Tuluá,Alcantarillado,,SIN MARCA,,SIN MARCA,,SIN MARCA,,SIN MARCA,,,"Se realiza contacto, no se tiene información de afectaciones hasta el momento ","Se realiza contacto, no se tiene información de afectaciones hasta el momento ",SIN INFORMACIÓN / EN VERIFICACIÓN,SIN INFORMACIÓN / EN VERIFICACIÓN,0,0,0,0,0,0,0,,40,FY-GF
76834,Tuluá,ARO Centro - Tuluá,Saneamiento básico,,SIN MARCA,,SIN MARCA,,SIN MARCA,,SIN MARCA,,,,,SIN DATO,SIN DATO,0,0,0,0,0,0,0,,40,GG-GN
76834,Tuluá,ARO Centro - Tuluá,Recolección de basuras,,SIN MARCA,,SIN MARCA,,SIN MARCA,,SIN MARCA,,,"Se realiza contacto, no se tiene información de afectaciones hasta el momento ","Se realiza contacto, no se tiene información de afectaciones hasta el momento ",SIN INFORMACIÓN / EN VERIFICACIÓN,SIN INFORMACIÓN / EN VERIFICACIÓN,0,0,0,0,0,0,0,,40,GO-GV
76834,Tuluá,ARO Centro - Tuluá,Energía eléctrica,,SIN MARCA,,SIN MARCA,,SIN MARCA,,SIN MARCA,,,,,SIN DATO,SIN DATO,0,0,0,0,0,0,0,,40,GW-HD
76834,Tuluá,ARO Centro - Tuluá,Gas,,SIN MARCA,,SIN MARCA,,SIN MARCA,,SIN MARCA,,,,,SIN DATO,SIN DATO,0,0,0,0,0,0,0,,40,HE-HL
76845,Ulloa,ARO Norte - Cartago,Acueducto,,SIN MARCA,,SIN MARCA,,SIN MARCA,,SIN MARCA,0,0,"Se realiza contacto, no se tiene información de afectaciones hasta el momento ","Se realiza contacto, no se tiene información de afectaciones hasta el momento ",SIN INFORMACIÓN / EN VERIFICACIÓN,SIN INFORMACIÓN / EN VERIFICACIÓN,0,0,0,0,0,0,0,,41,FQ-FX
76845,Ulloa,ARO Norte - Cartago,Alcantarillado,,SIN MARCA,,SIN MARCA,,SIN MARCA,,SIN MARCA,,,"Se realiza contacto, no se tiene información de afectaciones hasta el momento ","Se realiza contacto, no se tiene información de afectaciones hasta el momento ",SIN INFORMACIÓN / EN VERIFICACIÓN,SIN INFORMACIÓN / EN VERIFICACIÓN,0,0,0,0,0,0,0,,41,FY-GF
76845,Ulloa,ARO Norte - Cartago,Saneamiento básico,,SIN MARCA,,SIN MARCA,,SIN MARCA,,SIN MARCA,,,,,SIN DATO,SIN DATO,0,0,0,0,0,0,0,,41,GG-GN
76845,Ulloa,ARO Norte - Cartago,Recolección de basuras,,SIN MARCA,,SIN MARCA,,SIN MARCA,,SIN MARCA,,,"Se realiza contacto, no se tiene información de afectaciones hasta el momento ","Se realiza contacto, no se tiene información de afectaciones hasta el momento ",SIN INFORMACIÓN / EN VERIFICACIÓN,SIN INFORMACIÓN / EN VERIFICACIÓN,0,0,0,0,0,0,0,,41,GO-GV
76845,Ulloa,ARO Norte - Cartago,Energía eléctrica,,SIN MARCA,,SIN MARCA,,SIN MARCA,,SIN MARCA,,,,,SIN DATO,SIN DATO,0,0,0,0,0,0,0,,41,GW-HD
76845,Ulloa,ARO Norte - Cartago,Gas,,SIN MARCA,,SIN MARCA,,SIN MARCA,,SIN MARCA,,,,,SIN DATO,SIN DATO,0,0,0,0,0,0,0,,41,HE-HL
76863,Versalles,ARO Norte - Cartago,Acueducto,,SIN MARCA,,SIN MARCA,,SIN MARCA,,SIN MARCA,0,0,"Se realiza contacto, no se tiene información de afectaciones hasta el momento ","Se realiza contacto, no se tiene información de afectaciones hasta el momento ",SIN INFORMACIÓN / EN VERIFICACIÓN,SIN INFORMACIÓN / EN VERIFICACIÓN,0,0,0,0,0,0,0,,42,FQ-FX
76863,Versalles,ARO Norte - Cartago,Alcantarillado,,SIN MARCA,,SIN MARCA,,SIN MARCA,,SIN MARCA,,,"Se realiza contacto, no se tiene información de afectaciones hasta el momento ","Se realiza contacto, no se tiene información de afectaciones hasta el momento ",SIN INFORMACIÓN / EN VERIFICACIÓN,SIN INFORMACIÓN / EN VERIFICACIÓN,0,0,0,0,0,0,0,,42,FY-GF
76863,Versalles,ARO Norte - Cartago,Saneamiento básico,,SIN MARCA,,SIN MARCA,,SIN MARCA,,SIN MARCA,,,,,SIN DATO,SIN DATO,0,0,0,0,0,0,0,,42,GG-GN
76863,Versalles,ARO Norte - Cartago,Recolección de basuras,,SIN MARCA,,SIN MARCA,,SIN MARCA,,SIN MARCA,,,"Se realiza contacto, no se tiene información de afectaciones hasta el momento ","Se realiza contacto, no se tiene información de afectaciones hasta el momento ",SIN INFORMACIÓN / EN VERIFICACIÓN,SIN INFORMACIÓN / EN VERIFICACIÓN,0,0,0,0,0,0,0,,42,GO-GV
76863,Versalles,ARO Norte - Cartago,Energía eléctrica,,SIN MARCA,,SIN MARCA,,SIN MARCA,,SIN MARCA,,,,,SIN DATO,SIN DATO,0,0,0,0,0,0,0,,42,GW-HD
76863,Versalles,ARO Norte - Cartago,Gas,,SIN MARCA,,SIN MARCA,,SIN MARCA,,SIN MARCA,,,,,SIN DATO,SIN DATO,0,0,0,0,0,0,0,,42,HE-HL
76869,Vijes,ARO Sur - Cali,Acueducto,,SIN MARCA,,SIN MARCA,,SIN MARCA,,SIN MARCA,,,"Se realiza contacto, no se tiene información de afectaciones hasta el momento ","Se realiza contacto, no se tiene información de afectaciones hasta el momento ",SIN INFORMACIÓN / EN VERIFICACIÓN,SIN INFORMACIÓN / EN VERIFICACIÓN,0,0,0,0,0,0,0,,43,FQ-FX
76869,Vijes,ARO Sur - Cali,Alcantarillado,,SIN MARCA,,SIN MARCA,,SIN MARCA,,SIN MARCA,,,"Se realiza contacto, no se tiene información de afectaciones hasta el momento ","Se realiza contacto, no se tiene información de afectaciones hasta el momento ",SIN INFORMACIÓN / EN VERIFICACIÓN,SIN INFORMACIÓN / EN VERIFICACIÓN,0,0,0,0,0,0,0,,43,FY-GF
76869,Vijes,ARO Sur - Cali,Saneamiento básico,,SIN MARCA,,SIN MARCA,,SIN MARCA,,SIN MARCA,,,,,SIN DATO,SIN DATO,0,0,0,0,0,0,0,,43,GG-GN
76869,Vijes,ARO Sur - Cali,Recolección de basuras,,SIN MARCA,,SIN MARCA,,SIN MARCA,,SIN MARCA,,,"Se realiza contacto, no se tiene información de afectaciones hasta el momento ","Se realiza contacto, no se tiene información de afectaciones hasta el momento ",SIN INFORMACIÓN / EN VERIFICACIÓN,SIN INFORMACIÓN / EN VERIFICACIÓN,0,0,0,0,0,0,0,,43,GO-GV
76869,Vijes,ARO Sur - Cali,Energía eléctrica,,SIN MARCA,,SIN MARCA,X,MARCADO,,SIN MARCA,,,En la zona rural y 5 barrios del casco urbano no hay servicio de energía eléctrica,,REPORTADO,SIN DATO,1,1,0,0,0,0,0,,43,GW-HD
76869,Vijes,ARO Sur - Cali,Gas,,SIN MARCA,,SIN MARCA,,SIN MARCA,,SIN MARCA,,,,,SIN DATO,SIN DATO,0,0,0,0,0,0,0,,43,HE-HL
76890,Yotoco,ARO Centro - Tuluá,Acueducto,,SIN MARCA,,SIN MARCA,,SIN MARCA,,SIN MARCA,,,"Se realiza contacto, no se tiene información de afectaciones hasta el momento ","Se realiza contacto, no se tiene información de afectaciones hasta el momento ",SIN INFORMACIÓN / EN VERIFICACIÓN,SIN INFORMACIÓN / EN VERIFICACIÓN,0,0,0,0,0,0,0,,44,FQ-FX
76890,Yotoco,ARO Centro - Tuluá,Alcantarillado,,SIN MARCA,,SIN MARCA,,SIN MARCA,,SIN MARCA,,,"Se realiza contacto, no se tiene información de afectaciones hasta el momento ","Se realiza contacto, no se tiene información de afectaciones hasta el momento ",SIN INFORMACIÓN / EN VERIFICACIÓN,SIN INFORMACIÓN / EN VERIFICACIÓN,0,0,0,0,0,0,0,,44,FY-GF
76890,Yotoco,ARO Centro - Tuluá,Saneamiento básico,,SIN MARCA,,SIN MARCA,,SIN MARCA,,SIN MARCA,,,,"Se realiza contacto, a la espera de confirmacion de plan de contingencia y capacidad para recepcionar RCD",REPORTADO,OTRA / REVISAR,1,0,0,0,0,0,0,,44,GG-GN
76890,Yotoco,ARO Centro - Tuluá,Recolección de basuras,,SIN MARCA,,SIN MARCA,,SIN MARCA,,SIN MARCA,,,"Se realiza contacto, no se tiene información de afectaciones hasta el momento ","Se realiza contacto, no se tiene información de afectaciones hasta el momento ",SIN INFORMACIÓN / EN VERIFICACIÓN,SIN INFORMACIÓN / EN VERIFICACIÓN,0,0,0,0,0,0,0,,44,GO-GV
76890,Yotoco,ARO Centro - Tuluá,Energía eléctrica,,SIN MARCA,,SIN MARCA,,SIN MARCA,,SIN MARCA,,,,,SIN DATO,SIN DATO,0,0,0,0,0,0,0,,44,GW-HD
76890,Yotoco,ARO Centro - Tuluá,Gas,,SIN MARCA,,SIN MARCA,,SIN MARCA,,SIN MARCA,,,,,SIN DATO,SIN DATO,0,0,0,0,0,0,0,,44,HE-HL
76892,Yumbo,ARO Sur - Cali,Acueducto,x,MARCADO,,SIN MARCA,,SIN MARCA,,SIN MARCA,,,varios sectores sin suministro de agua potable,,REPORTADO,SIN DATO,1,0,0,0,0,0,0,,45,FQ-FX
76892,Yumbo,ARO Sur - Cali,Alcantarillado,,SIN MARCA,,SIN MARCA,,SIN MARCA,,SIN MARCA,,,"Se realiza contacto, no se tiene información de afectaciones hasta el momento ","Se realiza contacto, no se tiene información de afectaciones hasta el momento ",SIN INFORMACIÓN / EN VERIFICACIÓN,SIN INFORMACIÓN / EN VERIFICACIÓN,0,0,0,0,0,0,0,,45,FY-GF
76892,Yumbo,ARO Sur - Cali,Saneamiento básico,,SIN MARCA,,SIN MARCA,,SIN MARCA,,SIN MARCA,,,,,SIN DATO,SIN DATO,0,0,0,0,0,0,0,,45,GG-GN
76892,Yumbo,ARO Sur - Cali,Recolección de basuras,,SIN MARCA,,SIN MARCA,,SIN MARCA,,SIN MARCA,,,"Se realiza contacto, no se tiene información de afectaciones hasta el momento ","Se realiza contacto, no se tiene información de afectaciones hasta el momento ",SIN INFORMACIÓN / EN VERIFICACIÓN,SIN INFORMACIÓN / EN VERIFICACIÓN,0,0,0,0,0,0,0,,45,GO-GV
76892,Yumbo,ARO Sur - Cali,Energía eléctrica,,SIN MARCA,,SIN MARCA,,SIN MARCA,,SIN MARCA,,,Sectores de zona rural y urbana sin fluido electrico,,REPORTADO,SIN DATO,1,1,0,0,0,0,0,,45,GW-HD
76892,Yumbo,ARO Sur - Cali,Gas,,SIN MARCA,,SIN MARCA,,SIN MARCA,,SIN MARCA,,,sectores sin suministro de gas,,REPORTADO,SIN DATO,1,0,0,0,0,0,0,,45,HE-HL
76895,Zarzal,ARO Centro - Tuluá,Acueducto,,SIN MARCA,,SIN MARCA,,SIN MARCA,X,MARCADO,,,Suspensión temporal del acueducto por daños en tubería del Sara Brut. ,"Apoyo con carrotanques de Bomberos para distribución de agua para consumo.

6 Carrotanques.

Se proyecta mañana 12/08/2026 en la noche, reestablecer la operación del  SARA- BRUT.  ",REPORTADO,ALTERNATIVA TEMPORAL,1,0,1,1,0,0,1,,46,FQ-FX
76895,Zarzal,ARO Centro - Tuluá,Alcantarillado,no,NO MARCADO / EXPLÍCITO,,SIN MARCA,,SIN MARCA,,SIN MARCA,,,"Se realiza contacto, no se tiene información de afectaciones hasta el momento ","Se realiza contacto, no se tiene información de afectaciones hasta el momento ",SIN INFORMACIÓN / EN VERIFICACIÓN,SIN INFORMACIÓN / EN VERIFICACIÓN,0,0,0,0,0,0,0,,46,FY-GF
76895,Zarzal,ARO Centro - Tuluá,Saneamiento básico,,SIN MARCA,,SIN MARCA,,SIN MARCA,,SIN MARCA,,,,,SIN DATO,SIN DATO,0,0,0,0,0,0,0,,46,GG-GN
76895,Zarzal,ARO Centro - Tuluá,Recolección de basuras,,SIN MARCA,,SIN MARCA,,SIN MARCA,,SIN MARCA,,,"Se realiza contacto, no se tiene información de afectaciones hasta el momento ","Se realiza contacto, no se tiene información de afectaciones hasta el momento ",SIN INFORMACIÓN / EN VERIFICACIÓN,SIN INFORMACIÓN / EN VERIFICACIÓN,0,0,0,0,0,0,0,,46,GO-GV
76895,Zarzal,ARO Centro - Tuluá,Energía eléctrica,,SIN MARCA,,SIN MARCA,,SIN MARCA,,SIN MARCA,,,la paila sin energia y vallejuelo,,REPORTADO,SIN DATO,1,1,0,0,0,0,0,,46,GW-HD
76895,Zarzal,ARO Centro - Tuluá,Gas,,SIN MARCA,,SIN MARCA,,SIN MARCA,,SIN MARCA,,,,,SIN DATO,SIN DATO,0,0,0,0,0,0,0,,46,HE-HL
