codigo_dane,municipio,poblacion_humana_dane_2025,poblacion_perros_2025,poblacion_gatos_2025,poblacion_total_animales_2025,perros_vacunados_2025,gatos_vacunados_2025,total_vacunados_2025,cobertura_perros_2025_pct,cobertura_gatos_2025_pct,cobertura_total_2025_pct,meta_80_total_animales,vigencia_referencia,fuente
76020,ALCALÁ,14929,2704,2066,4770,2368,1571,3939,87.6,76.0,82.6,3816,2025,https://www.minsalud.gov.co/sites/rid/Lists/BibliotecaDigital/RIDE/VS/PP/PAI/antirrabica-perros-gatos-depto-mun-2025.pdf
76036,ANDALUCÍA,23054,2971,1839,4810,2579,1382,3961,86.8,75.1,82.3,3848,2025,https://www.minsalud.gov.co/sites/rid/Lists/BibliotecaDigital/RIDE/VS/PP/PAI/antirrabica-perros-gatos-depto-mun-2025.pdf
76041,ANSERMANUEVO,18399,2392,1574,3966,1611,1514,3125,67.3,96.2,78.8,3173,2025,https://www.minsalud.gov.co/sites/rid/Lists/BibliotecaDigital/RIDE/VS/PP/PAI/antirrabica-perros-gatos-depto-mun-2025.pdf
76054,ARGELIA,5558,1198,575,1773,1032,471,1503,86.1,81.9,84.8,1419,2025,https://www.minsalud.gov.co/sites/rid/Lists/BibliotecaDigital/RIDE/VS/PP/PAI/antirrabica-perros-gatos-depto-mun-2025.pdf
76100,BOLÍVAR,16496,2114,1335,3449,1807,1195,3002,85.5,89.5,87.0,2760,2025,https://www.minsalud.gov.co/sites/rid/Lists/BibliotecaDigital/RIDE/VS/PP/PAI/antirrabica-perros-gatos-depto-mun-2025.pdf
76111,GUADALAJARA DE BUGA,133907,12829,6695,19524,1786,1109,2895,13.9,16.6,14.8,15620,2025,https://www.minsalud.gov.co/sites/rid/Lists/BibliotecaDigital/RIDE/VS/PP/PAI/antirrabica-perros-gatos-depto-mun-2025.pdf
76113,BUGALAGRANDE,26208,3086,1665,4751,2282,1395,3677,73.9,83.8,77.4,3801,2025,https://www.minsalud.gov.co/sites/rid/Lists/BibliotecaDigital/RIDE/VS/PP/PAI/antirrabica-perros-gatos-depto-mun-2025.pdf
76122,CAICEDONIA,29646,3914,2381,6295,2478,2115,4593,63.3,88.8,73.0,5036,2025,https://www.minsalud.gov.co/sites/rid/Lists/BibliotecaDigital/RIDE/VS/PP/PAI/antirrabica-perros-gatos-depto-mun-2025.pdf
76126,CALIMA,19461,1946,1097,3043,1704,1050,2754,87.6,95.7,90.5,2435,2025,https://www.minsalud.gov.co/sites/rid/Lists/BibliotecaDigital/RIDE/VS/PP/PAI/antirrabica-perros-gatos-depto-mun-2025.pdf
76130,CANDELARIA,94202,9973,5311,15284,8004,4322,12326,80.3,81.4,80.6,12228,2025,https://www.minsalud.gov.co/sites/rid/Lists/BibliotecaDigital/RIDE/VS/PP/PAI/antirrabica-perros-gatos-depto-mun-2025.pdf
76147,CARTAGO,143522,14352,8304,22656,8878,6716,15594,61.9,80.9,68.8,18125,2025,https://www.minsalud.gov.co/sites/rid/Lists/BibliotecaDigital/RIDE/VS/PP/PAI/antirrabica-perros-gatos-depto-mun-2025.pdf
76233,DAGUA,49864,6228,3959,10187,4905,3035,7940,78.8,76.7,77.9,8150,2025,https://www.minsalud.gov.co/sites/rid/Lists/BibliotecaDigital/RIDE/VS/PP/PAI/antirrabica-perros-gatos-depto-mun-2025.pdf
76243,EL ÁGUILA,9185,1308,1042,2350,1104,819,1923,84.4,78.6,81.8,1880,2025,https://www.minsalud.gov.co/sites/rid/Lists/BibliotecaDigital/RIDE/VS/PP/PAI/antirrabica-perros-gatos-depto-mun-2025.pdf
76246,EL CAIRO,7059,1221,772,1993,948,659,1607,77.6,85.4,80.6,1595,2025,https://www.minsalud.gov.co/sites/rid/Lists/BibliotecaDigital/RIDE/VS/PP/PAI/antirrabica-perros-gatos-depto-mun-2025.pdf
76248,EL CERRITO,58042,8184,3998,12182,5396,3998,9394,65.9,100.0,77.1,9746,2025,https://www.minsalud.gov.co/sites/rid/Lists/BibliotecaDigital/RIDE/VS/PP/PAI/antirrabica-perros-gatos-depto-mun-2025.pdf
76250,EL DOVIO,9246,1315,967,2282,1151,769,1920,87.5,79.5,84.1,1826,2025,https://www.minsalud.gov.co/sites/rid/Lists/BibliotecaDigital/RIDE/VS/PP/PAI/antirrabica-perros-gatos-depto-mun-2025.pdf
76275,FLORIDA,58566,8017,3763,11780,6316,3763,10079,78.8,100.0,85.6,9424,2025,https://www.minsalud.gov.co/sites/rid/Lists/BibliotecaDigital/RIDE/VS/PP/PAI/antirrabica-perros-gatos-depto-mun-2025.pdf
76306,GINEBRA,25186,2655,1290,3945,1662,1048,2710,62.6,81.2,68.7,3156,2025,https://www.minsalud.gov.co/sites/rid/Lists/BibliotecaDigital/RIDE/VS/PP/PAI/antirrabica-perros-gatos-depto-mun-2025.pdf
76318,GUACARÍ,35614,4830,3042,7872,4608,2864,7472,95.4,94.1,94.9,6298,2025,https://www.minsalud.gov.co/sites/rid/Lists/BibliotecaDigital/RIDE/VS/PP/PAI/antirrabica-perros-gatos-depto-mun-2025.pdf
76364,JAMUNDÍ,181942,11635,4655,16290,7306,4105,11411,62.8,88.2,70.0,13032,2025,https://www.minsalud.gov.co/sites/rid/Lists/BibliotecaDigital/RIDE/VS/PP/PAI/antirrabica-perros-gatos-depto-mun-2025.pdf
76377,LA CUMBRE,17397,3135,1414,4549,2336,1112,3448,74.5,78.6,75.8,3640,2025,https://www.minsalud.gov.co/sites/rid/Lists/BibliotecaDigital/RIDE/VS/PP/PAI/antirrabica-perros-gatos-depto-mun-2025.pdf
76400,LA UNIÓN,34788,4196,3228,7424,2925,2802,5727,69.7,86.8,77.1,5940,2025,https://www.minsalud.gov.co/sites/rid/Lists/BibliotecaDigital/RIDE/VS/PP/PAI/antirrabica-perros-gatos-depto-mun-2025.pdf
76403,LA VICTORIA,12511,1633,1166,2799,1603,1166,2769,98.2,100.0,98.9,2240,2025,https://www.minsalud.gov.co/sites/rid/Lists/BibliotecaDigital/RIDE/VS/PP/PAI/antirrabica-perros-gatos-depto-mun-2025.pdf
76497,OBANDO,12663,2123,1479,3602,1678,1247,2925,79.0,84.3,81.2,2882,2025,https://www.minsalud.gov.co/sites/rid/Lists/BibliotecaDigital/RIDE/VS/PP/PAI/antirrabica-perros-gatos-depto-mun-2025.pdf
76520,PALMIRA,359888,28073,10556,38629,8608,4345,12953,30.7,41.2,33.5,30904,2025,https://www.minsalud.gov.co/sites/rid/Lists/BibliotecaDigital/RIDE/VS/PP/PAI/antirrabica-perros-gatos-depto-mun-2025.pdf
76563,PRADERA,49487,7575,3848,11423,4880,3159,8039,64.4,82.1,70.4,9139,2025,https://www.minsalud.gov.co/sites/rid/Lists/BibliotecaDigital/RIDE/VS/PP/PAI/antirrabica-perros-gatos-depto-mun-2025.pdf
76606,RESTREPO,16596,3143,1471,4614,2339,1426,3765,74.4,96.9,81.6,3692,2025,https://www.minsalud.gov.co/sites/rid/Lists/BibliotecaDigital/RIDE/VS/PP/PAI/antirrabica-perros-gatos-depto-mun-2025.pdf
76616,RIOFRÍO,16014,2191,1386,3577,1761,1348,3109,80.4,97.3,86.9,2862,2025,https://www.minsalud.gov.co/sites/rid/Lists/BibliotecaDigital/RIDE/VS/PP/PAI/antirrabica-perros-gatos-depto-mun-2025.pdf
76622,ROLDANILLO,37806,3854,2455,6309,3210,2455,5665,83.3,100.0,89.8,5048,2025,https://www.minsalud.gov.co/sites/rid/Lists/BibliotecaDigital/RIDE/VS/PP/PAI/antirrabica-perros-gatos-depto-mun-2025.pdf
76670,SAN PEDRO,18196,2672,1258,3930,2024,1204,3228,75.7,95.7,82.1,3144,2025,https://www.minsalud.gov.co/sites/rid/Lists/BibliotecaDigital/RIDE/VS/PP/PAI/antirrabica-perros-gatos-depto-mun-2025.pdf
76736,SEVILLA,43890,5633,2831,8464,3983,2831,6814,70.7,100.0,80.5,6772,2025,https://www.minsalud.gov.co/sites/rid/Lists/BibliotecaDigital/RIDE/VS/PP/PAI/antirrabica-perros-gatos-depto-mun-2025.pdf
76823,TORO,15013,1869,1592,3461,1348,1410,2758,72.1,88.6,79.7,2769,2025,https://www.minsalud.gov.co/sites/rid/Lists/BibliotecaDigital/RIDE/VS/PP/PAI/antirrabica-perros-gatos-depto-mun-2025.pdf
76828,TRUJILLO,19790,2264,1293,3557,2187,1293,3480,96.6,100.0,97.8,2846,2025,https://www.minsalud.gov.co/sites/rid/Lists/BibliotecaDigital/RIDE/VS/PP/PAI/antirrabica-perros-gatos-depto-mun-2025.pdf
76834,TULUÁ,233385,27456,16819,44275,9771,6176,15947,35.6,36.7,36.0,35420,2025,https://www.minsalud.gov.co/sites/rid/Lists/BibliotecaDigital/RIDE/VS/PP/PAI/antirrabica-perros-gatos-depto-mun-2025.pdf
76845,ULLOA,5847,1047,665,1712,969,665,1634,92.6,100.0,95.4,1370,2025,https://www.minsalud.gov.co/sites/rid/Lists/BibliotecaDigital/RIDE/VS/PP/PAI/antirrabica-perros-gatos-depto-mun-2025.pdf
76863,VERSALLES,7475,1131,813,1944,1065,691,1756,94.2,85.0,90.3,1556,2025,https://www.minsalud.gov.co/sites/rid/Lists/BibliotecaDigital/RIDE/VS/PP/PAI/antirrabica-perros-gatos-depto-mun-2025.pdf
76869,VIJES,13324,1468,837,2305,1352,782,2134,92.1,93.4,92.6,1844,2025,https://www.minsalud.gov.co/sites/rid/Lists/BibliotecaDigital/RIDE/VS/PP/PAI/antirrabica-perros-gatos-depto-mun-2025.pdf
76890,YOTOCO,16466,3561,1513,5074,2182,1498,3680,61.3,99.0,72.5,4060,2025,https://www.minsalud.gov.co/sites/rid/Lists/BibliotecaDigital/RIDE/VS/PP/PAI/antirrabica-perros-gatos-depto-mun-2025.pdf
76892,YUMBO,108895,12881,7619,20500,8941,7294,16235,69.4,95.7,79.2,16400,2025,https://www.minsalud.gov.co/sites/rid/Lists/BibliotecaDigital/RIDE/VS/PP/PAI/antirrabica-perros-gatos-depto-mun-2025.pdf
76895,ZARZAL,43252,4797,3053,7850,3625,2420,6045,75.6,79.3,77.0,6280,2025,https://www.minsalud.gov.co/sites/rid/Lists/BibliotecaDigital/RIDE/VS/PP/PAI/antirrabica-perros-gatos-depto-mun-2025.pdf
