id,aro,municipio,zona,sistema,localidad,estado_operativo,estado_actual,poblacion_atendida,poblacion_afectada,prioridad,afectacion,accion_requerida,inversion_cop,fotos,fuentes
DEP-ACU-ANDALUC-A-201,Centro Tuluá,Andalucía,Urbano,ACUAVALLE S.A (ESP),,NORMAL,SIN AFECTACION,24480,,BAJA,"REPORTE_URBANO [ACU-0002]: Vulnerabilidad sísmica y geológica al edificio de operaciones, fisuras en el tanque de sedimentación No 2 y desarenador principal.","REPORTE_URBANO [ACU-0002]: Realizar estudio de vulnerabilidad sismoresistente en el edifio de operaciones y estudio de suelos para evaluación de la capacidad del terreno, implementar los refuerzos para la reparación de las fisuras presentadas en la estructura",14000000,0,REPORTE_URBANO | UESVALLE
DEP-ACU-ANSERMANUEVO-60,Norte Cartago,Ansermanuevo,Urbano,ACUAVALLE S.A. E.S.P. SUCURSAL ANSERMANUEVO.,CENTRO,NORMAL,POR VALIDAR,13904,10500,BAJA,"REPORTE_URBANO [ACU-0003]: Afectación estructural en el segundo piso de la caseta de operación.derrumbe de material en zona adyacente al muro del Tanque No. 1.
Caída y acumulación de escombros en la caja del macromedidor No. 1.
Daños en el equipo SAP utilizado para la toma y registro de lecturas.","REPORTE_URBANO [ACU-0003]: Realizar estudios de vulnerabilidad sismorresistente en los tanques de almacenamiento y edificios de operación.
Implementar los refuerzos estructurales requeridos de acuerdo con los resultados de los estudios.
Reponer las tuberías afectadas en AC.
Construir un muro de contención en la zona adyacente al Tanque No. 1. Reponer Equipos de SAP",800000000,0,REPORTE_URBANO | UESVALLE
DEP-ACU-ANSERMANUEVO-2161,Norte Cartago,Ansermanuevo,Rural,ACUEDUCTO COMUNITARIO SALAZAR,CORREGIMIENTO  SAN AGUSTIN,PARCIAL,MAL ESTADO,1280,1420,ALTA,"UESVALLE [ACU-ANSERMANUEVO-2161]: VERIFICACIÓN: sufrieron daños en las conexiones de los filtros que les instaló Vallecaucana y tienen suspendida la desinfección
VALLECAUCANA [VAL-0003]:  DESTRUCCIÓN DE TUBERÍAS, AGRIETAMIENTO DE TANQUE DE ALMACENAMIENTO. DESTRUCCIÓN DEL FILTRO","VALLECAUCANA [VAL-0003]: Construcion tanque de almacenamiento de 40.000 lt, con sus respectivas instalaciones hidraulicas",937500000,6,UESVALLE | VALLECAUCANA
DEP-ACU-ANSERMANUEVO-9345,Norte Cartago,Ansermanuevo,Rural,ASOCIACION DE USUARIOS DEL ACUEDUCTO EL VERGEL - ACUAVERGEL,CORREGIMIENTO EL VERGEL,PARCIAL,ARREGLO PARCIAL,840,610,MEDIA,VALLECAUCANA [VAL-0001]: AFECTACIONES EN LA BOCATOMA DE LA PALMASE LLEVO LA TUBERIA DE ADUCCION Y CONDUCION DE LA FUENTE D ELA SOLEDAD LLEGANDO A LA PLANTA DE TRATAMIENTO,VALLECAUCANA [VAL-0001]: REMPLAZAR 300 METROS DE TUBERIA / REPARACION DE BOCATOMA  COLAPSADA,325000000,3,UESVALLE | VALLECAUCANA
DEP-ACU-ARGELIA-64,Norte Cartago,Argelia,Urbano,ACUAVALLE S.A. E.S.P. SUCURSAL ARGELIA.,APARICIO,NORMAL,POR VALIDAR,3092,2200,BAJA,"REPORTE_URBANO [ACU-0004]: Afectación estructural en la caseta destinada al alojamiento de la planta eléctrica.Afectación estructural en la caseta de ooeracion.Daños en el sistema y equipos de cloración.Afectación de la planta eléctrica de emergencia, con posible compromiso de su operatividad.
Daños y afectaciones en las redes matrices y tuberías del sistema de acueducto, incluyendo posibles fisuras y roturas","REPORTE_URBANO [ACU-0004]: Realizar estudios de vulnerabilidad sismorresistente en los tanques de almacenamiento, casetas y edificios de operación.mplementar los refuerzos estructurales requeridos de acuerdo con los resultados de los estudios.
Reponer las tuberías afectadas en AC. Reparar y asegurar estructuralmente las casetas afectadas.
Garantizar la operatividad del sistema de cloración.
Verificar el funcionamiento de la planta eléctrica de emergencia.Inspeccionar y reparar daños en redes matrices y tuberías de acueducto.
Realizar pruebas de estanqueidad y presurización de las redes intervenidas.
Verificar la calidad del agua antes de restablecer el suministro.",650000000,5,REPORTE_URBANO | UESVALLE
DEP-ACU-ARGELIA-1027,Norte Cartago,Argelia,Rural,ADMINISTRACION COOPERATIVA SAN ROQUE SISTEMA #1- LA SOLEDAD LA PAZ - LA PRIMAVERA - TARRITOS,VEREDA LA SOLEDA,NORMAL,POR VALIDAR,800,,BAJA,"UESVALLE [ACU-ARGELIA-1027]: VERIFICACIÓN: tuberia reventada. algunas abrazaderas se soltaron, hubieron daños en algunos baños.",,0,0,UESVALLE
DEP-ACU-ARGELIA-1029,Norte Cartago,Argelia,Rural,ASOCIACION DE USUARIOS DEL ACUEDUCTO LA CRISTALINA,VEREDA LA CRISTALINA,NORMAL,MAL ESTADO,72,80,MEDIA,"UESVALLE [ACU-ARGELIA-1029]: VERIFICACIÓN: terreno inestable, fracturas en el desarenador.
VALLECAUCANA [VAL-0004]: SE EVIDENCIÓ, DURANTE EL RECORRIDO REALIZADO, QUE, COMO CONSECUENCIA DEL PASADO TERREMOTO, SE PRESENTARON GRIETAS EN EL TERRENO DONDE SE ENCUENTRA UBICADO EL SISTEMA DE ACUEDUCTO. EN ESTA ZONA SE LOCALIZAN EL TANQUE PRINCIPAL, CON UNA CAPACIDAD DE ALMACENAMIENTO DE 30.000 LITROS, Y EL DESARENADOR, SITUACIÓN QUE GENERA INESTABILIDAD EN EL TERRENO Y PODRÍA AFECTAR LA ESTABILIDAD DE LAS ESTRUCTURAS.   ESTA SITUACIÓN GENERA MAYOR PREOCUPACIÓN DEBIDO A QUE, APROXIMADAMENTE A 100 METROS LINEALES EN LA PARTE INFERIOR DE LOS TANQUES, SE ENCUENTRAN UBICADAS DOS VIVIENDAS, EN LAS CUALES RESIDEN SUS RESPECTIVAS FAMILIAS.","VALLECAUCANA [VAL-0004]:  REUBICAR, CONSTRUIR DE NUEVO EL SISTEMA",1620000000,1,UESVALLE | VALLECAUCANA
DEP-ACU-ARGELIA-3508,Norte Cartago,Argelia,Rural,ASOCIACION DE USUARIOS DEL ACUEDUCTO LA PALMA,VEREDA LA PALMA,PARCIAL,POR VALIDAR,368,,MEDIA,,,0,0,UESVALLE
DEP-ACU-ARGELIA-1016,Norte Cartago,Argelia,Rural,ASOCIACION DE USUARIOS DEL ACUEDUCTO RURAL COMUNITARIO DEL CORREGIMIENTO DE MARACAIBO,CORREGIMIENTO DE MARACAIBO,NORMAL,MAL ESTADO,340,340,MEDIA,"UESVALLE [ACU-ARGELIA-1016]: VERIFICACIÓN: tanque filtracion en la parte
VALLECAUCANA [VAL-0005]: EL TANQUE PRINCIPAL DE LA BOCATOMA DESPUÉS DEL TERREMOTO DEL 10 DE AGOSTO, SE FISURO EN LA PARTE DE ABAJO EN UNA DE LAS ESQUINAS EVIDENCIANDO UNA FUGA CONSIDERABLE DEL AGUA.","VALLECAUCANA [VAL-0005]: Construcion tanque de almacenamiento de 20.000 lt, con sus respectivas instalaciones hidraulicas",875000000,2,UESVALLE | VALLECAUCANA
DEP-ACU-ARGELIA-3511,Norte Cartago,Argelia,Rural,COOPERATIVA SAN ROQUE LAS BRISAS RAIZAL LA AURORA -SISTEMA # 2,VEREDA LA AURORA,NORMAL,MAL ESTADO,800,,MEDIA,"Validación telefónica 04/09/2026: presentó afectaciones en el tanque de almacenamiento y en el viaducto de la fuente alterna. El servicio opera normalmente, con bajo caudal.",,0,0,UESVALLE
DEP-ACU-BOL-VAR-166,Centro Tuluá,Bolívar,Urbano,ACUAVALLE S.A (ESP),GUABINERO,NORMAL,POR VALIDAR,8000,2059,BAJA,"REPORTE_URBANO [ACU-0005]: Vulnerabilidad por Fisuras en salida Tanque elevado y en Caseta de Cloración y Sustancias quimicas. Aplastamiento parcial de la tubería Ø20”de desagüe de la PTAP produjo reducción de capacidad hidraulica al conducto lo que está generando desbordamiento de aguas de lavado de las estructuras hacia predios contiguos al predio de la PTAP.Fisuras en muros del tanque de almacenamiento | daño en variadores de velocidad a causa de la desconexión espontáneas de redes eléctricas
REPORTE_URBANO [ACU-ALC-001]: Tuberia del emisor aplastada","REPORTE_URBANO [ACU-0005]: I.Reparación por fisuras en  Tanque elevado y reforzamiento confinado a Caseta de Cloración y Sustancias quimicas.Ejecutar reposición de 120 m de tuberia en Ø20"" con una cámara intermedia. Ejecutar reparación con productos epoxicos con tanque vacio | cambio de los dos variadores recuperando el 100% de la floculación
REPORTE_URBANO [ACU-ALC-001]: Reponer 400 m tuberia aplastada a PVC Ø24"". Calleón en tierra",1030000000,4,REPORTE_URBANO | UESVALLE
DEP-ACU-BOL-VAR-260,Centro Tuluá,Bolívar,Rural,ACUEDUCTO CORPOSANISIDRO,SAN ISIDRO,PARCIAL,POR VALIDAR,240,,MEDIA,"UESVALLE [ACU-BOL-VAR-260]: VERIFICACIÓN: Averias en tanque de almacenamiento
REPORTE_UES_1: TANQUE DE ALMACENAMIENTO AFECTADO COMO CONSECUENCIA DEL SISMO.","UESVALLE [ACU-BOL-VAR-260]: REALIZAR EVALUACIÓN ESTRUCTURAL Y DE ESTANQUEIDAD DEL TANQUE; EJECUTAR REPARACIÓN DE FISURAS, IMPERMEABILIZACIÓN Y/O REPOSICIÓN DE LOS ELEMENTOS COMPROMETIDOS SEGÚN EL DIAGNÓSTICO.",216000000,6,UESVALLE
DEP-ACU-BOL-VAR-1125,Centro Tuluá,Bolívar,Rural,ACUEDUCTO LA REFORMA VEREDA LA AGUADA,LA AGUADA,NORMAL,SIN AFECTACION,652,684,BAJA,"VALLECAUCANA [VAL-0067]: Daño de tuberia de aduccion de cortina al tanque desarenador por volcamiento y desproteccion de dicha tuberia, daño en desarenador ocasionando filtracion, volcamiento del tanque de geomenbrana que prestaba el servicio de floculacion, volcamiento filtro de arena gruesa y perdida de material, rompimiento de muro y tuberia de filtro y perdida de arena gruesa, rompimiento de tuberia que conduce a filtros de arena fina, fracturacion fachada y techo que protege el tanque de almacenamiento de distribucion de agua","VALLECAUCANA [VAL-0067]: Realizar inspección y evaluación técnica de los componentes afectados para determinar las obras requeridas. Posteriormente, ejecutar las reparaciones y reconstrucciones necesarias, reponer los materiales y elementos deteriorados y realizar pruebas de funcionamiento que permitan garantizar la operación segura y continua del sistema de abastecimiento de agua.",540000000,0,UESVALLE | VALLECAUCANA
DEP-ACU-BOL-VAR-183,Centro Tuluá,Bolívar,Rural,ASOCIACION DE USUARIO DEL AGUA POTABLE Y ALCANTARILLADO DE RICAURTE ASERCOM -ASERCOM,RICAURTE,NORMAL,POR VALIDAR,2280,,BAJA,"UESVALLE [ACU-BOL-VAR-183]: VERIFICACIÓN: DAÑOS MENORES, EN COLUMNA DEL TANQUE ELEVADO",,0,0,UESVALLE
DEP-ACU-BOL-VAR-200,Centro Tuluá,Bolívar,Rural,ASOCIACION DE USUARIOS DE ABASTO CORREGIMIENTO CERRO AZUL Y LAS VEREDAS SIRIA Y LA SOLEDAD,CERRO AZUL,NORMAL,POR VALIDAR,1000,1000,BAJA,"UESVALLE [ACU-BOL-VAR-200]: VERIFICACIÓN: AFECTACION EN TANQUE DE ALMACENAMIENTO
REPORTE_UES_1: AFECTACIÓN EN TANQUES RESERVORIOS ASOCIADA AL EVENTO SÍSMICO.","UESVALLE [ACU-BOL-VAR-200]: EVALUAR ESTRUCTURALMENTE LOS TANQUES RESERVORIOS, VERIFICAR FISURAS Y PÉRDIDAS DE ESTANQUEIDAD Y EJECUTAR REPARACIÓN, IMPERMEABILIZACIÓN O REPOSICIÓN SEGÚN EL NIVEL DE DAÑO.",104000000,3,UESVALLE
DEP-VAL-0007,Por validar,Guadalajara de Buga,RURAL,CHAMBIMBAL SAN ANTONIO,CHAMBIMBAL SAN ANTONIO,PARCIAL,MAL ESTADO,,1350,ALTA,"VALLECAUCANA [VAL-0007]: FISURA RADIAL EN TANQUE CIRCULAR DE ALMACENAMIENTO AUN TERCIO PARTE SUPERIOR, DAÑOS EN ACCESORIOS Y EMPALMES D ELA PLANTA DE TRATAMIENTO",VALLECAUCANA [VAL-0007]: REPACION DE JUNTA Y SUMINISTROS E INSTALACION DE ACCESORIOS EN PVC E HIERRO DUCTIL Y ANCLAJES,260000000,3,VALLECAUCANA
DEP-VAL-0008,Por validar,Guadalajara de Buga,RURAL,SONSITO MANANTIAL LA UNIDAD E INCIVA,SONSITO MANANTIAL LA UNIDAD E INCIVA,PARCIAL,MAL ESTADO,,1500,ALTA,"VALLECAUCANA [VAL-0008]: DAÑOS EN LAS VALVULAS, ACCESORIOS EN TUBERIAS DE CONDUCION DE 4 PULGADAS DE DIAMETRO Y FALTA DE ANCLAJE EN LOS SISTEMAS DE CLORACION","VALLECAUCANA [VAL-0008]: SUMINISTRO E INSTALACION DE TUBERIA DE DIAMETRO DE 4 PULGADAS , 100 METROS LINEALES , ANCLAJE ACCESORIOS Y ANCLAJE  DE LOS EQUIPOS DE CLORACION",126000000,1,VALLECAUCANA
DEP-ACU-BUGALAGRANDE-2156,Centro Tuluá,Bugalagrande,Rural,ASOCIACION DE USUARIOS DEL SERVICIO DE AGUA POTABLE DEL ACUEDUCTO Y ALCANTARILLADO DE MESTIZAL,MESTIZAL,PARCIAL,MAL ESTADO,520,520,MEDIA,"VALLECAUCANA [VAL-0009]: FRACTURA DEL TANQUE EN CONCRETO QUE ALMACENA EL AGUA Y TIENE UNA  CAPACIDAD UTIL DE 54 M3 , EL TANQUE SE SOPORTA EN 4  COLUMNAS EN CONCRETO, CON UNA ALTURA APROXIMADA DE 18 METROS","VALLECAUCANA [VAL-0009]:  CONSTRUIR DE NUEVO EL TANQUE QUE CUMPLA CON LA CAPACIDAD Y  LOS REQUERIMIENTOS TECNICOS NECESARIOS, Y SUS RESPECTIVAS INSTALACIONES HIDRAULICAS",1014000000,4,UESVALLE | VALLECAUCANA
DEP-ACU-BUGALAGRANDE-234,Centro Tuluá,Bugalagrande,Rural,ASOCIACION DE USUARIOS DEL SERVICIO DE AGUA POTABLE Y ALCANTARILLADO DE EL GUAYABO,EL GUAYABO,PARCIAL,MAL ESTADO,464,410,MEDIA,VALLECAUCANA [VAL-0011]:  DEBIDO A LA IRREGULARIDAD DEL SERVICIO DE ENERGIA DESPUES DEL SISMO SE QUEMO LA BOBINA 50/60 HZ INDISPENSABLE PARA EL FUNCIONAMIENTO DE LA BOMBA DEL SISTEMA QUE SURTE EL RECURSO A LOS USUARIOS.,VALLECAUCANA [VAL-0011]: EVALUACION Y OPTIMIZACION DEL SISTEMA ELECTRICO  DEL EQUIPO DE BOMBEO,41600000,1,UESVALLE | VALLECAUCANA
DEP-ACU-BUGALAGRANDE-2152,Centro Tuluá,Bugalagrande,Rural,ASOCIACION DE USUARIOS DEL SERVICIO DE AGUA POTABLE Y ALCANTARILLADO DE SAN ANTONIO,SAN ANTONIO,PARCIAL,MAL ESTADO,432,508,MEDIA,"VALLECAUCANA [VAL-0010]:  FRACTURA DEL TANQUE EN CONCRETO QUE ALMACENA EL AGUA, EL CUAL TIENE COMO DIMENSIONES 4X4X2 METROS,  CON UNA CAPACIDAD UTIL DE 32 M3. EL TANQUE ESTA SOPORTADO POR COLUMNAS EN CONCRETO.","VALLECAUCANA [VAL-0010]:  CONSTRUIR DE NUEVO EL TANQUE QUE CUMPLA CON LA CAPACIDAD Y  LOS REQUERIMIENTOS TECNICOS NECESARIOS, Y SUS RESPECTIVAS INSTALACIONES HIDRAULICAS",806000000,2,UESVALLE | VALLECAUCANA
DEP-ACU-CAICEDONIA-158,Centro Tuluá,Caicedonia,Urbano,ACUAVALLE S.A (ESP),OBRERO,NORMAL,POR VALIDAR,26968,7781,BAJA,"REPORTE_URBANO [ACU-0007]: Daños y afectaciones en las redes matrices y tuberías del sistema de acueducto, incluyendo posibles fisuras y roturas. | Daños y afectaciones en canal de aducción y tuberías de aducción, incluyendo posibles fisuras y roturas.","REPORTE_URBANO [ACU-0007]: Ejecutar Reposición conducción principal L= 700 metros lineales. Salida PTAP Hasta la Cra 16 con Calle 10 tuberia diametro 14"" | Ejecutar Reposición aducción principal L= 1000 metros lineales. Vereda limones tuberia diametro 14""",1800000000,0,REPORTE_URBANO | UESVALLE
DEP-ACU-CALIMA-930,Centro Tuluá,Calima (El Darién),Rural,ASOCIACION COMUNITARIA ADMINISTRADORA DEL ACUEDUCTO DE LA VEREDA EL DIAMANTE ACUADIAMANTE,EL DIAMANTE,POR VALIDAR,POR VALIDAR,428,,POR VALIDAR,"UESVALLE [ACU-CALIMA-930]: FORMULARIO: El tanque se averigio y está 
Abastecimiento  de contaminación",,0,0,UESVALLE
DEP-ACU-CALIMA-188,Centro Tuluá,Calima (El Darién),Urbano,EMCALIMA ESP,URBANO,NORMAL,POR VALIDAR,15592,6,BAJA,REPORTE_URBANO [EXT-004]: Fugas en acometidad de agua potable,,0,0,REPORTE_URBANO | UESVALLE
DEP-VAL-0014,Por validar,Candelaria,RURAL,GUALI,GUALI,PARCIAL,MAL ESTADO,,245,MEDIA,"VALLECAUCANA [VAL-0014]: FALLAS EN LA ESTRUCTURA  DE LAS COLUMNAS Y VIGAS  DEL TANQUE ELEVADO DE ABASTECIMIENTO DE AGUA, PRESENTA FISURAS Y FILTRACION DE AGUA, EVALUACION DEL POZO PROFUNDO PRESENTA DETERIORO EN SU TUBERIA DE REBESTIMINETO,   CASETA DE CLORACION  DESTRUIDA Y DAÑO DE BOMBA DE CLORACION","VALLECAUCANA [VAL-0014]: DEMOLICION TANQUE EXISTENTE Y CONSTRUCION DE TANQUE DE ALMACENAMIENTO CON SUS RESPECTIVAS INSTALACIONES HIDRAULICAS, EVALUACION DE POZO PROFUNDO Y CONSTRUCION DE CASETA DE CLORACION",1610000000,2,VALLECAUCANA
DEP-VAL-0012,Por validar,Candelaria,RURAL,LAURO,LAURO,PARCIAL,MAL ESTADO,,7460,ALTA,"VALLECAUCANA [VAL-0012]: TANQUE ELEVADO DE ALMACENAMIENTO PRESENTA  DESPRENDIMIENTO DE CONCRETO OBSERVABDOSE OXIDACION DE LOS ACEROS DE REFUERZO, EL POZO PROFUNDO DE MAS 100 METROS DE PROFUNDIDA PRESENTANDO TURBIEDAD EN EL AGUA QUE SE BOMBEA., LA CASETA DE CLORACION  DESTRUIDA","VALLECAUCANA [VAL-0012]: DEMOLICION TANQUE EXISTENTE Y CONSTRUCION DE TANQUE DE ALMACENAMIENTO CON SUS RESPECTIVAS INSTALACIONES HIDRAULICAS, EVALUACION DE POZO PROFUNDO Y CONSTRUCION DE CASETA DE CLORACION",1495000000,2,VALLECAUCANA
DEP-VAL-0013,Por validar,Candelaria,RURAL,SAN JOAQUIN,SAN JOAQUIN,PARCIAL,MAL ESTADO,,2950,ALTA,"VALLECAUCANA [VAL-0013]: DAÑO EN LA BOMBA DE CLORACION , FALLA EN EL REVESTIMIENTO DEL POZO PROFUNDO","VALLECAUCANA [VAL-0013]: EVALUACION  Y OPTIMIZACION DEL SISTEMA ELECTRICO, SUMINISTRO E INSTALACION DE BOMBA DOSIFICADORA DE CLORO, EVALUACION POZO PROFUNDO",70000000,2,VALLECAUCANA
DEP-ACU-DAGUA-49,Sur Cali,Dagua,Urbano,ACUAVALLE S.A. E.S.P. - SECCIONAL DAGUA,LA GRAN COLOMBIA,NORMAL,POR VALIDAR,15300,,BAJA,"REPORTE_URBANO [ACU-0010]: Caida del cerramiento del tanque de Remedios , Se vieron afectadas dos tuberías de distribución, presentandose dos daños de la tubería principal del municipio de 8"" y uno en tubería de 3"". Se ejecutaron las reparaciones con apoyo de personal de otras seccionales del AGUA 2,",REPORTE_URBANO [ACU-0010]: Reconstrucción de muro lateral y colocación de malla eslabonada,60000000,5,REPORTE_URBANO | UESVALLE
DEP-ACU-DAGUA-47,Sur Cali,Dagua,Rural,ACUAVALLE S.A. E.S.P. - SECCIONAL EL CARMEN DAGUA,EL CARMEN,NORMAL,POR VALIDAR,3462,,BAJA,REPORTE_URBANO [ACU-0009]: Desprendimiento tubería Tanque almacenamiento,"REPORTE_URBANO [ACU-0009]: Reemplazo de accesorios y tuberia HD a PVC de 4"", con pasamuro y resane de pared",18000000,4,REPORTE_URBANO | UESVALLE
DEP-ACU-DAGUA-1401,Sur Cali,Dagua,Rural,ASOCIACION ABASTO DE AGUA MARIA -PIÑAL- MUNICIPIO DE LA CUMBRE Y DAGUA VALLE DEL CAUCA - ASOABASE,EL PIÑAL,NORMAL,SIN AFECTACION,,205,BAJA,"UESVALLE [ACU-DAGUA-1401]: VERIFICACIÓN: PRESENTÓ AFECTACIONES EN ALGUNOS PUNTOS DE LA RED DE DISTRIBUCION LOS CUALES SE HAN SOLUCIONADO EN SU TOTALIDAD.
VALLECAUCANA [VAL-0017]:  SE IDENTIFICARON AFECTACIONES EN REDES DOMICILIARIAS Y DE DISTRIBUCIÓN. LOS DAÑOS PRELIMINARMENTE IDENTIFICADOS CORRESPONDEN APROXIMADAMENTE A: • SETENTA Y DOS (72) METROS DE TUBERÍA DE 1/2 PULGADA CORRESPONDIENTE A ACOMETIDAS DOMICILIARIAS. • TREINTA Y SEIS (36) METROS DE TUBERÍA DE DISTRIBUCIÓN DE DOS (2) PULGADAS, RDE 21. LAS AFECTACIONES REQUIEREN LA REPOSICIÓN DE LOS TRAMOS COMPROMETIDOS Y DE LOS ACCESORIOS QUE RESULTEN NECESARIOS PARA RECUPERAR LAS CONDICIONES NORMALES DE OPERACIÓN","VALLECAUCANA [VAL-0017]:  OPTIMIZACION  DE LA RED DE DISTRIBUCION,  DOMICILIARIAS   Y DOTACION DE SISTEMA DE CLORACION",49000000,1,UESVALLE | VALLECAUCANA
DEP-ACU-DAGUA-2897,Sur Cali,Dagua,Rural,"ASOCIACION COMUNITARIA DE ACUEDUCTO DE CHIPRE, ASOCHIPRE",CHIPRE,PARCIAL,MAL ESTADO,140,200,MEDIA,VALLECAUCANA [VAL-0018]:  FISURAS EN LOS TANQUES DE ALMACENAMIENTO. SON DOS TANQUES DE 8MIL LITROS. LAS FISURAS SON INTERNAS Y EXTERNAS,VALLECAUCANA [VAL-0018]: CONSTRUIR DOS TANQUES DE OCHO MIL LITROS CADA UNO EN CONCRETO,104000000,1,UESVALLE | VALLECAUCANA
DEP-ACU-DAGUA-3417,Sur Cali,Dagua,Rural,ASOCIACION DE USUARIOS ACUEDUCTO VEREDA LA CLORINDA,LA CLORINDA,PARCIAL,MAL ESTADO,,410,MEDIA,VALLECAUCANA [VAL-0020]: Avería de tuberías de la red principal que obliga a la prestacion de servicio parcial,VALLECAUCANA [VAL-0020]: EVALUACION DE RED PRINCIPAL DE MAS DE  180 METROS DE 3 PULGADAS,104000000,2,UESVALLE | VALLECAUCANA
DEP-ACU-DAGUA-2868,Sur Cali,Dagua,Rural,ASOCIACIÓN DE USUARIOS DEL ACUEDUCTO COMUNITARIO NACIMIENTO LA ROSITA - AGUA BUENA,YERBABUENA,PARCIAL,MAL ESTADO,,600,MEDIA,"VALLECAUCANA [VAL-0016]: EL TANQUE DE ALMACENAMIENTO EN CONCRETO DE APROXIMADAMENTE  30M³ PRESENTO FISURAS, FILTRACIONES ENTRE LOS MUROS Y LA LOSA SUPERIOR, DOS TANQUES  DE ALMACENAMIENTOS PLASTICOS AVERIADOS (2 METROS CUBICOS CADA UNO), BOMBA LAPICERO NO FUNCIONA (QUEMADA)","VALLECAUCANA [VAL-0016]: CONSTRUCION DE TANQUE DE ALMACENAMIENTO EN CONCRETO DE 40 METROS CUBICOS, REMPLAZO DE LOS DOS TANQUES PLASATICOS DE DOS METROS CUBICOS Y  SUMINISTRO E INSTALACION DE BOMBA LAPICERO DE POZO",875000000,3,UESVALLE | VALLECAUCANA
DEP-ACU-DAGUA-4057,Sur Cali,Dagua,Rural,ASOCIACION DE USUARIOS DEL ACUEDUCTO LOBOGUERRERO,LOBOGUERRERO,PARCIAL,MAL ESTADO,2760,3420,ALTA,"VALLECAUCANA [VAL-0022]: Avería de tuberías de la red principal asociado a deslizamiento de tierra, afectacion en la continuidad del servicio a la comunidad tambien se afecta la calidad del agua",VALLECAUCANA [VAL-0022]: EVALUACION DE RED PRINCIPAL DE MAS DE  280 METROS DE 6 PULGADAS,123500000,0,UESVALLE | VALLECAUCANA
DEP-ACU-DAGUA-48,Sur Cali,Dagua,Rural,ASOCIACION DE USUARIOS DEL SERVICIO DE AGUA POTABLE Y ALCANTARILLADO DE EL QUEREMAL ASUAQ,EL QUEREMAL,PARCIAL,POR VALIDAR,8445,,MEDIA,UESVALLE [ACU-DAGUA-48]: VERIFICACIÓN: PRESENTO AFECTACIONES EN LA RED LAS CUALES FUERON SOLUCIONADAS,,0,0,UESVALLE
DEP-ACU-DAGUA-2863,Sur Cali,Dagua,Rural,EMPRESA COMUNITARIA ACUEDUCTO RURAL COLECTIVO LAS BRISAS - ECOABRISAS,LAS BRISAS,POR VALIDAR,POR VALIDAR,,473,POR VALIDAR,UESVALLE [ACU-DAGUA-2863]: FORMULARIO: Un tramo de tubería de la línea de conducción se vio afectado pero afortunada...,,0,5,UESVALLE
DEP-ACU-EL-AGUILA-66,Norte Cartago,El Águila,Urbano,ACUAVALLE S.A. E.S.P. SUCURSAL EL AGUILA.,CENTRO,NORMAL,POR VALIDAR,3192,2400,BAJA,"REPORTE_URBANO [ACU-0011]: Daños y afectaciones en las redes matrices y tuberías del sistema de acueducto, incluyendo posibles fisuras y roturas","REPORTE_URBANO [ACU-0011]: Reparar daños de red matriz, reponer tuberia en PVC Gris",200000000,3,REPORTE_URBANO | UESVALLE
DEP-ACU-EL-AGUILA-2616,Norte Cartago,El Águila,Rural,JUNTA DE ACUEDUCTO LA JUDEA,VEREDA LA JUDEA BAJA,PARCIAL,POR VALIDAR,152,,MEDIA,UESVALLE [ACU-EL-AGUILA-2616]: VERIFICACIÓN: El tanque grande si tiene unas grietas y el repello se averió,,0,6,UESVALLE
DEP-ACU-EL-CAIRO-65,Norte Cartago,El Cairo,Urbano,ACUAVALLE S.A. E.S.P. SUCURSAL EL CAIRO.,CENTRO,NORMAL,POR VALIDAR,3424,2450,BAJA,"REPORTE_URBANO [ACU-0012]: Daños y afectaciones en las redes matrices y tuberías del sistema de acueducto, incluyendo posibles fisuras y roturas","REPORTE_URBANO [ACU-0012]: Reparar daños de red matriz, Realizar estudios de vulnerabilidad sismorresistente en los tanques de almacenamiento y edificios de operación.Implementar los refuerzos estructurales requeridos de acuerdo con los resultados de los estudios.Reponer las tuberías afectadas en AC.",300000000,1,REPORTE_URBANO | UESVALLE
DEP-ACU-EL-CAIRO-2215,Norte Cartago,El Cairo,Rural,ASOCIACIÓN DE USUARIOS DEL ACUEDUCTO RURAL COMUNITARIO DEL CORREGIMIENTO ALBAN AGUALBAN,CORREGIMIENTO DE ALBAN,POR VALIDAR,POR VALIDAR,860,25,POR VALIDAR,"UESVALLE [ACU-EL-CAIRO-2215]: REPORTE_UES_1: COLAPSO DE LA EDIFICACIÓN DONDE SE UBICABA EL ÁREA ADMINISTRATIVA, CON PÉRDIDA DE EQUIPOS Y ARCHIVO DEL ACUEDUCTO.",UESVALLE [ACU-EL-CAIRO-2215]: RECONSTRUIR O ADECUAR UNA EDIFICACIÓN SEGURA PARA LA OPERACIÓN ADMINISTRATIVA; REPONER EQUIPOS BÁSICOS Y RECUPERAR/RECONSTRUIR LOS SOPORTES DOCUMENTALES Y DE GESTIÓN DISPONIBLES.,81000000,0,UESVALLE
DEP-ACU-EL-CERRITO-37,Sur Cali,El Cerrito,Rural,ACUAVALLE S.A. E.S.P. - SECCIONAL SANTA ELENA,SANTA ELENA,NORMAL,POR VALIDAR,11424,,BAJA,"REPORTE_URBANO [ACU-0013]: PTAP El Cerrito: Afectación estructural en dos vigas aéreas del tanque de procesos y la tubería de llenado en codo de 90°X14"" HF.",REPORTE_URBANO [ACU-0013]: Reforzamiento estructural metalico y reposición de codo afectado,51000000,1,REPORTE_URBANO | UESVALLE
DEP-ACU-EL-CERRITO-40,Sur Cali,El Cerrito,Urbano,ASOCIACION COMUNITARIA DE USUARIOS DE SERVICIOS PUBLICOS DOMICILIARIOS DEL CORREGIMIENTO DE EL PLACER MUNICIPIO DE EL CERRITO DEPARTAMENTO DEL VALLE DEL CAUCA E.S.P. AUSERPUB E.S.P.,VILLANELLY,NORMAL,MAL ESTADO,12851,19200,MEDIA,Validación telefónica 04/09/2026: el sistema se encuentra en operación normal. Se presentaron problemas en el tanque de almacenamiento elevado.,VALLECAUCANA [VAL-0015]: DEMOLICION TANQUE,210000000,2,UESVALLE | VALLECAUCANA
DEP-ACU-EL-DOVIO-51,Norte Cartago,El Dovio,Urbano,ACUAVALLE S.A. E.S.P. SUCURSAL EL DOVIO,CENTRO,NORMAL,POR VALIDAR,8716,2176,BAJA,"REPORTE_URBANO [ACU-0015]: Tuberia de dasague de Ø14"" desacoplada y aplastada por entiguedad y material.Vulnerabilidad sísmica y geológica al Edificio de Operaciones","REPORTE_URBANO [ACU-0015]: Ejecutar reposición de 250 m de tuberia en Ø14"" PVC con 4 cámaras intermedias- trazado en tierra.Evaluar el segundo y tercer piso de la casa de operación y elementos asociados para establecer estabilidad y alcance de intervención.",190000000,0,REPORTE_URBANO | UESVALLE
DEP-ACU-FLORIDA-111,Sur Cali,Florida,Rural,ASOCIACION COMUNITARIA DE USUARIOS DEL ACUEDUCTO DE LOS CORREGIMIENTOS EL TAMBORAL LA UNION Y EL AGRADO FLORIDA VALLE AUNITAMBO,LA UNION,PARCIAL,MAL ESTADO,941,320,MEDIA,"UESVALLE [ACU-FLORIDA-111]: VERIFICACIÓN: PRESENTA FISURAS EL TANQUE DE ALMACENAMIENTO Y SE ESTA FILTRANDO
VALLECAUCANA [VAL-0025]: ASENTAMIENTO DE LA CIMENTACIÓN DEL TANQUE 
FISURAS EN EL TANQUE DE ALMACENAMIENTO 
MURO QUE CONECTA TUBERÍA Y TANQUE DE ALMACENAMIENTO AGRIETADO","VALLECAUCANA [VAL-0025]:  MALLA PARA REVESTIR TANQUE DE ALMACENAMIENTO 70M3 , REPELLO PARA TANQUE DE ALMACENAMIENTO, APLICAR SELLADOR PARA TANQUE EN HORMIGÓN Y REPARAR MURO TRANSPORTADOR DE AGUA (20 METROS)",54000000,3,UESVALLE | VALLECAUCANA
DEP-ACU-FLORIDA-117,Sur Cali,Florida,Rural,ASOCIACIÓN DE USUARIO DEL ACUEDUCTO DEL CORREGIMIENTO LA DIANA - ACUASALUD LA DIANA,LA DIANA,PARCIAL,MAL ESTADO,739,750,MEDIA,VALLECAUCANA [VAL-0023]: SE DESTRUYO UNA TUBERÍA PRINCIPAL DEL ACUEDUCTO Y AGRIETAMIENTO EN LA BOCATOMA,"VALLECAUCANA [VAL-0023]:  6 TUBOS DE 4 PULGADAS - ALTA PRESIÓN, 6 UNIONES 4 PULGADAS -ALTA PRESIÓN, 3 CODOS DE 4 PULGADAS, 2 UNIVERSALES 4 PULGADAS - ALTA PRESIÓN  Y PEGANTE PVC AZUL 
MANO DE OBRA",13500000,3,UESVALLE | VALLECAUCANA
DEP-ACU-FLORIDA-1633,Sur Cali,Florida,Rural,ASOCIACION DE USUARIOS DEL ACUEDUCTO Y/O ALCANTARILLADO Y/O ASEO ACUALLANITO E.S.P EN LIQUIDACION,EL LLANITO,PARCIAL,MAL ESTADO,1945,440,MEDIA,"UESVALLE [ACU-FLORIDA-1633]: VERIFICACIÓN: PRESENTA FISURAS EN DOS TANQUES DE ALMACENAMIENTO
VALLECAUCANA [VAL-0024]:  FISURAS  EN EL TANQUE DESARENADOR Y EN EL DE CLORACION",VALLECAUCANA [VAL-0024]: REPARACION DE FISURAS EN TANQIE DESARENADOR Y CLORACION,13500000,3,UESVALLE | VALLECAUCANA
DEP-ACU-LA-CUMBRE-50,Sur Cali,La Cumbre,Urbano,ACUAVALLE S.A. E.S.P. - SECCIONAL LA CUMBRE,CENTRAL,NORMAL,POR VALIDAR,6595,,BAJA,REPORTE_URBANO [ACU-0019]: sufrio afectaciones el edificio de operaciones,REPORTE_URBANO [ACU-0019]: Adecuar edificio,0,4,REPORTE_URBANO | UESVALLE
DEP-ACU-LA-CUMBRE-21651,Sur Cali,La Cumbre,Rural,"ACUEDUCTO VERSA - ASOCIACION DE USUARIO DEL SERVICIO DEL ACUEDUCTO V.E.R.S.A. DE LAS VEREDAS,SAN JOSE Y AGUA CLARA MUNICIPIO DE YUMBO LA CUMBRE",AGUAS CLARAS,POR VALIDAR,POR VALIDAR,620,620,POR VALIDAR,UESVALLE [ACU-LA-CUMBRE-21651]: FORMULARIO: Debido a la ausencia de fluido eléctrico no se puede bombear agua a los tanqu...,,0,0,UESVALLE
DEP-ACU-LA-CUMBRE-110,Sur Cali,La Cumbre,Rural,ADMINISTRACION COOPERATIVA LA CUMBRE DAGUA E.S.P.,PUENTE PALO,PARCIAL,MAL ESTADO,6920,10800,ALTA,"UESVALLE [ACU-LA-CUMBRE-110]: FORMULARIO: los daños estuvieron relacionados con afectaciones estructurales en puntos de...
VALLECAUCANA [VAL-0021]: Avería de tuberías de la red principal y de distribución que afectan el servicio de agua a la comunidad","VALLECAUCANA [VAL-0021]:  PUNTO DE MUESTREO R11 – SECTOR LA VIRGEN: AFECTACIÓN ESTRUCTURAL DE LA CASETA CORRESPONDIENTE AL PUNTO DE MUESTREO.
LÍNEA PRINCIPAL R3 – BELLAVISTA: AFECTACIÓN EN TUBERÍA DE SEIS (6) PULGADAS.
 PUENTE PALO – SECTOR CEMENTERIO: AFECTACIÓN SOBRE LA LÍNEA PRINCIPAL.",52000000,3,UESVALLE | VALLECAUCANA
DEP-ACU-LA-CUMBRE-107,Sur Cali,La Cumbre,Rural,ASOCIACION COMUNITARIA ADMINISTRADORA DEL ACUEDUCTO DEL CORREGIMIENTO SAN JOSE DE PAVAS MUNICIPIO DE LA CUMBRE VALLE DEL CAUCA - ACAAPAVAS,SAN JOSE DE PAVAS,PARCIAL,MAL ESTADO,8572,,MEDIA,"VALLECAUCANA [VAL-0027]: DAÑOS ESTRUCTURALES SEVEROS EN CASETA DE OPERACIÓN, GRIETAS POR TENSION DIAGONAL EN MUROS DE ADOBE Y TAPIAS",VALLECAUCANA [VAL-0027]: DEMOLICION Y CONSTRUCION EN CONCRETO,81000000,1,UESVALLE | VALLECAUCANA
DEP-ACU-LA-CUMBRE-3957,Sur Cali,La Cumbre,Rural,"ASOCIACION DE SUSCRIPTORES DEL ACUEDUCTO VEREDAL UNIDO DEL CORREGIMIENTO DE JIGUALES, MUNICIPIO DE LA CUMBRE - ASOJIGUA",JIGUALES,PARCIAL,MAL ESTADO,1972,2080,ALTA,"UESVALLE [ACU-LA-CUMBRE-3957]: FORMULARIO: Las redes de conducción y aducción se encuentran fracturadas en varios tramos...
VALLECAUCANA [VAL-0026]: SE REPORTARON DAÑOS EN ACCESORIOS Y TUBERÍAS DE DOS (2) PULGADAS CORRESPONDIENTES A LA INTERCONEXIÓN DEL SISTEMA DE FILTRACIÓN DE LAS PLANTAS DE TRATAMIENTO DE AGUA POTABLE UBICADAS EN LOS SECTORES LAURELES Y ALTO SINÚ.","VALLECAUCANA [VAL-0026]:  EL SUMINISTRO DE MATERIALES Y ACCESORIOS NECESARIOS PARA EFECTUAR LAS REPARACIONES CORRESPONDIENTES QUE PERMITAN REMPLAZAR LAS TUBERIAS, HABILITGAR LOS SITEMAS DE FILTRACION.",87750000,3,UESVALLE | VALLECAUCANA
DEP-ACU-LA-CUMBRE-105,Sur Cali,La Cumbre,Rural,ASOCIACION DEL ACUEDUCTO DE LAS VEREDAS ARBOLEDAS Y CORDOBITAS - JUARCO,ARBOLEDA,PARCIAL,POR VALIDAR,900,,MEDIA,UESVALLE [ACU-LA-CUMBRE-105]: VERIFICACIÓN: Presenta afectaciones en parte de la planta en la tubería y en la oficina.,,0,0,UESVALLE
DEP-ACU-LA-UNION-3180,Norte Cartago,La Unión,Rural,JUNTA ADMINISTRADORA ACUEDUCTO VEREDA LA ISLA,VEREDA LA ISLA,PARCIAL,MAL ESTADO,72,140,MEDIA,"VALLECAUCANA [VAL-0030]: TANQUE DE ALMACENAMIENTO ALTO AFECTADO POR EL SISMO, PRESENTANDO GRIETAS Y FISURAS DE CONSIDERACIÓN EN ELEMENTOS ESTRUCTURALES, DESPRENDIMIENTO DE CONCRETO Y EXPOSICIÓN DEL ACERO DE REFUERZO, COMPROMETIENDO SU ESTABILIDAD Y FUNCIONAMIENTO.",VALLECAUCANA [VAL-0030]:  DEMOLICIÓN DEL TANQUE EXISTENTE Y CONSTRUCCIÓN/INSTALACIÓN DE UN NUEVO TANQUE DE ALMACENAMIENTO QUE GARANTICE LA CONTINUIDAD DEL SERVICIO.,546000000,3,UESVALLE | VALLECAUCANA
DEP-ACU-LA-VICTORIA-2892,Norte Cartago,La Victoria,Rural,ASOCIACION DE USUARIOS DEL ACUEDUCTO RURAL COMUNITARIO DEL CORREGIMIENTO TAGUALES,CORREGIMIENTO TAGUALES,PARCIAL,MAL ESTADO,140,120,MEDIA,"VALLECAUCANA [VAL-0031]: TANQUE ELEVADO DE ALMACENAMIENTO PRESENTA FISURAS EN LOS NUDOS(COLUMNAS Y VIGAS),  FILTRACIONES EN LAS UNIONES DE LA LOSA  DE FONDO CON LOS MUROS.
FISURAS EN MUROS DEL TANQUE DE BOMBEO","VALLECAUCANA [VAL-0031]: REPARAR FISURAS DE LA ESTRUCTURA Y  DE LOS TANQUES, REALIZAR LA IMPERMEABILIZACION DE LOS TANQUES",13000000,2,UESVALLE | VALLECAUCANA
DEP-ACU-OBANDO-9361,Norte Cartago,Obando,Rural,"ASOCIACIÓN DE USUARIOS DEL ACUEDUCTO AGUAS, AGUA Y VIDA YUCATAN Y LIMONES",VEREDA LIMONES,PARCIAL,MAL ESTADO,128,160,MEDIA,"VALLECAUCANA [VAL-0033]: DESPLAZAMIENTO DE LA TUBERÍA DE 2½ PULGADAS, OCASIONANDO AFECTACIÓN EN LA CONDUCCIÓN.","VALLECAUCANA [VAL-0033]:  REPOSICIÓN Y ALINEACIÓN DEL TRAMO DE TUBERÍA DESPLAZADO, INCLUYENDO REVISIÓN Y ASEGURAMIENTO DE LAS CONEXIONES PARA GARANTIZAR LA CONTINUIDAD DEL SERVICIO.",45500000,2,UESVALLE | VALLECAUCANA
DEP-ACU-OBANDO-2620,Norte Cartago,Obando,Rural,JUNTA ADMINISTRADORA ACUEDUCTO CRUCES,CORREGIMIENTO CRUCES,PARCIAL,MAL ESTADO,340,288,MEDIA,"VALLECAUCANA [VAL-0034]: AGRIETAMIENTO EN EL ÚLTIMO FILTRO Y CAJA DE QUIEBRE, CON POSIBLE AFECTACIÓN DE SU ESTABILIDAD Y FUNCIONAMIENTO.","VALLECAUCANA [VAL-0034]:  EVALUACIÓN TÉCNICA DEL VIADUCTO Y LAS ESTRUCTURAS AFECTADAS.
INSPECCIÓN DE ESTABILIDAD DEL TERRENO Y DEL BARRANCO.
REPARACIÓN DE LOS AGRIETAMIENTOS EN EL ÚLTIMO FILTRO Y CAJA DE QUIEBRE.
ESTABILIZACIÓN Y PROTECCIÓN DEL TERRENO EN EL SECTOR DEL VIADUCTO.
REVISIÓN Y ASEGURAMIENTO DE LA CONDUCCIÓN DE AGUA PARA EVITAR LA INTERRUPCIÓN DEL SERVICIO.
INTERVENCIÓN PRIORITARIA ANTES DE LA TEMPORADA DE LLUVIAS, DEBIDO AL RIESGO DE MAYOR DESPLAZAMIENTO DEL TERRENO.",143000000,2,UESVALLE | VALLECAUCANA
DEP-ACU-RESTREPO-537,Centro Tuluá,Restrepo,Rural,ACUAPALTRES ASOCIACION DE USUARIOS DEL ACUEDUCTO TRES PUERTAS,TRES PUERTAS,PARCIAL,MAL ESTADO,1880,492,MEDIA,"VALLECAUCANA [VAL-0035]:   SIN SERVICIO DE AGUA, RUPTURA DE TUBERÍA GALVANIZADA DE 4 PULGADAS EN UNA UNION","VALLECAUCANA [VAL-0035]:  REPARACIÓN DE LA UNIÓN DE LA TUBERÍA GALVANIZADA DE 4 PULGADAS MEDIANTE SOLDADURA, VERIFICACIÓN DE LA INTEGRIDAD DE LA TUBERÍA, PRUEBA DE PRESIÓN Y FUNCIONAMIENTO PARA GARANTIZAR EL RESTABLECIMIENTO DEL SERVICIO.",13000000,1,UESVALLE | VALLECAUCANA
DEP-ACU-RESTREPO-190,Centro Tuluá,Restrepo,Urbano,ACUAVALLE S.A. ESP,URBANO,NORMAL,POR VALIDAR,14000,,BAJA,"REPORTE_URBANO [ACU-0024]: Durante el evento sismico se presentaron daños estructurales en la caseta de dosificación de cloro, se evidencian grietas de los muros a 45 grados en el 80% de la longitud de la pared, el riesgo es crítico se recomendó no usar este espacio dentro de la operación de la planta .
La tuberia que transporta el agua procesada a los tanques de almacenamiento se fracturo debido al evento | Vulnerabilidad sísmica y geológica a la caseta dosificacion de sulfato R.Alto",REPORTE_URBANO [ACU-0024]: Demolicion y construccion de una caseta nueva | Demolicion y construccion de una caseta nueva con losa superior para soporte de tanque,95000000,1,REPORTE_URBANO | UESVALLE
DEP-ACU-RESTREPO-2064,Centro Tuluá,Restrepo,Rural,ACUEDUCTO ALTO DEL OSO - LA ESPERANZA,ALTO DEL OSO,PARCIAL,MAL ESTADO,68,68,MEDIA,"UESVALLE [ACU-RESTREPO-2064]: VERIFICACIÓN: tuvo daño en cortina y afectación en tanque de almacenamiento
VALLECAUCANA [VAL-0057]: PRESENTA FISURAS QUE AFECTAN DE MANERA CONSIDERABLE LA ESTANQUIDAD DEL COMPONENTE",VALLECAUCANA [VAL-0057]: Intervención de alta prioridad por afectación importante.,180000000,8,UESVALLE | VALLECAUCANA
DEP-ACU-RESTREPO-7545,Centro Tuluá,Restrepo,Rural,ACUEDUCTO ALTO DEL OSO LA FLORIDA,LA FLORIDA,PARCIAL,MAL ESTADO,100,100,MEDIA,"VALLECAUCANA [VAL-0058]: LAS FISURAS QUE PRESENTABA CON EL SISMO SE AGRAVARON
VALLECAUCANA [VAL-0059]: EL TANQUE PRESENTO FISURAS CON PERDIDA IMPORTANTE DE AGUA. LA CAPTACIÓN PRESENTO AVERIAS SEVERAS, EL AGUA SE DESVIA Y NO INGRESA.","VALLECAUCANA [VAL-0058]: INTERVENCION PRIORIETARIAS PARA REGULAR EL SERVICIO DE ACUEDUCTO
VALLECAUCANA [VAL-0059]: Intervención inmediata por riesgo o afectación crítica del servicio.",480000000,0,UESVALLE | VALLECAUCANA
DEP-ACU-RESTREPO-2066,Centro Tuluá,Restrepo,Rural,ACUEDUCTO ALTO DEL OSO LA FLORIDA Y LA CAMELIA,ALTO DEL OSO,NORMAL,POR VALIDAR,100,,BAJA,UESVALLE [ACU-RESTREPO-2066]: VERIFICACIÓN: presenta fisuras en el tanque de almacenamiento,,0,0,UESVALLE
DEP-ACU-RESTREPO-2076,Centro Tuluá,Restrepo,Rural,ACUEDUCTO LA SOLEDAD,LA SOLEDAD,PARCIAL,POR VALIDAR,60,,MEDIA,UESVALLE [ACU-RESTREPO-2076]: VERIFICACIÓN: Se vio afectada la tubería que alimenta tanque de almacenamiento,,0,5,UESVALLE
DEP-ACU-RESTREPO-14230,Centro Tuluá,Restrepo,Rural,ACUEDUCTO RURAL ALTO ZABALETAS,ALTO ZABALETAS,PARCIAL,MAL ESTADO,120,48,MEDIA,"VALLECAUCANA [VAL-0051]:  Fisura en tubería de salida de bocatoma y muro en la captación, desarenador  con Múltiples fisuras y ampliación de grietas preexistentes.  Tanque con Múltiples fisuras en la estructura de almacenamiento.",VALLECAUCANA [VAL-0051]: INTERVENCIÓN INMEDIATA POR RIESGO O AFECTACIÓN CRITICA DEL SERVICIO,456000000,0,UESVALLE | VALLECAUCANA
DEP-ACU-RESTREPO-157,Centro Tuluá,Restrepo,Rural,ACUEDUCTO RURAL TABLEROS ACUAVALLE S.A ESP,TABLEROS,NORMAL,POR VALIDAR,664,,BAJA,REPORTE_URBANO [ACU-0025]: Durante el evento sismico se presentaron daños estructurales a la caseta de dosificación de sulfato,REPORTE_URBANO [ACU-0025]: Se requiere un analisis dinamico de la estructura teniendo en cuenta las afectaciones existentes para asi determinar su estabilidad y procedimiento para rehabilitacion.Demolicion y construccion de una caseta nueva con losa superior para soporte de tanque,135000000,1,REPORTE_URBANO | UESVALLE
DEP-ACU-RESTREPO-3393,Centro Tuluá,Restrepo,Rural,ASOCIACION DE SUSCRIPTORES DEL SISTEMA DE SUMINISTRO DE AGUA RURAL COMUNITARIA LA VEREDA LA ALBANIA ASOAGUALBANIA,ALBANIA,PARCIAL,MAL ESTADO,240,260,MEDIA,"VALLECAUCANA [VAL-0056]: ADUCCIÓN PRESENTO FILTRACIONES EN UNIONES / TUBERÍA FALLADA EN LA VEREDA. EL TANQUE MOSTRO FILTRACIONES TRANSVERSALES CON HUMEDAD DESCENDENTE. LA RED MUESTRA FILTRACIONES Y FALLAS EN VARIOS TRAMOS,",VALLECAUCANA [VAL-0056]: INTERVENCION PRIORIETARIAS PARA REGULAR EL SERVICIO DE ACUEDUCTO,660000000,0,UESVALLE | VALLECAUCANA
DEP-ACU-RESTREPO-3304,Centro Tuluá,Restrepo,Rural,ASOCIACION USUARIOS COMUNIDAD VDA SAN SALVADOR Y EL SILENCIO - EL SILENCIO,SILENCIO,PARCIAL,MAL ESTADO,196,292,MEDIA,VALLECAUCANA [VAL-0052]: Fisuras en tanque de almacenamiento y cámara de caída.,VALLECAUCANA [VAL-0052]: INTERVENCIÓN INMEDIATA POR RIESGO O AFECTACIÓN CRITICA DEL SERVICIO,480000000,0,UESVALLE | VALLECAUCANA
DEP-ACU-RESTREPO-13516,Centro Tuluá,Restrepo,Rural,JUNTA ADMINISTRADORA ACUEDUCTO ROMAN,ROMAN,PARCIAL,MAL ESTADO,92,92,MEDIA,VALLECAUCANA [VAL-0053]: FISURAS CON RIESGO DE AMPLIACIÓN PRODUCTO DEL SISMO en tanque,VALLECAUCANA [VAL-0053]: Intervención programable para evitar mayor deterioro.,216000000,0,UESVALLE | VALLECAUCANA
DEP-ACU-RIOFRIO-510,Centro Tuluá,Riofrío,Rural,ACUEDUCTO RURAL FENICIA ACUAFENICIA,FENICIA,PARCIAL,MAL ESTADO,668,16250,ALTA,"VALLECAUCANA [VAL-0036]: DEBIDO AL DERRUMBES, SE VIERON AFECTADOS 4KM DE TUBERIA DE 2.5"".",VALLECAUCANA [VAL-0036]: REMPLAZO DE TUBERIA,236600000,1,UESVALLE | VALLECAUCANA
DEP-ACU-RIOFRIO-505,Centro Tuluá,Riofrío,Rural,ACUEDUCTO RURAL LOS ESTRECHOS,LOS ESTRECHOS,PARCIAL,MAL ESTADO,37,120,MEDIA,VALLECAUCANA [VAL-0037]: SE PRESENTAN GRIETAS DEL TANQUE DE ALMACENAMIENTO Y SE PRESENTAN COLAPSO DE LA CASETA DE OPERACIONES DEL ACUEDUCTO,"VALLECAUCANA [VAL-0037]: EVALUAR REPARACION DE TANQUE DE ALMACENAMIENTO REVESTICIMIENTO, IMPERMEABILIZADA Y CONSTRUCCION DE CASETA  DE OPERACIÓN",364000000,1,UESVALLE | VALLECAUCANA
DEP-ACU-RIOFRIO-513,Centro Tuluá,Riofrío,Rural,ACUEDUCTO RURAL MADRIGAL ACUAMADRIGAL,MADRIGAL,POR VALIDAR,POR VALIDAR,60,288,POR VALIDAR,"UESVALLE [ACU-RIOFRIO-513]: REPORTE_UES_1: AGRIETAMIENTO DEL TANQUE DE ALMACENAMIENTO Y COLAPSO DE LA EDIFICACIÓN DONDE SE REALIZABAN LABORES ADMINISTRATIVAS, CON PÉRDIDA DE EQUIPO DE IMPRESIÓN Y DEL ESPACIO DE ATENCIÓN A USUARIOS.",UESVALLE [ACU-RIOFRIO-513]: EVALUAR Y REHABILITAR O RECONSTRUIR EL TANQUE DE ALMACENAMIENTO; RECONSTRUIR EL ESPACIO ADMINISTRATIVO Y REPONER LOS EQUIPOS BÁSICOS NECESARIOS PARA LA OPERACIÓN Y ATENCIÓN A USUARIOS.,364000000,0,UESVALLE
DEP-ACU-ROLDANILLO-895,Norte Cartago,Roldanillo,Rural,"ACUACAMPO: ISUGU EL SILENCIO PUERTO QUINTERO, CANDELARIA, PUEBLO NUEVO, EL RINCON, SIMON BOLIVAR Y REMOLINO",VEREDA SIMON BOLIVAR,POR VALIDAR,POR VALIDAR,2348,2348,POR VALIDAR,UESVALLE [ACU-ROLDANILLO-895]: REPORTE_UES_1: AFECTACIONES EN LOS JARILLONES DEL RÍO CAUCA REPORTADAS PARA EL SISTEMA ACUACAMPO.,"UESVALLE [ACU-ROLDANILLO-895]: REALIZAR EVALUACIÓN GEOTÉCNICA E HIDRÁULICA DE LOS JARILLONES Y DEL RIESGO SOBRE LA INFRAESTRUCTURA DEL SISTEMA; EJECUTAR OBRAS DE ESTABILIZACIÓN, RECONFORMACIÓN Y PROTECCIÓN EN LOS SECTORES COMPROMETIDOS.",115500000,0,UESVALLE
DEP-ACU-ROLDANILLO-53,Norte Cartago,Roldanillo,Urbano,ACUAVALLE S.A. E.S.P. SUCURSAL ROLDANILLO.,EL CENTRO,NORMAL,POR VALIDAR,45332,17744,BAJA,"REPORTE_URBANO [ACU-0027]: El Edificio de Operaciones y Cuarto de Planta Eléctrica de Emergencia presenta afectaciones en la cubierta de barro y en sus aleros, además de algunas fisuras en muros de ladrillo común.Daños y afectaciones en las redes matrices y tuberías del sistema de acueducto, incluyendo posibles fisuras y roturas.","REPORTE_URBANO [ACU-0027]: •Contratar reparación de la cubierta en teja de barro para protejer ante lluvias los equipos eléctricos y electrónicos al interior de estas 2 edificaciones.
•Realizar estudio técnico de paredes, columnas, vigas y demás elementos para determinar estabilidad, alcance de intervención y necesidad de reconstrucción.Reposición de tuberías afectadas acueducto de la:
• Cra 7 Calle 11 a 15
• Calle 10 Cras 4 a 9",651000000,4,REPORTE_URBANO | UESVALLE
DEP-ACU-SAN-PEDRO-212,Centro Tuluá,San Pedro,Urbano,ACUAVALLE S.A (ESP),,NORMAL,POR VALIDAR,14800,,BAJA,REPORTE_URBANO [ACU-0028]: daño estructural del floculador a causa del movimiento telúrico desalinea el motorreductor y por ende una de las palas toca la pared del tanque generando su desprendimiento,REPORTE_URBANO [ACU-0028]: se alinea motor reductor y se acomodan las palas ajustando con tornillería en acero inoxidable para evitar futuros daños,0,2,REPORTE_URBANO | UESVALLE
DEP-ACU-SEVILLA-224,Centro Tuluá,Sevilla,Urbano,ACUAVALLE S.A ESP,URBANO,NORMAL,POR VALIDAR,37296,10006,BAJA,"REPORTE_URBANO [ACU-0029]: Daños y afectaciones en las redes matrices y tuberías del sistema de acueducto, incluyendo posibles fisuras y roturas. | Daños en EB y Bodega Planta No.1
REPORTE_URBANO [ACU-0030]: Daños en aducción principal de San Marcos | Daños en estructura del Tanque elevado y caseta de cloración.
REPORTE_URBANO [ACU-ALC-003]: Fisuras en camaras de alcantarillado y en colectores de alcantarillado de HS.","REPORTE_URBANO [ACU-0029]: Ejecutar la reposición de las redes de acueducto afectadas por el sismo en las siguientes direcciones: Calle 61 Cra 46 y 47 L = 100 metros diametro 3"" AC. Cra 49a Calle 62A L= 130 metros.diametro 3"" . Calle 61a con Calle 47 L= 12 metros diametro 10"" AC. Salida Ptap hasta la Calle 46 con Cra 49 L= 640 metros diametro 18"" American PIPE.Cra 53 Calle 56 Diametro 3"" AC L= 90 Metros. Carrera 40 entre Calles 51 y 54 sector los Lauros L= 500 metros diametro 14"" AC. | Realizar estudios de vulnerabilidad sismorresistente en edificios de operación.Implementar los refuerzos estructurales requeridos de acuerdo con los resultados de los estudios.
REPORTE_URBANO [ACU-0030]: Ejecutar la reposición de la tuberia de aducción L= 400 metros diametro 18"" | Realizar estudios de vulnerabilidad sismorresistente en los tanques de almacenamiento, casetas y edificios de operación.Implementar los refuerzos estructurales requeridos de acuerdo con los resultados de los estudios.Reponer las tuberías afectadas en AC. Reparar y asegurar estructuralmente las casetas afectadas.
REPORTE_URBANO [ACU-ALC-003]: Realizar la revisión interna con camaras de video de las redes de alcantarillado en los barrios Brasil, Granada,  San Vicente, cafetero, Monserrate, afectados por el sismo L= 3000 metros lineales tuberia",3600000000,0,REPORTE_URBANO | UESVALLE
DEP-ACU-SEVILLA-3284,Centro Tuluá,Sevilla,Rural,ASOCIACION DE USUARIOS DEL ACUEDUCTO DE LAS VEREDAS LA CRISTALINA Y PURNIO - AGUA PORVENIR PURNIO,PURNIO,PARCIAL,MAL ESTADO,112,150,MEDIA,"VALLECAUCANA [VAL-0038]: AGRIETAMIENTO Y FILTRACIÓN DE AGUA EN EL DESARENADOR NUEVO, AFECTANDO SU ESTANQUEIDAD Y FUNCIONAMIENTO.","VALLECAUCANA [VAL-0038]: REPARACIÓN DE GRIETAS, SELLADO E IMPERMEABILIZACIÓN DEL DESARENADOR PARA GARANTIZAR SU ESTANQUEIDAD Y ADECUADO FUNCIONAMIENTO.",104000000,1,UESVALLE | VALLECAUCANA
DEP-ACU-TORO-59,Norte Cartago,Toro,Urbano,ACUAVALLE S.A. E.S.P. SUCURSAL TORO.,SAN ANTONIO-EL BOHIO-LA CAYETANA(AGUA EN BLOQUE),NORMAL,POR VALIDAR,12936,10000,BAJA,REPORTE_URBANO [ACU-0031]: Deslizamiento y pérdida de estabilidad del talud de la montaña colindante con las estructuras de tratamiento.Afectación en los aleros de la cubierta de las estructuras.Posibles daños en la red matriz de acueducto.,REPORTE_URBANO [ACU-0031]: Construcción de muro de contención para estabilizar el talud colindante con las estructuras de tratamiento.Reposición de los aleros afectados de la cubierta.Reposición de los tramos de tubería en AC afectados. Realizar estudios de vulnerabilidad sismorresistente en los tanques de almacenamiento y edificios de operación.,900000000,0,REPORTE_URBANO | UESVALLE
DEP-ACU-TORO-44,Norte Cartago,Toro,Rural,ASOCIACION CIVICA JUNTA ADMINISTRADORA DEL ACUEDUCTO CGTO SAN FRANCISCO,SAN FRANCISCO,PARCIAL,MAL ESTADO,2016,2016,ALTA,"VALLECAUCANA [VAL-0039]: EN LA BOCATOMA SE PRESENTAN FISURAS EN EL MURO, LAS CUALES HAN GENERADO FILTRACIONES. ASÍ MISMO, EL DESARENADOR 1 PRESENTA AGRIETAMIENTO Y FILTRACIONES, MIENTRAS QUE EN EL TANQUE DE ALMACENAMIENTO SE PRESENTA AGRIETAMIENTO DE LA ESTRUCTURA. ADICIONALMENTE LA LINEA DE CONDUCCIÓN PRESENTA RUPTURA DE EXTENSO TRAMO DE TUBERÍA DE ASBESTO DE 8 PULGADAS AFECTANDO ASÍ LA CONTINUIDAD DEL SISTEMA DE CONDUCCIÓN.","VALLECAUCANA [VAL-0039]:  INSTALACIÓN DE UNA PLANTA COMPACTA, REHABILITACIÓN DE LA BOCATOMA Y DESARENADOR, REPARACIÓN DEL TANQUE DE ALMACENAMIENTO Y LA SUSTITUCIÓN DEL TRAMO AFECTADO DE LA LÍNEA DE CONDUCCIÓN",3575000000,3,UESVALLE | VALLECAUCANA
DEP-ACU-TORO-2194,Norte Cartago,Toro,Rural,ASOCIACION DE LA JUNTA ADMINISTRADORA DEL ACUEDUCTO RURAL COLECTIVO DE PATIO BONITO- LA ROBLEDA-SABANAZO,VEREDA PATIO BONITO,PARCIAL,POR VALIDAR,620,,MEDIA,UESVALLE [ACU-TORO-2194]: VERIFICACIÓN: se dañaron las conexiones del filtro rápido al tanque de Almacenamiento,,0,5,UESVALLE
DEP-ACU-TRUJILLO-228,Centro Tuluá,Trujillo,Rural,ASOCIACION DE USUARIOS ACUEDUCTO RURAL COLECTIVO AL OTRO MUNDO VEREDA LA CRISTALINA,LA CRISTALINA,POR VALIDAR,POR VALIDAR,76,,POR VALIDAR,UESVALLE [ACU-TRUJILLO-228]: REPORTE_UES_1: AFECTACIONES EN TUBERÍA Y VIADUCTOS DEL SISTEMA DE ACUEDUCTO.,"UESVALLE [ACU-TRUJILLO-228]: REALIZAR LEVANTAMIENTO DE LOS TRAMOS DE TUBERÍA Y VIADUCTOS AFECTADOS; REPONER TUBERÍAS, ACCESORIOS Y ANCLAJES, Y REHABILITAR BASES, APOYOS Y ELEMENTOS ESTRUCTURALES DE LOS VIADUCTOS.",360000000,5,UESVALLE
DEP-ACU-TRUJILLO-231,Centro Tuluá,Trujillo,Rural,ASOCIACION DE USUARIOS DEL ACUEDUCTO VEREDAS BUENAVISTA LA BOHEMIA,BUENAVISTA,PARCIAL,MAL ESTADO,75,200,MEDIA,"VALLECAUCANA [VAL-0063]: Caseta de Operaciones, Tanque de almacenamiento agrietado",VALLECAUCANA [VAL-0063]: Tanque de almacenamiento agrietado y Construir caseta de operaciones,480000000,0,UESVALLE | VALLECAUCANA
DEP-VAL-0042,Por validar,Tuluá,RURAL,BOCAS DE TULUA,BOCAS DE TULUA,PARCIAL,MAL ESTADO,,224,MEDIA,"VALLECAUCANA [VAL-0042]: 
FISURAS IDENTIFICADAS EN LOS NODOS DE SOPORTE DEL TANQUE ELEVADO, EVIDENCIANDO AFECTACIÓN ESTRUCTURAL","VALLECAUCANA [VAL-0042]:  CONSTRUCCIÓN DE UN NUEVO TANQUE DE ALMACENAMIENTO ELEVADO, INCLUYENDO EL DISEÑO, CIMENTACIÓN, ESTRUCTURA DE SOPORTE, SISTEMA DE ENTRADA Y SALIDA, ACCESORIOS HIDRÁULICOS, IMPERMEABILIZACIÓN Y DEMÁS COMPONENTES NECESARIOS.",748000000,2,VALLECAUCANA
DEP-VAL-0041,Por validar,Tuluá,RURAL,EL RETIRO,EL RETIRO,PARCIAL,MAL ESTADO,,316,MEDIA,VALLECAUCANA [VAL-0041]: DESLIZAMIENTO DE TIERRA EN EL SECTOR DONDE SE ENCUENTRAN UBICADOS LOS APOYOS O PATAS DEL VIADUCTO DEL SISTEMA DE ACUEDUCTO,VALLECAUCANA [VAL-0041]:  ESTABILIZACIÓN DEL TERRENO Y REPOSICIÓN DE LA TUBERÍA AFECTADA.,115500000,1,VALLECAUCANA
DEP-VAL-0040,Por validar,Tuluá,RURAL,MONTELORO,MONTELORO,PARCIAL,MAL ESTADO,,1009,ALTA,"VALLECAUCANA [VAL-0040]: SE EVIDENCIÓ EL COLAPSO DE LA ESTRUCTURA DEL DESARENADOR, CON DESPLAZAMIENTO Y CAÍDA HACIA EL CAUCE. LA AFECTACIÓN COMPROMETE LA ESTABILIDAD E INTEGRIDAD DE LA INFRAESTRUCTURA Y LIMITA SU FUNCIONAMIENTO.
AFECTACIÓN CRÍTICA EN EL ÁREA DE EMPLAZAMIENTO DEL TANQUE DE ALMACENAMIENTO, ASOCIADA A LA PÉRDIDA DE ESTABILIDAD DEL TERRENO Y A UN PROCESO DE EROSIÓN Y DESPRENDIMIENTO DEL TALUD. LA ESTRUCTURA PRESENTA UNA CONDICIÓN DE INESTABILIDAD POTENCIAL Y RIESGO DE COLAPSO","VALLECAUCANA [VAL-0040]:  CONSTRUCCIÓN DE UN NUEVO DESARENADOR, DE ACUERDO CON LAS CONDICIONES HIDRÁULICAS Y ESTRUCTURALES REQUERIDAS PARA EL SISTEMA DE ACUEDUCTO.
CONSTRUCCIÓN DE UN NUEVO TANQUE DE ALMACENAMIENTO",495000000,1,VALLECAUCANA
DEP-VAL-0066,Por validar,Tuluá,RURAL,QUEBRTADA GRANDE,QUEBRTADA GRANDE,PARCIAL,MAL ESTADO,,525,MEDIA,"VALLECAUCANA [VAL-0066]: Fisuras, desprendimiento y separación del concreto en las paredes de 2 tanques de almacenamiento con filtración de agua","VALLECAUCANA [VAL-0066]: Demolición de tanques y reconstrucción, materiales, transporte de materiales, prueba de estanqueidad, limpieza, desinfección y funcionamiento",360000000,0,VALLECAUCANA
DEP-ACU-ULLOA-68,Norte Cartago,Ulloa,Urbano,ACUAVALLE S.A. E.S.P. SUCURSAL ULLOA.,CENTRO,NORMAL,POR VALIDAR,3656,984,BAJA,REPORTE_URBANO [ACU-0034]: Vulnerabilidad sísmica y geológica a la caseta de proteccion planta de emergencia,"REPORTE_URBANO [ACU-0034]: Realizar reparaciones basicas para evitar fugas de agua dentro del proceso de potabilizacion, y asi mismo evitar que debiliten el suelo de soporte de las estructuras de la Ptap, mientras se define la reubicacion de esta Ptap por encontrarse sobre una falla geologica.",10000000,3,REPORTE_URBANO | UESVALLE
DEP-RU-EXT-007,Por validar,Versalles,URBANO,ACUACAMPO,"PTAP, PTAR, PMIRS, BOCATOMA Y REDES DE ACUEDUCTO Y ALCANTARILLADO DE LA ZONA URBANA DEL MUNICIPIO",NORMAL,POR VALIDAR,,2795,BAJA,"REPORTE_URBANO [EXT-007]: ACUEDUCTO: La bocatoma no presenta daños aparentes y funciona con normalida pero la caseta de la estación de bombeo tuvo un colapso en su techo y parte de los paneles electricos de las bombas quedaron expuestos, aun esperamos la valoracion de ingenieros civiles de la estrucutra hidraulica de la bocatoma y sedimentadores. En cuanto a la PTAP a pesar que esta operando con relativa normalidad, se presenta una filtracion en uno de los filtros de arena y en uno de los tanques de almacenamiento. Tambien se presenta daño estrucutral en una caseta de bombeo que sumiistra agua al barrio neblina alta. Respecto a los tanques de distribucion de la red (3 tanques) no presentan ningun tipo de daño estructural aparente, sin embargo, en la red si hubieron varios daños, los principales ya fueron resueltos para dar sumistro, pero aún se siguen presentando muchos daños domiciliarios, hasta la fecha ya se han resuelto mas de 50 pero se siguen presentando por las obras de demolicion en curso.","REPORTE_URBANO [EXT-007]: Reparacion de fugas en acueducto, hacer la evaluacion y reparacion de fugas en alcantarillado y PTAR, y de manera urgente se necesita la evacuacion de los residuos de la PMIRS, este ultimo invconveniente es el mas urgente porque podria interrumpir el servicio de aseo",250000000,0,REPORTE_URBANO
DEP-ACU-VERSALLES-1953,Norte Cartago,Versalles,Rural,ASOCIACION ADMINISTRADORA DEL ACUEDUCTO RURAL COMUNITARIO DEL CORREGIMIENTO DE LA FLORIDA,CORREGIMIENTO LA FLORIDA,PARCIAL,MAL ESTADO,680,310,MEDIA,VALLECAUCANA [VAL-0050]:  AGRIETAMIENTO Y FILTRACIÓN DE AGUA EN EL DESARENADOR Y TANQUE DE DISTRIBUCION.,"VALLECAUCANA [VAL-0050]: REALIZAR REPARACIÓN Y SELLADO DE GRIETAS Y FISURAS, RECUPERACIÓN DE SUPERFICIES E IMPERMEABILIZACIÓN INTERNA DEL DESARENADOR Y TANQUE DE DISTRIBUCIÓN, GARANTIZANDO SU ESTANQUEIDAD Y ADECUADO FUNCIONAMIENTO.",240000000,0,UESVALLE | VALLECAUCANA
DEP-ACU-VERSALLES-1952,Norte Cartago,Versalles,Rural,ASOCIACION COMUNITARIA ADMINISTRADORA DEL ACUEDUCTO ACUASALUD EL BALSAL,CORREGIMIENTO EL BALSAL,PARCIAL,MAL ESTADO,1216,470,MEDIA,"VALLECAUCANA [VAL-0049]: TANQUE DE ALMACENAMIENTO AFECTADO, PRESENTANDO GRIETAS Y FISURAS SIGNIFICATIVAS EN ELEMENTOS ESTRUCTURALES, DESPRENDIMIENTO DEL RECUBRIMIENTO DE CONCRETO Y EXPOSICIÓN DEL ACERO DE REFUERZO.","VALLECAUCANA [VAL-0049]: REALIZAR EVALUACIÓN ESTRUCTURAL DEL TANQUE, REPARACIÓN DE GRIETAS Y FISURAS, RECUPERACIÓN DEL RECUBRIMIENTO Y PROTECCIÓN DEL ACERO DE REFUERZO, PREVIA VERIFICACIÓN DE SU ESTABILIDAD Y ESTANQUEIDAD",1020000000,0,UESVALLE | VALLECAUCANA
DEP-ACU-VIJES-141,Sur Cali,Vijes,Rural,ASOCIACIÓN DE USUARIOS DEL ACUEDUCTO RURAL COMUNITARIO DEL CORREGIMIENTO DE CARBONERO MUNICIPIO DE VIJES,LA PEDRERA,NORMAL,POR VALIDAR,520,600,BAJA,"UESVALLE [ACU-VIJES-141]: VERIFICACIÓN: DAÑOS EN LA RED REPARADOS Y ACUEDUCTO FUNCIONANDO CON NORMALIDAD
FORMULARIO: Reporte del Presidente daños en la red de distribución reparados a martes 11 ...",,0,0,UESVALLE
DEP-ACU-VIJES-2894,Sur Cali,Vijes,Rural,JUNTA ADMINISTRADORA ACUEDUCTO COMUNITARIO TRESQUEBRADAS - LA FRESNEDA,LA FRESNEDA,PARCIAL,POR VALIDAR,55,95,MEDIA,"UESVALLE [ACU-VIJES-2894]: VERIFICACIÓN: ACENTAMIENTO EN EL TANQUE DE BOMBEO
FORMULARIO: Ruptura de la tuberia de conduccion - ruptura en la tuberia y desplazamiento ...",,0,0,UESVALLE
DEP-ACU-VIJES-6480,Sur Cali,Vijes,Rural,JUNTA ADMINISTRADORA COMUNITARIA DE ACUEDUCTO J.A.C.A. NUEVO HORIZONTE EN LIQUIDACION - JACANHOT,OCACHE,PARCIAL,POR VALIDAR,172,,MEDIA,UESVALLE [ACU-VIJES-6480]: VERIFICACIÓN: DAÑO EN LA  BOMBA DE IMPULSO,,0,0,UESVALLE
DEP-ACU-VIJES-354,Sur Cali,Vijes,Rural,JUNTA ADMINISTRADORA DEL ACUEDUCTO DEL CORREGIMIENTO DE OCACHE PARTE BAJA,OCACHE,PARCIAL,POR VALIDAR,186,,MEDIA,UESVALLE [ACU-VIJES-354]: VERIFICACIÓN: PRESENTÓ DAÑOS EN LA RED DE DISTRIBUCION YA REPARADOS,,0,0,UESVALLE
DEP-ACU-YOTOCO-499,Centro Tuluá,Yotoco,Rural,ASOCIACION DE USUARIOS DE LOS ACUEDUCTOS EL JARDIN - CALIMITA - CALIMITA,CALIMITA,PARCIAL,MAL ESTADO,100,520,MEDIA,"VALLECAUCANA [VAL-0071]: LA INFRAESTRUCTURA DE SERVICIOS PÚBLICOS EN EL MUNICIPIO DE YOTOCO SUFRIÓ AFECTACIONES ESTRUCTURALES. EN EL SECTOR CORRESPONDIENTE AL ACUEDUCTO EL JARDÍN – CALIMITA, ZONA RURAL DEL MUNICIPIO. LAS CARGAS DINÁMICAS Y EL DESPLAZAMIENTO DE ESTRATOS DE SUELO GENERARON LA RUPTURA DE LA RED DE DISTRIBUCIÓN Y DAÑOS EN MÚLTIPLES ACOMETIDAS DOMICILIARIAS.","VALLECAUCANA [VAL-0071]: UNIONES DE REPARACIÓN DESLIZANTES (2"" Y 3""): PERMITEN REPARAR TUBERÍAS DE GRAN DIÁMETRO BAJO TIERRA EN ESPACIOS REDUCIDOS, DESLIZÁNDOSE SOBRE EL TUBO DAÑADO PARA SELLAR LA FALLA SIN REQUERIR GRANDES EXCAVACIONES.

TUBERÍA Y UNIONES DE 1"" Y 3/4"": REPOSICIÓN DE LOS TRAMOS SECUNDARIOS COLAPSADOS PARA RESTABLECER EL FLUJO HACIA LOS RAMALES DOMICILIARIOS.

KITS DE 1/2"" (TUBOS, CODOS, UNIONES LISAS, MACHO Y HEMBRA): RECONSTRUCCIÓN INTEGRAL DE ACOMETIDAS Y EMPALMES A ROSCA O PRESIÓN EN LOS PREDIOS AFECTADOS.

PEGANTE, LIMPIADOR (3/8) Y HOJAS DE SEGUETA: INSUMOS PARA EL ACONDICIONAMIENTO, CORTE PRECISO Y SOLDADURA QUÍMICA DE LA TUBERÍA PVC, ASEGURANDO ESTANQUEIDAD EN TODAS LAS UNIONES.",65000000,0,UESVALLE | VALLECAUCANA
DEP-ACU-YOTOCO-2787,Centro Tuluá,Yotoco,Rural,ASOCIACION DE USUARIOS DEL SISTEMA DE SUMINISTRO DE AGUA RURAL COMUNITARIA - PROAGUAS DE MUÑECOS,MUÑECOS,PARCIAL,MAL ESTADO,348,312,ALTA,"Validación telefónica 04/09/2026: presentó daños severos en la conducción de 4 pulgadas, redes de 2 y 1 pulgada y acometidas. El servicio se encuentra operando parcialmente y continúa suministrando agua a la comunidad.","VALLECAUCANA [VAL-0072]: · TUBERÍA Y ACCESORIOS DE 4"": RESTABLECIMIENTO DE LA CONDUCCIÓN PRINCIPAL O LÍNEA DE DESAGÜE GOLPEADA POR EL SISMO.

· TUBERÍA, UNIONES, ADAPTADORES Y ACOPLES RÁPIDOS DE 2"": RECONSTRUCCIÓN DEL TRAMO MATRIZ COLAPSADO. LOS ACOPLES RÁPIDOS PERMITEN HACER REPARACIONES DE EMERGENCIA SIN NECESIDAD DE SOLDAR EN ZONAS CON PRESENCIA DE HUMEDAD O FLUJO RESIDUAL.

· LLAVES DE PASO (1"" Y 2""): REPOSICIÓN DE LOS ELEMENTOS DE MANIOBRA PARA RECUPERAR EL CONTROL HIDRÁULICO Y LA CAPACIDAD DE SECCIONAMIENTO EN EL ACUEDUCTO.

· KITS DE 1"" Y 1/2"" (TUBOS Y ACCESORIOS VARIADOS): REPARACIÓN DE RAMALES DE DISTRIBUCIÓN DOMICILIARIA Y RECONSTRUCCIÓN DE ACOMETIDAS EN LAS VIVIENDAS AFECTADAS.

· LIMPIADOR Y PEGANTE PVC (3/8): ACONDICIONAMIENTO QUÍMICO Y SOLDADURA DE ALTA RESISTENCIA PARA GARANTIZAR LA ESTANQUEIDAD DE LAS UNIONES EN TODO EL SISTEMA.",89000000,0,UESVALLE | VALLECAUCANA
DEP-VAL-0045,Por validar,Yumbo,RURAL,BRISAS DE MULALO,BRISAS DE MULALO,PARCIAL,MAL ESTADO,,380,MEDIA,VALLECAUCANA [VAL-0045]: ALGIBE COLAPZO DE 30 METROS Y AFECTACION DE BOMBA,VALLECAUCANA [VAL-0045]: CONSTRUIR ALGIBE Y REMPLAZAR BOMBA,561000000,1,VALLECAUCANA
DEP-VAL-0046,Por validar,Yumbo,RURAL,CORREGIMIENTO MANGA VIEJA,CORREGIMIENTO MANGA VIEJA,PARCIAL,MAL ESTADO,,695,MEDIA,"VALLECAUCANA [VAL-0046]:  ROTURA DE LA VÁLVULA DE ACCESO A LOS FILTROS, PERMITIENDO EL INGRESO DE AGUA CON ALTA TURBIEDAD, LO QUE OCASIONÓ LA COLMATACIÓN DE LOS FILTROS DE LA PLANTA DE TRATAMIENTO QUE AFECTO SU ADECUADO FUNCIONAMIENTO, AFECTO ESTRUCTURA","VALLECAUCANA [VAL-0046]:  SE REQUIERE CAMBIO DE VÁLVULA Y  MEDIOS FILTRANTES, RETIRO DE MEDIO FILTRANTE, (MATERIAL PÉTREO) A MÁQUINA, SUMINISTRO DE MEDIOS FILTRANTES, MATERIAL PETREO SELECCIONADO Y ANTRACITA, ARREGLO DE LATERALES Y BASE",275000000,2,VALLECAUCANA
DEP-VAL-0044,Por validar,Yumbo,RURAL,SAN MARCOS,SAN MARCOS,NORMAL,MAL ESTADO,,2150,MEDIA,Validación telefónica 04/09/2026: el sistema se encuentra operando. Se presentaron daños en la bomba del pozo por desprendimiento del filtro; la bomba fue reparada.,Bomba reparada. Se recomienda el cambio del pozo como intervención definitiva para reducir la vulnerabilidad del sistema.,935000000,1,VALLECAUCANA
DEP-ACU-ZARZAL-167,Centro Tuluá,Zarzal,Urbano,ACUAVALLE S.A (ESP),URBANO,NORMAL,POR VALIDAR,40412,,BAJA,"REPORTE_URBANO [ACU-0038]: Daño en red matriz tuberia de Ø14""",REPORTE_URBANO [ACU-0038]: Se requiere la reparación de la tuberia para regular presiones en el sistema calle 11 con cra 6,5000000,2,REPORTE_URBANO | UESVALLE
DEP-ACU-ZARZAL-159,Centro Tuluá,Zarzal,Rural,ACUEDUCTO ACUASALUD VALLEJUELO,VALLEJUELO,PARCIAL,MAL ESTADO,2084,2450,ALTA,"VALLECAUCANA [VAL-0047]: EL TANQUE DE ALMACENAMIENTO PRINCIPAL DE LA CARMELITA SE NOS CAYO UNA CASETA Y FRACTURO EL TANQUE . EN LA PLANTA DE TRATAMIENTO EN COROZAL SE PRESENTARON FISURAS EN LOS TANQUES , EN LA REDES DE DISTRIBUCIÓN ALGUNOS DAÑOS POR EL MOVIMIENTO DE TIERRA.","VALLECAUCANA [VAL-0047]: EVALUACION DE LOS TANQUES DE ALMACENAMIENTO, REVESTIMIENTO, REPARACION DE LOZAS, CONSTRUCION DE CASETA DE CLORACION, REVISAR LINEAS DE CONDUCION DE REDES DE DISTRIBUCION  DE 500 METROS",275000000,2,UESVALLE | VALLECAUCANA
